Case_ID,Jurisdiction,Case_Year,Case_Type,Outcome,Cross_Jurisdictional,Finance,Customer,Internal_Process,Learning_and_Growth,Industry_Scale_and_Influence,Local_Development_Foundation,Market_Potential,Team_Source_Contribution,Customer_Satisfaction,Customer_Complaint_Number,Team_Collaboration,Business_Performance_Assessment,Public_Culture_Activities,Training_Record,Papers_and_Publications,Globalized_Individuals,Institutional_Size,High_Quality_Law_Firms,Global_Legal_Connections,Local_Economic_Development,Population_Size,Talent_Reserve_Pool,Service_Sector_Level,Article_Prediction,Cause_Prediction,Penalty_Prediction,Case_Analysis,Financial_Calculation,Liability_Score,Cross_Border_Compliance
FLC-2023-0000,Region B,2022,Civil,Settlement,True,727023.55,6.7,6.0,5.7,8.3,3.4,8.3,9.7,6.7,1,5.1,5.9,1.8,6,4,3,24.2,True,9,5.2,528035,6.8,7.3,Art. 45 Civil Code,Breach of Contract,36053.66,Assess plaintiff claims -> Review evidence -> Determine outcome,353459.63,0.49,0.96
FLC-2024-0001,Region D,2017,Civil,Settlement,True,350061.12,8.2,8.1,7.3,5.1,9.6,7.4,6.9,8.2,1,6.9,5.5,6.8,7,3,4,170.0,True,2,9.5,461337,8.3,6.6,Art. 45 Civil Code,Breach of Contract,7264.69,Review charges -> Evaluate evidence -> Determine verdict,152995.09,0.44,0.96
FLC-2025-0002,Region E,2019,Civil,Settlement,True,7119250.72,4.7,7.5,9.8,8.0,4.9,5.8,5.8,4.7,0,2.7,9.9,7.7,8,2,2,147.2,True,2,9.0,13666,5.4,6.8,Art. 45 Civil Code,Breach of Contract,182869.69,Analyze treaty -> Evaluate cross-border compliance -> Recommend settlement,4409407.41,0.62,0.92
FLC-2023-0003,Region D,2017,Criminal,Settlement,False,90826.45,6.3,7.5,6.4,7.8,5.7,9.8,9.2,6.3,4,4.7,7.8,7.7,7,2,0,147.9,False,9,5.1,969140,6.0,9.5,Art. 12 Penal Code,Fraud,148534.08,Analyze treaty -> Evaluate cross-border compliance -> Recommend settlement,31715.2,0.35,0.71
FLC-2024-0004,Region C,2021,Civil,Settlement,True,6159635.86,6.4,5.7,5.8,9.6,8.7,7.8,9.4,6.4,3,6.0,6.1,4.2,7,3,0,77.2,False,0,6.4,985346,7.1,9.1,Art. 45 Civil Code,Breach of Contract,32799.36,Check applicable law -> Compute damages -> Advise resolution,2448399.27,0.4,0.82
FLC-2025-0005,Region A,2020,Criminal,Win,False,4356702.33,7.3,5.3,7.8,7.0,3.5,5.5,6.2,7.3,1,5.5,8.6,1.5,8,0,2,129.7,False,1,7.1,395070,6.4,9.5,Art. 12 Penal Code,Fraud,12124.38,Check jurisdiction -> Assess contract clauses -> Compute liability,1021570.0,0.23,0.63
FLC-2023-0006,Region C,2015,Commercial,Loss,False,249020.57,6.4,8.4,6.8,8.2,7.4,7.2,5.5,6.4,0,5.9,5.8,5.1,3,3,3,142.0,True,2,8.6,752102,6.1,8.2,Art. 25 CISG,Cross-Border Dispute,137267.39,Review charges -> Evaluate evidence -> Determine verdict,89112.06,0.36,0.53
FLC-2024-0007,Region A,2023,Administrative,Settlement,True,140113.41,4.1,4.7,9.6,9.4,4.8,8.0,9.1,4.1,0,3.1,7.6,2.6,1,3,4,182.1,False,6,6.7,381002,8.5,9.2,Art. 5 Admin Law,Regulatory Violation,284883.59,Check applicable law -> Compute damages -> Advise resolution,91582.83,0.65,0.71
FLC-2025-0008,Region B,2016,International Treaty,Settlement,False,332538.43,4.7,5.0,7.7,8.5,7.6,5.3,8.6,4.7,0,4.3,7.5,1.8,8,2,0,75.5,True,2,8.2,935933,6.2,9.9,Art. 97,Cross-Border Dispute,17680.89,Review charges -> Evaluate evidence -> Determine verdict,234948.13,0.71,0.49
FLC-2023-0009,Region B,2015,Criminal,Win,False,375306.97,5.3,5.2,8.6,6.4,3.2,7.9,5.9,5.3,3,4.8,7.3,2.8,6,2,3,22.8,True,7,6.7,132373,9.8,9.8,Art. 12 Penal Code,Fraud,117746.89,Check jurisdiction -> Assess contract clauses -> Compute liability,220630.72,0.59,0.58
FLC-2024-0010,Region B,2020,Commercial,Win,False,281401.5,4.9,8.2,7.9,5.5,7.3,9.9,5.7,4.9,2,3.0,6.5,3.2,8,0,0,146.4,False,6,6.5,151262,7.1,6.3,Art. 25 CISG,Cross-Border Dispute,89456.95,Assess plaintiff claims -> Review evidence -> Determine outcome,134426.9,0.48,0.6
FLC-2025-0011,Region E,2016,Criminal,Loss,False,264880.66,5.2,4.6,7.9,5.2,6.3,7.3,6.4,5.2,1,4.0,9.3,2.5,6,2,3,78.8,True,7,8.8,4051,9.8,7.3,Art. 12 Penal Code,Fraud,119922.42,Check jurisdiction -> Assess contract clauses -> Compute liability,113025.87,0.43,0.62
FLC-2023-0012,Region D,2024,Criminal,Loss,True,299119.43,0.8,4.5,5.1,9.8,8.9,8.2,7.0,0.8,1,0.6,9.6,4.4,6,0,4,70.4,False,6,8.3,542252,8.1,7.1,Art. 12 Penal Code,Fraud,410232.19,Check applicable law -> Compute damages -> Advise resolution,252397.65,0.84,0.97
FLC-2024-0013,Region A,2019,International Treaty,Loss,True,272061.31,1.5,6.8,5.9,7.2,5.8,7.7,8.2,1.5,1,3.1,6.3,0.2,3,1,0,117.1,True,3,8.1,189751,8.2,5.1,Art. 97,Cross-Border Dispute,357117.03,Assess plaintiff claims -> Review evidence -> Determine outcome,224974.53,0.83,0.47
FLC-2025-0014,Region C,2019,Civil,Win,False,845059.82,9.2,7.8,9.1,8.3,4.4,5.6,6.1,9.2,1,6.7,5.2,6.2,7,0,1,77.4,True,9,8.4,208869,9.1,6.4,Art. 45 Civil Code,Breach of Contract,23730.41,Check applicable law -> Compute damages -> Advise resolution,179667.73,0.21,0.51
FLC-2023-0015,Region D,2019,International Treaty,Win,False,3653943.82,4.5,9.8,7.7,7.1,7.0,7.5,8.7,4.5,3,3.9,6.9,7.8,8,4,3,97.2,False,6,8.8,415568,6.9,7.7,Art. 97,Cross-Border Dispute,295491.88,Analyze treaty -> Evaluate cross-border compliance -> Recommend settlement,2322817.74,0.64,0.33
FLC-2024-0016,Region B,2018,Administrative,Loss,True,37926.56,3.8,7.4,8.2,7.2,5.1,6.0,8.4,3.8,3,2.6,9.7,7.8,7,4,4,109.0,True,6,10.0,890465,7.2,9.4,Art. 5 Admin Law,Regulatory Violation,231955.9,Assess plaintiff claims -> Review evidence -> Determine outcome,22465.68,0.59,0.74
FLC-2025-0017,Region D,2020,International Treaty,Win,False,1183543.6,5.2,4.5,8.5,5.4,8.8,8.2,5.4,5.2,4,3.6,6.2,5.8,1,3,0,190.5,False,8,8.0,518923,6.9,5.4,Art. 97,Cross-Border Dispute,98724.34,Review charges -> Evaluate evidence -> Determine verdict,612424.97,0.52,0.37
FLC-2023-0018,Region D,2024,Criminal,Loss,True,603745.22,0.4,8.4,8.8,9.1,8.2,8.1,6.2,0.4,0,0.3,6.9,2.9,8,0,4,193.4,True,4,5.2,356540,10.0,5.4,Art. 12 Penal Code,Fraud,376405.68,Review charges -> Evaluate evidence -> Determine verdict,572070.1,0.95,0.89
FLC-2024-0019,Region B,2015,Civil,Win,True,162343.65,6.8,7.8,7.9,9.5,3.3,5.7,9.8,6.8,3,5.8,5.5,3.4,4,1,1,61.3,False,4,9.9,545447,7.3,5.2,Art. 45 Civil Code,Breach of Contract,171702.22,Analyze treaty -> Evaluate cross-border compliance -> Recommend settlement,88860.86,0.55,0.91
FLC-2025-0020,Region E,2023,Civil,Win,False,232042.96,10.0,6.5,9.7,9.3,3.3,4.2,6.9,10.0,0,7.9,7.4,9.9,5,1,0,194.6,False,0,9.2,805449,5.2,5.7,Art. 45 Civil Code,Breach of Contract,11119.31,Check applicable law -> Compute damages -> Advise resolution,9267.54,0.04,0.55
FLC-2023-0021,Region E,2019,Commercial,Loss,True,846523.5,3.0,9.7,9.2,6.2,6.2,4.8,9.8,3.0,4,2.6,6.0,8.8,8,1,3,68.4,False,6,8.4,190089,7.4,9.2,Art. 25 CISG,Cross-Border Dispute,296611.03,Check jurisdiction -> Assess contract clauses -> Compute liability,621556.23,0.73,0.89
FLC-2024-0022,Region D,2016,Commercial,Loss,True,1129259.34,4.9,8.8,9.5,8.1,9.9,7.6,8.2,4.9,2,1.3,5.5,7.3,9,0,3,73.6,True,9,9.3,248940,9.0,7.3,Art. 25 CISG,Cross-Border Dispute,153616.58,Assess plaintiff claims -> Review evidence -> Determine outcome,726189.85,0.64,0.74
FLC-2025-0023,Region B,2017,Civil,Win,False,229788.53,6.0,7.2,7.3,7.9,5.8,8.2,5.9,6.0,3,6.0,6.7,9.0,3,2,4,195.2,True,9,6.1,58108,5.8,6.4,Art. 45 Civil Code,Breach of Contract,112554.61,Review charges -> Evaluate evidence -> Determine verdict,56544.92,0.25,0.76
FLC-2023-0024,Region C,2023,Commercial,Settlement,True,397507.72,2.8,6.9,8.4,7.6,4.1,6.3,5.0,2.8,3,4.2,9.0,7.5,4,1,3,86.4,True,7,8.6,368257,5.2,6.3,Art. 25 CISG,Cross-Border Dispute,169273.26,Analyze treaty -> Evaluate cross-border compliance -> Recommend settlement,237103.72,0.6,0.64
FLC-2024-0025,Region C,2024,International Treaty,Loss,True,458292.8,3.5,6.1,7.0,5.5,8.2,5.1,7.8,3.5,0,3.9,6.1,3.3,9,0,4,126.8,False,3,6.8,607440,7.5,5.4,Art. 97,Cross-Border Dispute,10736.28,Review charges -> Evaluate evidence -> Determine verdict,438886.71,0.96,0.63
FLC-2025-0026,Region B,2024,Civil,Settlement,False,4753203.66,8.6,7.6,6.2,7.5,5.3,9.6,5.0,8.6,4,6.5,5.8,2.5,4,2,0,34.4,True,2,5.1,791756,9.9,5.6,Art. 45 Civil Code,Breach of Contract,38370.78,Assess plaintiff claims -> Review evidence -> Determine outcome,1432868.78,0.3,0.66
FLC-2023-0027,Region D,2022,International Treaty,Loss,True,226748.79,0.8,8.3,9.1,8.6,6.7,6.9,9.2,0.8,4,1.0,5.9,3.2,3,3,0,152.5,True,0,8.1,242983,5.4,7.5,Art. 97,Cross-Border Dispute,375397.91,Check jurisdiction -> Assess contract clauses -> Compute liability,212922.86,0.94,0.59
FLC-2024-0028,Region D,2016,International Treaty,Loss,True,362956.05,1.8,5.9,9.0,6.3,7.8,8.6,8.0,1.8,2,3.5,6.7,9.3,2,4,2,188.9,True,2,5.3,661775,8.6,5.2,Art. 97,Cross-Border Dispute,132643.37,Analyze treaty -> Evaluate cross-border compliance -> Recommend settlement,343967.21,0.95,0.43
FLC-2025-0029,Region E,2019,International Treaty,Loss,False,63263.3,4.2,8.9,8.3,7.6,5.5,9.3,7.0,4.2,2,4.0,8.1,5.4,1,0,0,181.9,True,6,7.7,915228,9.5,8.1,Art. 97,Cross-Border Dispute,246585.71,Analyze treaty -> Evaluate cross-border compliance -> Recommend settlement,41622.84,0.66,0.45
FLC-2023-0030,Region D,2018,Commercial,Loss,False,100852.44,4.4,10.0,8.8,8.5,8.5,4.9,6.0,4.4,1,4.2,8.8,8.8,1,4,3,102.3,False,3,7.0,757892,7.7,7.4,Art. 25 CISG,Cross-Border Dispute,33146.87,Assess plaintiff claims -> Review evidence -> Determine outcome,51876.01,0.51,0.53
FLC-2024-0031,Region C,2024,Criminal,Loss,True,4285264.6,0.6,5.5,6.7,5.9,9.4,7.5,7.0,0.6,1,0.4,9.7,1.5,8,1,0,66.1,True,7,9.4,696275,7.8,8.5,Art. 12 Penal Code,Fraud,291317.42,Check jurisdiction -> Assess contract clauses -> Compute liability,4034255.77,0.94,0.75
FLC-2025-0032,Region B,2022,International Treaty,Settlement,True,549553.3,0.0,9.0,9.6,5.6,4.7,5.0,5.9,0.0,0,0.0,6.7,3.1,3,4,0,154.0,True,9,9.0,885377,6.7,7.0,Art. 97,Cross-Border Dispute,36087.77,Review charges -> Evaluate evidence -> Determine verdict,518894.64,0.94,0.63
FLC-2023-0033,Region A,2015,Civil,Win,True,2919223.2,2.9,7.5,5.2,9.6,4.7,7.5,5.8,2.9,4,1.0,9.6,3.6,6,1,3,58.3,False,0,5.9,571451,7.3,7.8,Art. 45 Civil Code,Breach of Contract,22214.81,Check jurisdiction -> Assess contract clauses -> Compute liability,1699913.47,0.58,0.91
FLC-2024-0034,Region D,2022,International Treaty,Loss,True,493783.75,0.0,9.4,6.0,6.0,3.3,6.8,7.8,0.0,1,0.0,6.5,7.1,2,1,3,106.6,True,5,8.8,852587,5.9,9.3,Art. 97,Cross-Border Dispute,283713.0,Assess plaintiff claims -> Review evidence -> Determine outcome,493783.75,1.0,0.54
FLC-2025-0035,Region D,2021,Criminal,Settlement,False,88259.69,6.0,9.9,9.2,9.3,5.9,7.3,6.3,6.0,2,3.5,7.5,6.0,9,4,2,179.7,False,7,5.5,35911,9.9,8.0,Art. 12 Penal Code,Fraud,48903.3,Analyze treaty -> Evaluate cross-border compliance -> Recommend settlement,42807.03,0.49,0.65
FLC-2023-0036,Region C,2017,Civil,Settlement,True,81367.71,5.2,7.5,7.1,9.5,8.7,6.1,6.3,5.2,1,4.8,6.8,0.3,4,4,4,93.7,False,8,7.2,139155,6.1,9.9,Art. 45 Civil Code,Breach of Contract,88767.81,Check applicable law -> Compute damages -> Advise resolution,33356.43,0.41,0.92
FLC-2024-0037,Region A,2015,Administrative,Settlement,True,705585.02,4.6,6.9,7.6,8.7,7.9,6.4,6.1,4.6,2,3.8,7.1,1.3,2,4,2,168.1,False,4,9.1,189456,6.4,7.8,Art. 5 Admin Law,Regulatory Violation,216085.41,Check jurisdiction -> Assess contract clauses -> Compute liability,398300.46,0.56,0.83
FLC-2025-0038,Region B,2015,Commercial,Loss,True,1238183.12,3.5,6.5,6.9,7.6,3.3,5.0,8.7,3.5,2,4.5,5.5,7.7,5,2,2,84.0,True,0,8.6,229071,7.8,7.4,Art. 25 CISG,Cross-Border Dispute,210852.79,Analyze treaty -> Evaluate cross-border compliance -> Recommend settlement,925244.41,0.75,0.73
FLC-2023-0039,Region B,2018,Administrative,Settlement,True,1220010.55,2.6,5.0,9.2,9.2,9.7,4.9,8.1,2.6,1,2.8,5.5,0.8,1,0,0,146.9,False,7,7.2,276494,5.4,5.4,Art. 5 Admin Law,Regulatory Violation,158144.76,Check applicable law -> Compute damages -> Advise resolution,792191.63,0.65,0.82
FLC-2024-0040,Region E,2019,Criminal,Settlement,True,1185556.35,4.5,8.2,9.2,6.2,6.4,5.3,9.9,4.5,4,4.3,8.3,0.4,7,0,1,122.2,True,9,6.6,693558,8.5,6.5,Art. 12 Penal Code,Fraud,20381.51,Check applicable law -> Compute damages -> Advise resolution,877967.96,0.74,0.82
FLC-2025-0041,Region B,2024,International Treaty,Loss,True,1601015.15,1.1,7.9,8.3,6.8,6.9,6.9,9.4,1.1,2,0.9,6.7,7.2,7,0,3,162.3,True,8,8.7,639112,9.4,8.1,Art. 97,Cross-Border Dispute,191823.41,Check jurisdiction -> Assess contract clauses -> Compute liability,1434580.79,0.9,0.67
FLC-2023-0042,Region D,2023,Administrative,Loss,False,480356.58,7.3,8.6,7.1,7.1,8.2,5.4,5.6,7.3,1,8.2,6.5,2.3,9,0,4,197.8,True,8,5.5,123744,8.4,6.1,Art. 5 Admin Law,Regulatory Violation,35498.55,Analyze treaty -> Evaluate cross-border compliance -> Recommend settlement,195288.02,0.41,0.55
FLC-2024-0043,Region C,2018,Administrative,Settlement,True,307786.44,6.5,4.4,7.0,9.2,4.6,9.0,5.6,6.5,2,4.5,5.9,2.2,1,1,2,168.7,False,4,5.3,466966,6.1,7.6,Art. 5 Admin Law,Regulatory Violation,87836.21,Check applicable law -> Compute damages -> Advise resolution,179571.13,0.58,0.72
FLC-2025-0044,Region B,2017,Administrative,Loss,False,831882.34,2.8,5.3,6.1,7.7,7.2,7.5,5.5,2.8,0,2.4,7.0,2.7,9,2,0,173.4,False,9,9.0,914447,9.7,8.7,Art. 5 Admin Law,Regulatory Violation,62793.9,Analyze treaty -> Evaluate cross-border compliance -> Recommend settlement,453695.5,0.55,0.61
FLC-2023-0045,Region A,2019,Civil,Loss,True,441082.58,6.0,9.9,5.3,9.4,6.6,9.4,7.9,6.0,1,4.2,7.7,8.6,1,2,3,173.1,True,8,6.7,708116,8.5,8.4,Art. 45 Civil Code,Breach of Contract,123967.29,Assess plaintiff claims -> Review evidence -> Determine outcome,177949.58,0.4,0.81
FLC-2024-0046,Region E,2018,Administrative,Settlement,True,1762350.51,3.5,7.3,8.8,6.3,4.4,4.5,6.6,3.5,0,4.0,8.2,2.6,8,4,2,43.1,True,2,8.8,30257,7.2,9.2,Art. 5 Admin Law,Regulatory Violation,297428.71,Check jurisdiction -> Assess contract clauses -> Compute liability,1171735.73,0.66,0.78
FLC-2025-0047,Region A,2018,Criminal,Settlement,True,195450.87,4.0,4.4,6.5,8.5,3.5,7.5,6.7,4.0,1,3.8,5.4,8.5,4,2,2,127.0,True,6,5.3,962568,6.6,7.4,Art. 12 Penal Code,Fraud,144942.03,Review charges -> Evaluate evidence -> Determine verdict,133191.56,0.68,0.76
FLC-2023-0048,Region E,2018,Civil,Loss,True,919995.09,3.5,9.0,8.9,6.2,3.9,9.2,9.8,3.5,3,1.6,8.7,9.1,5,2,3,91.6,True,8,7.2,793058,7.0,9.5,Art. 45 Civil Code,Breach of Contract,198048.52,Review charges -> Evaluate evidence -> Determine verdict,559363.36,0.61,0.73
FLC-2024-0049,Region E,2022,Civil,Win,False,370370.7,8.8,5.0,6.0,5.5,4.1,6.7,7.7,8.8,2,6.8,9.0,2.9,8,3,1,131.0,False,8,5.0,785838,5.6,8.4,Art. 45 Civil Code,Breach of Contract,63303.28,Review charges -> Evaluate evidence -> Determine verdict,47745.53,0.13,0.63
FLC-2025-0050,Region B,2015,Commercial,Loss,True,113746.64,3.3,4.1,5.4,7.0,6.4,7.6,6.5,3.3,4,1.1,8.8,9.5,9,2,2,38.9,False,0,5.5,446485,5.7,7.5,Art. 25 CISG,Cross-Border Dispute,139362.7,Assess plaintiff claims -> Review evidence -> Determine outcome,76027.14,0.67,0.63
FLC-2023-0051,Region C,2016,Criminal,Settlement,False,778170.6,3.3,7.2,9.4,5.4,8.8,6.1,6.6,3.3,1,2.6,8.4,8.0,2,1,3,38.8,True,2,9.5,216048,9.7,5.3,Art. 12 Penal Code,Fraud,3825.95,Check applicable law -> Compute damages -> Advise resolution,506075.34,0.65,0.69
FLC-2024-0052,Region E,2021,Administrative,Loss,True,2708702.03,4.3,8.0,7.8,8.0,8.5,6.9,5.2,4.3,3,2.9,8.7,0.8,6,3,3,48.7,True,2,6.1,152094,7.4,8.7,Art. 5 Admin Law,Regulatory Violation,169266.42,Check jurisdiction -> Assess contract clauses -> Compute liability,1722172.63,0.64,0.84
FLC-2025-0053,Region A,2024,Commercial,Settlement,True,1314556.6,3.7,6.4,6.1,7.1,4.4,9.0,5.9,3.7,4,1.0,8.6,7.4,4,4,3,152.4,True,3,7.5,377369,9.3,7.9,Art. 25 CISG,Cross-Border Dispute,132693.37,Assess plaintiff claims -> Review evidence -> Determine outcome,895731.44,0.68,0.8
FLC-2023-0054,Region E,2017,Commercial,Settlement,True,2383135.68,3.4,5.7,6.8,6.9,6.3,9.0,6.2,3.4,1,2.6,8.6,9.1,7,1,3,87.1,False,1,5.9,589612,5.3,7.2,Art. 25 CISG,Cross-Border Dispute,210424.42,Check applicable law -> Compute damages -> Advise resolution,1558836.63,0.65,0.81
FLC-2024-0055,Region C,2021,International Treaty,Loss,True,1070525.21,2.7,5.0,7.0,9.8,4.8,7.9,6.6,2.7,3,4.0,5.7,9.7,3,1,4,80.7,True,8,7.2,770299,7.9,9.7,Art. 97,Cross-Border Dispute,434079.69,Review charges -> Evaluate evidence -> Determine verdict,942068.62,0.88,0.52
FLC-2025-0056,Region A,2022,Criminal,Loss,False,210655.69,4.7,8.8,7.9,9.3,4.4,4.7,6.3,4.7,1,4.3,5.6,2.3,1,2,4,188.1,True,4,5.5,851610,5.2,5.7,Art. 12 Penal Code,Fraud,53134.62,Check jurisdiction -> Assess contract clauses -> Compute liability,77844.54,0.37,0.74
FLC-2023-0057,Region B,2020,Commercial,Loss,True,51334.63,3.1,4.8,5.1,6.5,7.9,5.2,8.4,3.1,1,0.0,5.9,7.3,6,4,1,139.1,False,6,9.7,613297,5.1,6.2,Art. 25 CISG,Cross-Border Dispute,210557.69,Assess plaintiff claims -> Review evidence -> Determine outcome,40638.18,0.79,0.73
FLC-2024-0058,Region A,2019,Administrative,Loss,False,531666.2,7.1,7.5,6.7,5.8,7.2,5.9,9.3,7.1,0,6.3,9.4,7.8,9,2,3,137.1,False,5,6.6,485965,7.2,9.5,Art. 5 Admin Law,Regulatory Violation,138013.2,Check jurisdiction -> Assess contract clauses -> Compute liability,168366.44,0.32,0.56
FLC-2025-0059,Region C,2021,Commercial,Settlement,True,509424.36,3.0,4.0,6.6,6.8,5.8,8.2,6.9,3.0,0,3.4,8.0,5.5,3,3,1,125.7,True,7,8.3,454449,8.8,7.5,Art. 25 CISG,Cross-Border Dispute,222319.12,Check jurisdiction -> Assess contract clauses -> Compute liability,338043.69,0.66,0.78
FLC-2023-0060,Region E,2021,Commercial,Loss,True,824388.25,1.8,8.9,8.6,9.8,3.1,5.2,5.0,1.8,4,1.3,9.5,2.4,3,3,4,106.3,False,2,5.5,138084,8.1,7.6,Art. 25 CISG,Cross-Border Dispute,208276.49,Check applicable law -> Compute damages -> Advise resolution,581886.32,0.71,0.71
FLC-2024-0061,Region B,2016,Civil,Settlement,True,86310.34,6.9,6.4,9.9,9.1,6.7,4.7,9.3,6.9,4,6.5,5.9,3.0,1,1,4,66.2,True,3,7.1,537437,9.0,7.8,Art. 45 Civil Code,Breach of Contract,242195.61,Check jurisdiction -> Assess contract clauses -> Compute liability,47664.18,0.55,0.92
FLC-2025-0062,Region B,2023,Commercial,Settlement,True,501432.61,4.0,7.9,5.9,6.8,9.3,8.6,7.8,4.0,2,3.2,8.9,2.7,3,3,3,140.9,True,8,5.5,344715,5.7,7.1,Art. 25 CISG,Cross-Border Dispute,106848.38,Check applicable law -> Compute damages -> Advise resolution,329471.03,0.66,0.71
FLC-2023-0063,Region B,2020,Commercial,Win,True,460741.16,3.4,4.1,8.2,8.0,6.8,5.4,7.0,3.4,4,3.8,5.3,1.4,3,4,1,92.8,True,5,7.2,652176,8.5,10.0,Art. 25 CISG,Cross-Border Dispute,229785.64,Assess plaintiff claims -> Review evidence -> Determine outcome,301916.93,0.66,0.64
FLC-2024-0064,Region D,2023,Civil,Settlement,False,781509.89,6.2,7.7,7.2,9.2,7.7,4.4,8.2,6.2,1,4.4,8.4,2.3,3,1,3,139.1,True,0,10.0,272830,7.3,5.3,Art. 45 Civil Code,Breach of Contract,176472.88,Review charges -> Evaluate evidence -> Determine verdict,283562.78,0.36,0.66
FLC-2025-0065,Region D,2024,Criminal,Loss,True,160370.7,2.0,4.6,7.3,8.8,5.4,8.0,9.0,2.0,4,0.7,5.6,9.7,6,4,3,186.9,True,0,9.2,885884,5.5,6.3,Art. 12 Penal Code,Fraud,81334.92,Analyze treaty -> Evaluate cross-border compliance -> Recommend settlement,137250.49,0.86,0.81
FLC-2023-0066,Region C,2023,Commercial,Settlement,False,676832.32,8.1,4.5,9.7,7.8,5.1,6.4,7.2,8.1,3,6.2,9.4,1.6,6,2,3,173.3,True,9,7.5,886296,5.6,9.1,Art. 25 CISG,Cross-Border Dispute,179414.3,Analyze treaty -> Evaluate cross-border compliance -> Recommend settlement,293451.35,0.43,0.52
FLC-2024-0067,Region D,2018,Civil,Dismissed,False,294247.61,7.3,8.9,6.6,5.1,4.1,5.3,9.8,7.3,1,6.2,8.2,8.2,9,4,0,186.1,True,0,8.0,694045,9.1,6.6,Art. 45 Civil Code,Breach of Contract,30835.08,Check jurisdiction -> Assess contract clauses -> Compute liability,85893.13,0.29,0.67
FLC-2025-0068,Region B,2018,Administrative,Loss,False,198880.83,3.3,6.6,5.5,8.2,4.5,7.7,8.3,3.3,2,2.5,6.9,5.6,2,1,0,30.5,True,1,5.3,907295,6.5,7.2,Art. 5 Admin Law,Regulatory Violation,4493.09,Assess plaintiff claims -> Review evidence -> Determine outcome,66655.86,0.34,0.7
FLC-2023-0069,Region C,2018,Criminal,Win,False,413002.59,6.3,10.0,9.1,8.1,5.1,7.7,7.6,6.3,1,4.1,5.7,8.9,3,2,3,106.7,True,6,8.7,77373,9.8,6.2,Art. 12 Penal Code,Fraud,174400.41,Assess plaintiff claims -> Review evidence -> Determine outcome,177214.19,0.43,0.69
FLC-2024-0070,Region D,2019,Commercial,Win,False,350574.35,8.4,9.0,8.1,6.0,3.5,4.3,6.9,8.4,0,5.7,7.7,4.5,4,4,1,42.9,False,1,6.6,226019,8.3,9.1,Art. 25 CISG,Cross-Border Dispute,145735.64,Review charges -> Evaluate evidence -> Determine verdict,103542.91,0.3,0.54
FLC-2025-0071,Region B,2015,Civil,Settlement,True,789692.76,4.5,8.0,9.7,9.0,3.5,5.7,9.7,4.5,3,3.5,8.9,8.3,7,1,2,101.0,False,0,8.1,8099,7.3,9.4,Art. 45 Civil Code,Breach of Contract,12659.26,Assess plaintiff claims -> Review evidence -> Determine outcome,474755.65,0.6,0.93
FLC-2023-0072,Region C,2018,Civil,Win,False,241750.37,8.7,6.1,8.9,8.3,4.3,5.0,5.5,8.7,1,4.5,5.1,0.8,1,0,0,88.7,False,1,5.1,183051,8.1,8.9,Art. 45 Civil Code,Breach of Contract,61348.33,Assess plaintiff claims -> Review evidence -> Determine outcome,46517.19,0.19,0.81
FLC-2024-0073,Region E,2020,International Treaty,Settlement,True,532728.66,0.0,6.9,9.6,7.6,7.3,4.9,5.2,0.0,0,0.9,9.6,2.2,9,2,3,90.0,True,1,9.7,920965,9.6,8.4,Art. 97,Cross-Border Dispute,127226.13,Check applicable law -> Compute damages -> Advise resolution,503742.24,0.95,0.82
FLC-2025-0074,Region E,2019,Civil,Win,False,321009.23,7.6,9.9,8.7,7.8,4.3,4.3,6.6,7.6,2,6.4,6.3,5.4,2,1,4,143.4,True,3,9.1,569926,7.4,5.8,Art. 45 Civil Code,Breach of Contract,38341.26,Check jurisdiction -> Assess contract clauses -> Compute liability,64118.33,0.2,0.77
FLC-2023-0075,Region E,2020,Administrative,Win,True,84183.6,5.8,7.4,8.4,9.4,7.5,8.6,5.8,5.8,1,5.5,7.8,8.1,5,2,0,70.0,False,2,7.0,96081,8.3,6.6,Art. 5 Admin Law,Regulatory Violation,175318.63,Assess plaintiff claims -> Review evidence -> Determine outcome,42312.78,0.5,0.62
FLC-2024-0076,Region C,2024,Civil,Win,False,945255.93,8.4,8.6,5.2,8.7,4.4,9.7,6.8,8.4,2,7.4,8.8,8.4,6,2,4,42.4,False,3,8.6,900607,6.1,5.7,Art. 45 Civil Code,Breach of Contract,44446.2,Review charges -> Evaluate evidence -> Determine verdict,244243.38,0.26,0.85
FLC-2025-0077,Region B,2017,Administrative,Dismissed,False,48376.66,5.9,4.4,7.9,7.8,6.9,7.6,8.4,5.9,1,3.1,8.0,0.2,3,0,2,30.5,True,9,8.5,176006,9.1,7.6,Art. 5 Admin Law,Regulatory Violation,57706.11,Review charges -> Evaluate evidence -> Determine verdict,12607.05,0.26,0.56
FLC-2023-0078,Region E,2023,Administrative,Loss,True,179061.63,5.1,9.6,8.2,7.1,7.5,8.7,5.6,5.1,3,3.5,6.9,5.7,5,0,3,85.2,False,1,5.8,244306,5.1,9.2,Art. 5 Admin Law,Regulatory Violation,121856.84,Review charges -> Evaluate evidence -> Determine verdict,102009.75,0.57,0.71
FLC-2024-0079,Region C,2024,International Treaty,Loss,True,372782.65,1.2,9.2,9.2,5.9,8.6,6.7,7.4,1.2,1,0.8,5.4,7.3,2,2,0,160.4,True,3,8.8,931997,6.1,5.7,Art. 97,Cross-Border Dispute,206935.95,Assess plaintiff claims -> Review evidence -> Determine outcome,340756.38,0.91,0.42
FLC-2025-0080,Region D,2020,International Treaty,Loss,False,916639.84,4.2,6.6,9.2,6.3,4.1,9.1,5.2,4.2,1,4.2,9.5,1.4,4,1,0,158.9,False,5,9.5,408505,8.7,7.7,Art. 97,Cross-Border Dispute,206939.6,Check applicable law -> Compute damages -> Advise resolution,533999.99,0.58,0.37
FLC-2023-0081,Region A,2019,Criminal,Settlement,False,221314.15,4.4,5.5,8.3,6.0,7.0,6.8,9.9,4.4,3,4.8,6.7,1.1,2,4,3,95.2,False,8,9.3,806878,7.7,9.9,Art. 12 Penal Code,Fraud,167081.26,Analyze treaty -> Evaluate cross-border compliance -> Recommend settlement,136324.9,0.62,0.56
FLC-2024-0082,Region B,2016,International Treaty,Settlement,False,270499.8,5.6,6.9,5.8,9.7,8.9,8.0,7.3,5.6,2,6.7,8.3,5.5,8,3,2,102.7,False,2,8.9,825255,6.7,9.4,Art. 97,Cross-Border Dispute,54677.0,Check jurisdiction -> Assess contract clauses -> Compute liability,124521.1,0.46,0.54
FLC-2025-0083,Region A,2023,Criminal,Loss,True,1132934.38,0.8,7.4,8.8,7.8,6.9,4.6,6.7,0.8,3,0.0,7.7,5.0,6,3,0,91.5,True,2,7.2,227058,6.0,7.6,Art. 12 Penal Code,Fraud,239673.18,Check jurisdiction -> Assess contract clauses -> Compute liability,1085666.91,0.96,0.83
FLC-2023-0084,Region D,2022,International Treaty,Settlement,True,1109288.01,2.7,7.1,7.2,7.8,4.2,7.7,6.8,2.7,2,1.8,6.4,9.8,1,3,0,26.0,True,7,9.5,280215,5.8,7.2,Art. 97,Cross-Border Dispute,314627.54,Check applicable law -> Compute damages -> Advise resolution,924242.79,0.83,0.79
FLC-2024-0085,Region B,2015,Administrative,Win,False,1592819.64,7.9,6.5,9.9,8.3,7.4,5.0,9.4,7.9,2,6.6,5.8,0.1,9,2,0,25.3,True,3,9.5,262501,6.9,9.9,Art. 5 Admin Law,Regulatory Violation,78106.39,Check applicable law -> Compute damages -> Advise resolution,360645.6,0.23,0.62
FLC-2025-0086,Region B,2024,Civil,Loss,True,125651.61,6.7,5.5,5.6,5.4,8.0,6.5,9.5,6.7,2,4.3,7.3,7.5,9,0,4,165.1,True,2,5.2,159588,8.4,6.6,Art. 45 Civil Code,Breach of Contract,168646.98,Check applicable law -> Compute damages -> Advise resolution,50145.57,0.4,0.93
FLC-2023-0087,Region E,2022,International Treaty,Settlement,False,191027.9,4.7,4.4,5.4,6.7,9.1,5.3,6.8,4.7,4,3.5,5.2,3.0,4,3,3,61.9,True,8,8.9,816948,9.5,8.3,Art. 97,Cross-Border Dispute,266815.41,Check jurisdiction -> Assess contract clauses -> Compute liability,105741.25,0.55,0.42
FLC-2024-0088,Region D,2018,Civil,Win,False,302752.25,8.6,4.1,7.1,5.1,9.8,4.8,8.5,8.6,2,5.9,9.1,7.0,4,4,0,74.9,False,6,7.7,341754,9.4,5.6,Art. 45 Civil Code,Breach of Contract,42988.57,Analyze treaty -> Evaluate cross-border compliance -> Recommend settlement,26077.02,0.09,0.57
FLC-2025-0089,Region D,2022,Administrative,Settlement,False,326564.68,6.4,5.7,9.1,5.4,4.6,8.4,8.0,6.4,2,4.8,9.5,8.5,9,4,0,198.0,True,6,7.7,75813,9.0,5.2,Art. 5 Admin Law,Regulatory Violation,131623.56,Review charges -> Evaluate evidence -> Determine verdict,109963.71,0.34,0.78
FLC-2023-0090,Region B,2015,Administrative,Loss,False,474516.73,6.1,4.2,8.5,5.4,9.4,6.8,5.7,6.1,2,5.8,9.5,4.4,8,4,2,100.1,False,8,8.5,554091,8.4,5.7,Art. 5 Admin Law,Regulatory Violation,167518.1,Assess plaintiff claims -> Review evidence -> Determine outcome,197488.09,0.42,0.51
FLC-2024-0091,Region C,2022,International Treaty,Loss,False,730214.91,3.1,7.8,5.4,6.3,5.5,6.8,5.2,3.1,2,0.7,6.4,9.7,1,2,2,100.5,False,3,6.0,925300,7.7,9.3,Art. 97,Cross-Border Dispute,28001.12,Analyze treaty -> Evaluate cross-border compliance -> Recommend settlement,491238.93,0.67,0.33
FLC-2025-0092,Region C,2023,Commercial,Loss,True,272401.66,0.8,6.4,5.4,8.1,3.8,6.1,7.5,0.8,0,0.1,5.1,6.8,3,2,4,187.3,False,0,6.9,533498,7.1,9.5,Art. 25 CISG,Cross-Border Dispute,364826.23,Assess plaintiff claims -> Review evidence -> Determine outcome,211804.43,0.78,0.46
FLC-2023-0093,Region B,2024,International Treaty,Settlement,True,115508.06,1.1,8.3,9.3,5.0,8.0,9.0,5.2,1.1,3,0.4,8.4,1.1,1,3,1,36.6,True,7,8.8,889544,7.0,6.6,Art. 97,Cross-Border Dispute,197218.94,Analyze treaty -> Evaluate cross-border compliance -> Recommend settlement,112874.73,0.98,0.75
FLC-2024-0094,Region D,2017,Criminal,Loss,True,261373.44,1.8,9.5,8.1,9.4,8.1,4.7,9.5,1.8,2,1.7,7.7,1.4,1,0,3,73.1,False,0,5.4,854966,5.2,5.6,Art. 12 Penal Code,Fraud,165854.67,Check jurisdiction -> Assess contract clauses -> Compute liability,248456.84,0.95,0.93
FLC-2025-0095,Region A,2020,International Treaty,Loss,False,1103055.7,6.8,9.1,7.0,5.4,6.8,9.2,8.0,6.8,3,6.7,9.0,8.2,9,2,1,86.6,True,5,8.5,742280,7.6,7.6,Art. 97,Cross-Border Dispute,176846.98,Check applicable law -> Compute damages -> Advise resolution,445701.76,0.4,0.47
FLC-2023-0096,Region A,2015,Administrative,Win,False,692996.7,8.5,4.6,9.2,7.7,8.9,7.5,7.8,8.5,3,4.4,5.8,9.7,8,2,2,193.5,False,3,5.5,532885,5.2,6.9,Art. 5 Admin Law,Regulatory Violation,49470.75,Review charges -> Evaluate evidence -> Determine verdict,136545.67,0.2,0.58
FLC-2024-0097,Region D,2024,Civil,Win,False,618157.9,8.8,6.2,7.4,7.2,10.0,7.3,5.4,8.8,2,6.8,9.8,3.9,6,3,4,47.7,False,0,7.7,533844,8.8,9.2,Art. 45 Civil Code,Breach of Contract,49307.76,Assess plaintiff claims -> Review evidence -> Determine outcome,107633.9,0.17,0.86
FLC-2025-0098,Region B,2021,International Treaty,Loss,True,73053.13,0.9,7.3,5.8,7.9,10.0,4.9,9.1,0.9,3,0.6,7.0,9.9,2,0,1,103.1,False,6,7.0,657667,9.3,8.6,Art. 97,Cross-Border Dispute,194098.17,Check applicable law -> Compute damages -> Advise resolution,61783.42,0.85,0.52
FLC-2023-0099,Region C,2020,Administrative,Loss,True,275931.91,1.7,8.7,5.6,9.0,4.9,9.3,9.7,1.7,0,0.0,9.7,5.1,4,1,3,71.4,False,0,7.8,265598,6.9,7.6,Art. 5 Admin Law,Regulatory Violation,291769.15,Check applicable law -> Compute damages -> Advise resolution,211486.36,0.77,0.96
FLC-2024-0100,Region E,2023,Criminal,Loss,False,6688810.22,4.9,4.4,5.0,8.2,5.1,5.4,6.6,4.9,2,4.4,7.2,5.1,7,1,4,25.5,True,2,8.5,678673,8.2,8.2,Art. 12 Penal Code,Fraud,225393.65,Analyze treaty -> Evaluate cross-border compliance -> Recommend settlement,3163995.5,0.47,0.72
FLC-2025-0101,Region D,2017,Administrative,Loss,True,1966802.42,4.7,10.0,8.4,9.1,5.1,4.1,8.7,4.7,0,5.5,8.2,0.7,8,4,3,138.5,True,0,9.2,339113,5.5,7.0,Art. 5 Admin Law,Regulatory Violation,249225.4,Check jurisdiction -> Assess contract clauses -> Compute liability,1076179.42,0.55,0.9
FLC-2023-0102,Region C,2017,Administrative,Win,True,169426.08,1.2,7.1,6.5,5.4,6.5,8.8,8.5,1.2,3,2.0,5.7,7.1,8,3,1,70.6,False,7,6.5,988767,7.0,9.5,Art. 5 Admin Law,Regulatory Violation,120408.21,Check jurisdiction -> Assess contract clauses -> Compute liability,118175.56,0.7,0.85
FLC-2024-0103,Region C,2019,Criminal,Loss,False,2900620.24,5.9,5.3,7.1,8.8,4.3,8.3,9.3,5.9,1,3.5,7.9,6.2,4,3,1,63.5,False,3,6.5,753462,7.8,7.6,Art. 12 Penal Code,Fraud,69557.65,Assess plaintiff claims -> Review evidence -> Determine outcome,1373584.41,0.47,0.4
FLC-2025-0104,Region D,2023,Administrative,Win,False,655016.67,5.7,8.5,6.6,5.0,6.6,4.3,6.4,5.7,0,3.9,5.3,8.4,9,4,3,153.4,True,8,6.8,557690,7.8,9.3,Art. 5 Admin Law,Regulatory Violation,98073.1,Check jurisdiction -> Assess contract clauses -> Compute liability,163167.04,0.25,0.6
FLC-2023-0105,Region B,2022,International Treaty,Loss,True,293818.52,0.0,9.8,5.4,8.4,6.5,6.3,8.2,0.0,1,0.7,5.7,2.5,5,0,3,43.3,True,3,8.5,862789,6.3,7.4,Art. 97,Cross-Border Dispute,404781.68,Assess plaintiff claims -> Review evidence -> Determine outcome,289661.37,0.99,0.62
FLC-2024-0106,Region B,2017,Civil,Win,True,440864.13,5.7,6.2,5.3,8.8,5.9,8.9,9.3,5.7,0,3.5,8.3,4.7,8,0,3,142.0,True,1,7.0,616175,8.3,8.7,Art. 45 Civil Code,Breach of Contract,131683.34,Analyze treaty -> Evaluate cross-border compliance -> Recommend settlement,177668.07,0.4,1.0
FLC-2025-0107,Region D,2018,Criminal,Loss,True,416006.73,2.5,4.5,5.2,8.3,8.8,8.7,7.7,2.5,4,1.2,8.4,2.4,6,1,0,42.4,True,9,5.2,501098,7.0,7.7,Art. 12 Penal Code,Fraud,269244.13,Analyze treaty -> Evaluate cross-border compliance -> Recommend settlement,377533.43,0.91,0.66
FLC-2023-0108,Region C,2015,Criminal,Settlement,False,409473.56,4.9,7.1,9.9,5.6,3.1,8.6,9.0,4.9,1,6.0,5.9,4.4,5,0,0,153.0,True,6,6.7,676453,7.9,7.8,Art. 12 Penal Code,Fraud,159809.61,Assess plaintiff claims -> Review evidence -> Determine outcome,205351.78,0.5,0.65
FLC-2024-0109,Region C,2022,International Treaty,Loss,True,549254.33,0.8,8.7,8.9,7.3,5.8,5.8,5.3,0.8,0,1.4,9.7,6.0,7,3,1,124.8,True,7,9.7,143980,7.7,8.3,Art. 97,Cross-Border Dispute,291947.82,Analyze treaty -> Evaluate cross-border compliance -> Recommend settlement,526791.01,0.96,0.8
FLC-2025-0110,Region D,2023,Civil,Loss,False,1024801.84,6.6,8.7,7.9,5.7,8.7,7.8,6.9,6.6,3,6.1,8.2,8.1,4,3,0,180.2,False,8,8.4,667393,5.7,5.0,Art. 45 Civil Code,Breach of Contract,196929.3,Review charges -> Evaluate evidence -> Determine verdict,408032.97,0.4,0.63
FLC-2023-0111,Region B,2019,Criminal,Loss,True,1882029.81,1.2,9.8,8.1,9.6,8.3,7.3,5.9,1.2,2,1.2,5.8,4.5,1,0,2,162.8,True,5,5.5,276011,9.8,10.0,Art. 12 Penal Code,Fraud,262612.79,Review charges -> Evaluate evidence -> Determine verdict,1348447.46,0.72,1.0
FLC-2024-0112,Region A,2018,Commercial,Settlement,True,89489.42,1.2,9.0,8.7,6.8,7.9,6.4,9.8,1.2,1,1.1,8.8,1.6,8,3,0,102.5,False,0,5.8,619071,8.8,9.3,Art. 25 CISG,Cross-Border Dispute,209172.91,Review charges -> Evaluate evidence -> Determine verdict,66778.55,0.75,0.9
FLC-2025-0113,Region E,2019,Administrative,Win,False,228209.15,5.3,5.3,6.6,9.2,8.1,4.6,7.1,5.3,0,5.5,7.0,8.9,4,0,2,191.9,False,0,5.2,93764,7.4,8.2,Art. 5 Admin Law,Regulatory Violation,3158.31,Check jurisdiction -> Assess contract clauses -> Compute liability,94426.24,0.41,0.63
FLC-2023-0114,Region D,2015,Administrative,Dismissed,False,406539.75,6.2,5.1,9.6,5.5,6.5,5.3,5.2,6.2,1,3.1,9.8,1.5,8,4,0,191.1,False,4,8.6,397087,7.9,7.6,Art. 5 Admin Law,Regulatory Violation,77799.21,Check jurisdiction -> Assess contract clauses -> Compute liability,94631.14,0.23,0.68
FLC-2024-0115,Region B,2022,Administrative,Loss,True,2213690.37,5.6,6.4,8.8,9.1,9.2,7.3,6.0,5.6,0,4.2,6.5,5.9,9,2,3,73.1,False,2,7.5,999082,5.5,9.1,Art. 5 Admin Law,Regulatory Violation,168270.3,Check applicable law -> Compute damages -> Advise resolution,1149987.96,0.52,0.9
FLC-2025-0116,Region D,2019,International Treaty,Loss,False,230277.87,4.1,6.4,7.7,7.7,7.1,4.4,6.8,4.1,0,2.7,9.9,2.3,6,4,4,98.7,False,2,5.3,863147,9.8,6.1,Art. 97,Cross-Border Dispute,122613.06,Check applicable law -> Compute damages -> Advise resolution,166108.21,0.72,0.41
FLC-2023-0117,Region D,2019,Criminal,Loss,True,421337.9,0.5,8.3,9.1,5.9,5.6,9.4,9.0,0.5,4,1.6,7.7,1.5,7,1,1,23.7,True,1,8.9,140784,6.3,8.1,Art. 12 Penal Code,Fraud,363593.13,Assess plaintiff claims -> Review evidence -> Determine outcome,388362.88,0.92,0.88
FLC-2024-0118,Region A,2023,Administrative,Dismissed,False,47066.94,7.8,5.0,9.9,7.2,4.1,5.1,5.5,7.8,0,6.4,5.6,1.3,9,0,1,165.3,False,8,6.7,693485,8.3,5.8,Art. 5 Admin Law,Regulatory Violation,121006.26,Assess plaintiff claims -> Review evidence -> Determine outcome,12737.27,0.27,0.61
FLC-2025-0119,Region B,2015,Commercial,Loss,True,153382.09,2.0,6.3,5.8,8.9,8.1,6.3,5.1,2.0,3,3.5,5.6,8.0,1,1,4,37.6,False,7,8.5,595821,7.7,9.8,Art. 25 CISG,Cross-Border Dispute,306574.54,Check applicable law -> Compute damages -> Advise resolution,112148.41,0.73,0.66
FLC-2023-0120,Region E,2024,Commercial,Win,False,445549.29,7.1,8.9,8.4,8.1,5.2,8.9,7.5,7.1,2,6.2,9.3,9.8,3,1,3,141.3,False,0,7.7,151653,7.0,6.0,Art. 25 CISG,Cross-Border Dispute,97650.21,Assess plaintiff claims -> Review evidence -> Determine outcome,148799.15,0.33,0.57
FLC-2024-0121,Region B,2022,Civil,Win,True,261441.32,5.3,8.7,6.4,7.2,7.8,6.0,5.3,5.3,3,4.1,9.9,7.8,7,2,4,38.2,False,7,6.4,577201,9.6,5.1,Art. 45 Civil Code,Breach of Contract,145969.15,Check jurisdiction -> Assess contract clauses -> Compute liability,148402.2,0.57,0.89
FLC-2025-0122,Region D,2018,International Treaty,Loss,True,663254.53,0.1,6.5,6.7,7.0,4.8,5.2,7.4,0.1,1,0.1,6.4,6.6,6,1,2,127.2,False,5,5.3,855568,5.5,8.0,Art. 97,Cross-Border Dispute,373288.27,Check applicable law -> Compute damages -> Advise resolution,594121.15,0.9,0.61
FLC-2023-0123,Region B,2023,Civil,Win,True,646072.0,4.7,7.2,6.2,5.0,4.2,4.7,7.2,4.7,4,4.8,9.7,7.4,5,2,3,146.2,False,8,5.3,194984,5.1,7.9,Art. 45 Civil Code,Breach of Contract,236350.2,Assess plaintiff claims -> Review evidence -> Determine outcome,419855.22,0.65,1.0
FLC-2024-0124,Region C,2020,Criminal,Win,False,318979.4,7.1,4.6,5.0,7.2,3.6,8.5,9.6,7.1,3,5.3,9.3,8.2,9,2,1,199.3,False,0,7.7,92176,6.2,8.6,Art. 12 Penal Code,Fraud,98314.98,Review charges -> Evaluate evidence -> Determine verdict,107701.63,0.34,0.59
FLC-2025-0125,Region E,2022,International Treaty,Settlement,False,673640.91,2.9,6.1,7.1,6.1,7.2,7.6,6.9,2.9,1,1.5,9.4,3.8,4,2,4,161.6,False,2,8.1,884520,6.3,9.9,Art. 97,Cross-Border Dispute,117931.05,Check applicable law -> Compute damages -> Advise resolution,428380.59,0.64,0.46
FLC-2023-0126,Region C,2015,Administrative,Dismissed,False,1175927.82,7.4,9.4,8.3,8.9,6.2,7.8,6.2,7.4,3,5.3,9.2,5.0,2,3,2,188.5,True,1,9.1,631421,8.9,8.0,Art. 5 Admin Law,Regulatory Violation,14439.77,Assess plaintiff claims -> Review evidence -> Determine outcome,264249.24,0.22,0.46
FLC-2024-0127,Region E,2015,Criminal,Settlement,False,1295319.08,3.8,8.6,7.0,8.3,4.8,5.0,5.8,3.8,4,0.6,8.9,9.4,2,2,4,168.8,True,2,5.6,537644,5.0,9.6,Art. 12 Penal Code,Fraud,54733.7,Check jurisdiction -> Assess contract clauses -> Compute liability,699035.78,0.54,0.47
FLC-2025-0128,Region E,2019,Criminal,Loss,False,2869405.23,6.1,6.0,6.8,7.5,9.6,9.3,5.5,6.1,0,4.4,5.4,8.3,7,0,4,141.8,False,0,6.7,746423,8.7,7.2,Art. 12 Penal Code,Fraud,16188.2,Assess plaintiff claims -> Review evidence -> Determine outcome,864935.68,0.3,0.69
FLC-2023-0129,Region C,2021,Criminal,Win,False,781846.94,5.1,6.6,8.7,9.3,6.7,8.7,6.5,5.1,0,4.6,6.7,4.1,3,1,1,134.2,True,2,6.1,780976,6.1,6.6,Art. 12 Penal Code,Fraud,62147.03,Analyze treaty -> Evaluate cross-border compliance -> Recommend settlement,304683.92,0.39,0.64
FLC-2024-0130,Region A,2023,Civil,Loss,True,266095.52,4.4,6.5,7.1,7.7,7.9,8.2,5.9,4.4,1,4.0,6.6,5.5,1,1,4,115.9,True,0,7.5,94500,6.7,5.7,Art. 45 Civil Code,Breach of Contract,126324.04,Assess plaintiff claims -> Review evidence -> Determine outcome,115465.71,0.43,0.81
FLC-2025-0131,Region A,2015,Commercial,Settlement,True,2097065.28,4.9,9.7,8.9,8.1,9.0,8.0,7.0,4.9,4,3.6,8.1,6.9,9,3,0,116.4,True,0,7.3,633405,9.2,7.4,Art. 25 CISG,Cross-Border Dispute,181310.76,Check applicable law -> Compute damages -> Advise resolution,1259116.71,0.6,0.77
FLC-2023-0132,Region D,2022,Commercial,Settlement,False,1324398.87,6.4,4.1,6.4,6.0,3.3,6.9,5.9,6.4,3,4.3,9.2,5.5,1,4,1,87.6,False,5,7.2,482215,9.7,5.2,Art. 25 CISG,Cross-Border Dispute,32953.3,Check applicable law -> Compute damages -> Advise resolution,446894.92,0.34,0.37
FLC-2024-0133,Region A,2018,Civil,Dismissed,False,415183.32,9.5,6.8,8.6,8.3,8.0,4.1,6.1,9.5,0,9.1,6.9,6.3,2,4,0,124.6,True,8,7.9,953164,7.6,6.8,Art. 45 Civil Code,Breach of Contract,26368.75,Check applicable law -> Compute damages -> Advise resolution,51864.48,0.12,0.69
FLC-2025-0134,Region A,2024,Administrative,Settlement,True,1364497.19,4.7,9.4,8.8,8.0,7.6,9.3,7.9,4.7,1,2.6,6.5,4.1,6,2,0,63.5,True,1,7.1,532147,8.6,8.7,Art. 5 Admin Law,Regulatory Violation,53659.08,Review charges -> Evaluate evidence -> Determine verdict,924208.65,0.68,0.72
FLC-2023-0135,Region B,2015,International Treaty,Loss,False,1635540.99,1.8,5.6,8.5,6.3,9.6,7.8,6.6,1.8,4,0.3,9.1,4.6,4,1,4,166.7,True,3,7.3,651102,5.9,5.4,Art. 97,Cross-Border Dispute,237143.8,Check jurisdiction -> Assess contract clauses -> Compute liability,1321088.61,0.81,0.54
FLC-2024-0136,Region D,2022,Administrative,Loss,True,171197.93,2.5,9.1,8.9,7.1,4.4,7.1,8.7,2.5,4,1.7,9.1,8.4,1,4,2,199.8,False,9,5.0,24386,6.2,5.2,Art. 5 Admin Law,Regulatory Violation,354872.54,Review charges -> Evaluate evidence -> Determine verdict,127281.12,0.74,0.75
FLC-2025-0137,Region D,2019,Administrative,Dismissed,False,723273.07,8.0,5.4,5.1,8.8,7.4,8.6,5.2,8.0,2,6.2,5.0,9.4,5,4,4,125.6,False,8,5.3,596484,8.8,7.2,Art. 5 Admin Law,Regulatory Violation,59325.97,Review charges -> Evaluate evidence -> Determine verdict,143447.97,0.2,0.58
FLC-2023-0138,Region A,2017,International Treaty,Loss,True,195159.28,0.0,6.7,7.5,9.3,6.2,9.6,7.5,0.0,2,0.4,9.2,3.6,6,1,2,50.1,True,4,5.3,919074,8.5,8.2,Art. 97,Cross-Border Dispute,328950.0,Review charges -> Evaluate evidence -> Determine verdict,195159.28,1.0,0.65
FLC-2024-0139,Region B,2020,Criminal,Settlement,False,54174.93,7.0,6.7,8.3,9.2,4.2,4.1,8.9,7.0,2,7.3,8.5,8.4,6,3,2,135.0,True,9,7.0,544692,7.9,9.2,Art. 12 Penal Code,Fraud,39223.64,Check jurisdiction -> Assess contract clauses -> Compute liability,23065.06,0.43,0.55
FLC-2025-0140,Region A,2024,International Treaty,Loss,True,231580.91,1.0,4.5,8.0,9.4,9.2,8.0,6.1,1.0,4,2.5,9.9,6.8,5,0,2,56.1,False,4,9.5,309974,8.0,8.1,Art. 97,Cross-Border Dispute,218668.05,Analyze treaty -> Evaluate cross-border compliance -> Recommend settlement,213494.27,0.92,0.56
FLC-2023-0141,Region A,2024,International Treaty,Win,False,942155.1,2.3,9.6,5.4,6.9,3.5,5.3,6.1,2.3,3,0.6,5.3,9.4,4,4,3,195.2,True,8,9.8,186639,5.0,5.8,Art. 97,Cross-Border Dispute,85845.93,Assess plaintiff claims -> Review evidence -> Determine outcome,531934.97,0.56,0.31
FLC-2024-0142,Region B,2024,Commercial,Dismissed,False,761691.32,8.3,8.9,5.7,6.7,9.1,4.9,5.4,8.3,1,5.3,9.1,7.1,5,1,2,20.6,False,6,5.4,479454,9.9,7.0,Art. 25 CISG,Cross-Border Dispute,115191.32,Check jurisdiction -> Assess contract clauses -> Compute liability,211908.34,0.28,0.46
FLC-2025-0143,Region A,2016,International Treaty,Loss,True,162249.08,0.9,8.0,8.9,9.3,5.2,7.2,9.2,0.9,0,0.2,8.8,9.4,5,1,4,153.5,True,5,9.2,325934,5.6,9.0,Art. 97,Cross-Border Dispute,272562.18,Check applicable law -> Compute damages -> Advise resolution,129858.62,0.8,0.7
FLC-2023-0144,Region A,2024,Criminal,Win,False,642730.76,3.1,9.2,7.0,9.9,9.5,8.4,6.4,3.1,3,2.5,5.8,8.5,3,4,1,182.6,True,5,9.8,926767,6.9,8.9,Art. 12 Penal Code,Fraud,37758.83,Analyze treaty -> Evaluate cross-border compliance -> Recommend settlement,275809.58,0.43,0.64
FLC-2024-0145,Region A,2018,Commercial,Settlement,False,1697515.25,6.8,8.0,6.1,6.1,9.1,5.5,6.3,6.8,4,7.1,8.1,6.0,1,3,3,155.0,False,5,6.3,594792,6.8,5.5,Art. 25 CISG,Cross-Border Dispute,133790.11,Check applicable law -> Compute damages -> Advise resolution,627265.14,0.37,0.57
FLC-2025-0146,Region E,2023,Commercial,Settlement,False,1013712.43,5.3,8.2,8.1,8.8,6.6,8.2,9.7,5.3,1,4.2,7.0,8.3,5,4,0,111.9,False,3,8.4,295067,7.5,7.5,Art. 25 CISG,Cross-Border Dispute,91574.37,Assess plaintiff claims -> Review evidence -> Determine outcome,402714.3,0.4,0.43
FLC-2023-0147,Region C,2016,Civil,Win,True,1077320.57,6.8,5.3,6.7,7.3,8.4,9.5,5.9,6.8,2,5.7,5.9,3.8,8,1,2,155.1,False,0,6.1,257505,8.4,7.8,Art. 45 Civil Code,Breach of Contract,4245.53,Check applicable law -> Compute damages -> Advise resolution,314134.51,0.29,1.0
FLC-2024-0148,Region E,2015,Civil,Settlement,True,371177.65,5.6,6.0,6.5,5.2,7.5,7.6,8.3,5.6,3,3.8,9.2,9.5,3,3,3,83.1,True,0,6.4,969761,7.3,8.4,Art. 45 Civil Code,Breach of Contract,227853.85,Review charges -> Evaluate evidence -> Determine verdict,210407.8,0.57,0.91
FLC-2025-0149,Region D,2022,Commercial,Settlement,True,931922.85,6.5,5.9,9.2,5.4,9.9,7.2,9.9,6.5,1,4.9,9.6,0.6,9,3,4,100.4,False,1,5.9,618367,7.4,8.3,Art. 25 CISG,Cross-Border Dispute,237721.17,Analyze treaty -> Evaluate cross-border compliance -> Recommend settlement,460304.79,0.49,0.76
FLC-2023-0150,Region D,2017,Commercial,Loss,True,1009281.25,2.4,5.3,8.3,7.1,5.8,9.3,9.5,2.4,3,2.4,6.6,6.9,1,0,1,53.2,False,9,8.0,423739,9.2,5.6,Art. 25 CISG,Cross-Border Dispute,38171.03,Review charges -> Evaluate evidence -> Determine verdict,788854.92,0.78,0.79
FLC-2024-0151,Region C,2018,Administrative,Settlement,False,890032.82,6.7,8.4,8.2,7.9,5.7,6.1,5.2,6.7,3,3.5,8.7,6.6,2,4,3,177.1,False,7,8.3,830378,7.1,7.8,Art. 5 Admin Law,Regulatory Violation,113782.3,Check applicable law -> Compute damages -> Advise resolution,287419.56,0.32,0.77
FLC-2025-0152,Region D,2016,Civil,Loss,True,998659.82,5.5,8.4,5.2,8.3,6.7,4.6,5.9,5.5,2,2.9,8.7,5.6,6,3,1,162.8,False,6,9.8,351164,6.2,5.7,Art. 45 Civil Code,Breach of Contract,65170.85,Assess plaintiff claims -> Review evidence -> Determine outcome,427874.12,0.43,0.83
FLC-2023-0153,Region A,2024,Administrative,Settlement,True,688854.62,5.5,6.2,9.1,9.1,6.3,6.1,6.8,5.5,0,4.6,6.6,2.1,1,0,4,171.4,False,7,9.0,590621,8.8,8.9,Art. 5 Admin Law,Regulatory Violation,59933.04,Check applicable law -> Compute damages -> Advise resolution,309648.69,0.45,0.81
FLC-2024-0154,Region E,2020,Commercial,Settlement,True,185353.45,2.9,5.0,8.3,9.9,6.9,8.3,5.3,2.9,3,3.0,5.6,6.1,3,0,2,83.8,True,3,8.4,636311,5.2,6.6,Art. 25 CISG,Cross-Border Dispute,219252.02,Check applicable law -> Compute damages -> Advise resolution,117521.01,0.63,0.69
FLC-2025-0155,Region A,2020,International Treaty,Loss,False,513482.87,3.0,8.1,8.3,5.4,5.8,5.1,5.8,3.0,3,2.9,9.5,1.6,2,2,2,67.2,True,6,6.1,840431,5.3,7.3,Art. 97,Cross-Border Dispute,188580.15,Check applicable law -> Compute damages -> Advise resolution,354944.18,0.69,0.39
FLC-2023-0156,Region A,2021,Commercial,Loss,False,96999.67,6.7,8.4,9.1,5.7,8.8,7.2,9.2,6.7,3,5.2,6.9,9.2,2,1,0,75.5,True,3,6.1,335199,5.2,6.4,Art. 25 CISG,Cross-Border Dispute,42360.11,Check applicable law -> Compute damages -> Advise resolution,29138.36,0.3,0.45
FLC-2024-0157,Region D,2020,International Treaty,Loss,True,404772.44,0.2,6.6,5.7,6.9,7.3,6.7,8.9,0.2,0,1.5,8.0,6.6,1,1,0,74.8,False,8,5.9,837690,9.4,7.1,Art. 97,Cross-Border Dispute,57585.01,Assess plaintiff claims -> Review evidence -> Determine outcome,360471.77,0.89,0.64
FLC-2025-0158,Region C,2024,Civil,Loss,True,1037521.41,5.3,4.5,7.0,5.5,3.1,8.0,8.0,5.3,1,2.5,5.4,2.3,5,4,4,74.8,True,0,6.2,6695,6.4,5.2,Art. 45 Civil Code,Breach of Contract,145084.61,Analyze treaty -> Evaluate cross-border compliance -> Recommend settlement,518102.25,0.5,0.85
FLC-2023-0159,Region A,2023,Administrative,Loss,True,3207751.86,4.6,8.7,6.5,5.2,7.1,6.4,9.9,4.6,1,4.3,5.3,5.4,8,3,3,93.9,False,0,6.1,738744,6.1,9.1,Art. 5 Admin Law,Regulatory Violation,290645.07,Analyze treaty -> Evaluate cross-border compliance -> Recommend settlement,1873883.99,0.58,0.8
FLC-2024-0160,Region C,2017,Civil,Settlement,True,60751.01,4.8,6.9,8.5,7.8,4.5,5.3,6.5,4.8,3,3.9,7.7,7.3,4,1,1,30.2,False,3,7.9,559866,8.5,6.0,Art. 45 Civil Code,Breach of Contract,96068.5,Check applicable law -> Compute damages -> Advise resolution,26669.55,0.44,0.97
FLC-2025-0161,Region D,2020,Administrative,Win,False,229237.77,7.3,9.3,9.0,5.7,6.8,4.6,5.2,7.3,2,5.1,6.8,6.7,2,4,1,100.0,True,6,5.6,501201,9.0,8.3,Art. 5 Admin Law,Regulatory Violation,34012.28,Analyze treaty -> Evaluate cross-border compliance -> Recommend settlement,38577.69,0.17,0.68
FLC-2023-0162,Region C,2022,Criminal,Loss,True,1267797.32,0.0,7.4,9.3,6.0,9.5,8.1,9.1,0.0,4,0.0,8.9,0.2,2,3,0,180.2,False,0,8.3,678044,8.8,6.3,Art. 12 Penal Code,Fraud,147362.99,Check jurisdiction -> Assess contract clauses -> Compute liability,1042604.61,0.82,0.77
FLC-2024-0163,Region C,2016,International Treaty,Win,False,2588671.81,4.3,8.6,5.0,5.0,5.6,4.9,5.1,4.3,1,2.2,8.5,2.3,8,0,1,65.2,False,5,5.7,172541,5.6,8.5,Art. 97,Cross-Border Dispute,303671.36,Check jurisdiction -> Assess contract clauses -> Compute liability,1786286.73,0.69,0.45
FLC-2025-0164,Region D,2018,International Treaty,Loss,False,638687.24,5.0,6.9,8.9,8.4,8.1,7.0,8.2,5.0,0,4.1,9.8,0.5,5,3,3,121.5,False,7,6.8,282197,5.4,8.0,Art. 97,Cross-Border Dispute,86703.73,Analyze treaty -> Evaluate cross-border compliance -> Recommend settlement,304360.5,0.48,0.3
FLC-2023-0165,Region C,2018,Commercial,Win,False,326557.55,4.3,8.4,8.9,10.0,7.2,5.8,9.2,4.3,3,3.2,9.7,3.0,5,3,4,134.1,True,6,5.1,79533,8.4,9.5,Art. 25 CISG,Cross-Border Dispute,169718.14,Check applicable law -> Compute damages -> Advise resolution,151143.31,0.46,0.48
FLC-2024-0166,Region D,2021,Criminal,Loss,False,541603.28,6.0,8.4,8.9,5.6,3.0,8.3,6.8,6.0,2,2.8,5.7,0.9,8,4,2,168.2,True,4,7.6,410925,9.1,6.9,Art. 12 Penal Code,Fraud,79860.23,Analyze treaty -> Evaluate cross-border compliance -> Recommend settlement,257738.02,0.48,0.59
FLC-2025-0167,Region B,2021,Administrative,Win,False,437402.71,6.4,9.9,7.2,7.7,9.1,10.0,7.9,6.4,0,5.1,6.6,4.8,1,0,1,141.1,False,5,8.0,317527,5.7,8.2,Art. 5 Admin Law,Regulatory Violation,5019.85,Check applicable law -> Compute damages -> Advise resolution,107590.0,0.25,0.47
FLC-2023-0168,Region D,2020,Criminal,Settlement,False,549423.58,7.1,4.6,8.9,8.4,8.4,5.8,7.5,7.1,4,6.2,9.2,2.0,4,1,1,39.4,True,9,6.5,57396,7.7,5.4,Art. 12 Penal Code,Fraud,109986.9,Check jurisdiction -> Assess contract clauses -> Compute liability,218354.52,0.4,0.71
FLC-2024-0169,Region D,2020,Administrative,Settlement,True,635178.32,3.5,7.1,6.4,7.0,7.2,7.9,5.8,3.5,2,1.5,9.0,5.8,6,2,4,199.4,True,9,8.9,622195,6.8,9.6,Art. 5 Admin Law,Regulatory Violation,28887.83,Analyze treaty -> Evaluate cross-border compliance -> Recommend settlement,456089.21,0.72,1.0
FLC-2025-0170,Region E,2020,Administrative,Settlement,False,158519.17,7.4,7.3,9.0,6.6,7.1,6.1,9.1,7.4,4,5.6,6.7,5.1,3,3,0,39.1,False,3,7.0,670774,7.3,9.9,Art. 5 Admin Law,Regulatory Violation,144539.54,Assess plaintiff claims -> Review evidence -> Determine outcome,67053.62,0.42,0.5
FLC-2023-0171,Region D,2021,Civil,Win,False,2170747.36,7.8,7.9,9.8,5.8,6.3,7.6,7.9,7.8,2,4.0,6.7,1.3,5,3,1,26.9,False,3,6.0,927425,6.1,5.2,Art. 45 Civil Code,Breach of Contract,39197.08,Review charges -> Evaluate evidence -> Determine verdict,258134.18,0.12,0.92
FLC-2024-0172,Region A,2023,Administrative,Win,True,204984.57,3.7,6.4,6.5,5.7,4.1,6.6,8.0,3.7,0,3.3,7.6,3.2,7,0,3,56.1,True,5,7.4,904275,9.6,6.8,Art. 5 Admin Law,Regulatory Violation,190472.23,Review charges -> Evaluate evidence -> Determine verdict,117633.9,0.57,0.77
FLC-2025-0173,Region D,2024,Commercial,Loss,True,68886.84,2.8,5.1,8.6,5.2,5.8,7.1,7.9,2.8,4,3.4,5.1,9.0,5,3,2,81.5,True,5,5.4,764638,6.1,7.8,Art. 25 CISG,Cross-Border Dispute,241180.69,Check jurisdiction -> Assess contract clauses -> Compute liability,41571.61,0.6,0.64
FLC-2023-0174,Region C,2024,Civil,Dismissed,False,1454090.32,9.3,6.6,6.0,6.3,6.5,4.4,6.1,9.3,1,9.1,8.9,6.0,7,2,3,94.7,True,2,8.1,320752,5.1,9.1,Art. 45 Civil Code,Breach of Contract,1003.47,Analyze treaty -> Evaluate cross-border compliance -> Recommend settlement,58104.93,0.04,0.68
FLC-2024-0175,Region C,2024,Commercial,Loss,True,340766.85,3.3,4.5,7.2,5.8,4.3,5.2,6.9,3.3,3,2.1,7.0,5.1,3,2,1,46.2,False,3,5.0,751018,5.4,7.9,Art. 25 CISG,Cross-Border Dispute,170081.61,Assess plaintiff claims -> Review evidence -> Determine outcome,255544.12,0.75,0.76
FLC-2025-0176,Region D,2022,Criminal,Loss,True,1218895.67,1.9,5.8,5.4,5.8,3.9,4.7,7.6,1.9,0,3.6,5.8,0.6,6,4,2,28.5,True,1,8.4,837926,8.4,8.2,Art. 12 Penal Code,Fraud,73691.0,Review charges -> Evaluate evidence -> Determine verdict,996689.32,0.82,0.85
FLC-2023-0177,Region D,2023,Criminal,Loss,True,803230.56,1.9,4.6,9.8,8.0,8.1,5.9,7.0,1.9,4,1.5,5.8,0.5,2,1,1,125.8,True,1,6.7,595507,5.4,6.4,Art. 12 Penal Code,Fraud,201621.29,Review charges -> Evaluate evidence -> Determine verdict,618312.38,0.77,0.54
FLC-2024-0178,Region D,2021,International Treaty,Loss,True,1440701.8,1.7,7.7,5.1,6.0,8.7,5.6,8.7,1.7,0,0.8,9.2,8.0,1,4,1,180.2,False,2,7.3,963853,7.0,7.6,Art. 97,Cross-Border Dispute,202574.64,Analyze treaty -> Evaluate cross-border compliance -> Recommend settlement,1206254.46,0.84,0.6
FLC-2025-0179,Region C,2021,Commercial,Win,True,112143.49,3.4,7.5,9.7,6.7,4.7,7.9,6.0,3.4,2,1.5,7.9,2.1,3,2,1,105.1,True,3,8.5,554608,8.7,7.1,Art. 25 CISG,Cross-Border Dispute,23970.79,Check applicable law -> Compute damages -> Advise resolution,67671.14,0.6,0.86
FLC-2023-0180,Region C,2023,Administrative,Win,False,470207.37,7.3,5.1,6.6,7.1,9.4,5.5,5.5,7.3,2,6.5,7.9,9.4,7,4,2,31.0,False,2,8.1,322395,7.0,7.6,Art. 5 Admin Law,Regulatory Violation,57813.65,Review charges -> Evaluate evidence -> Determine verdict,74904.05,0.16,0.58
FLC-2024-0181,Region B,2017,Commercial,Win,False,340658.99,7.0,8.9,8.1,6.5,4.8,6.0,5.8,7.0,3,5.8,9.0,3.8,9,4,4,125.8,False,9,5.3,138263,5.9,8.6,Art. 25 CISG,Cross-Border Dispute,177647.03,Assess plaintiff claims -> Review evidence -> Determine outcome,134964.32,0.4,0.5
FLC-2025-0182,Region D,2022,Administrative,Settlement,True,934439.46,3.1,8.0,9.0,9.7,3.1,4.9,9.4,3.1,4,3.7,7.8,6.6,2,4,4,23.4,False,9,6.0,497232,9.4,5.2,Art. 5 Admin Law,Regulatory Violation,210105.27,Analyze treaty -> Evaluate cross-border compliance -> Recommend settlement,649314.59,0.69,0.77
FLC-2023-0183,Region D,2018,Commercial,Settlement,False,85779.78,4.8,7.0,8.4,6.2,8.3,8.6,6.6,4.8,3,3.2,6.0,9.8,7,4,4,74.6,False,2,9.4,18118,8.5,9.8,Art. 25 CISG,Cross-Border Dispute,2274.31,Check jurisdiction -> Assess contract clauses -> Compute liability,37195.36,0.43,0.48
FLC-2024-0184,Region D,2024,International Treaty,Loss,True,165081.77,2.2,4.9,6.0,6.6,7.5,6.4,5.0,2.2,0,0.4,6.9,7.5,7,2,0,138.4,False,3,6.9,556474,8.9,9.5,Art. 97,Cross-Border Dispute,355354.58,Review charges -> Evaluate evidence -> Determine verdict,143882.71,0.87,0.72
FLC-2025-0185,Region B,2015,Criminal,Settlement,False,628744.28,4.4,5.8,9.3,9.3,8.4,4.9,8.5,4.4,4,2.7,6.6,0.5,8,2,1,63.8,False,1,5.3,538674,9.3,5.7,Art. 12 Penal Code,Fraud,206744.19,Analyze treaty -> Evaluate cross-border compliance -> Recommend settlement,364786.8,0.58,0.54
FLC-2023-0186,Region C,2015,Criminal,Loss,True,388909.06,2.4,7.6,5.4,8.2,7.4,7.8,6.5,2.4,2,2.8,9.8,2.2,7,3,0,167.7,False,9,7.7,992921,7.0,7.9,Art. 12 Penal Code,Fraud,15423.54,Check jurisdiction -> Assess contract clauses -> Compute liability,324375.6,0.83,0.92
FLC-2024-0187,Region A,2015,International Treaty,Win,False,288869.83,3.5,5.8,5.7,8.1,5.1,6.0,5.4,3.5,2,0.4,8.4,6.3,8,2,4,73.7,False,7,9.9,469668,5.7,5.1,Art. 97,Cross-Border Dispute,99419.54,Analyze treaty -> Evaluate cross-border compliance -> Recommend settlement,166687.79,0.58,0.21
FLC-2025-0188,Region B,2021,Administrative,Settlement,True,676080.12,2.6,7.0,7.5,5.7,9.9,5.5,5.4,2.6,0,2.4,8.0,4.2,5,4,4,167.2,False,4,9.1,282209,8.4,5.7,Art. 5 Admin Law,Regulatory Violation,168693.23,Analyze treaty -> Evaluate cross-border compliance -> Recommend settlement,408315.01,0.6,0.66
FLC-2023-0189,Region C,2019,International Treaty,Loss,False,52438.92,3.0,9.5,6.7,5.3,4.4,6.5,6.1,3.0,0,3.5,7.8,5.1,6,1,4,41.7,False,0,8.6,417704,6.2,8.5,Art. 97,Cross-Border Dispute,262874.46,Analyze treaty -> Evaluate cross-border compliance -> Recommend settlement,32524.33,0.62,0.45
FLC-2024-0190,Region D,2020,Commercial,Win,False,152533.82,6.6,4.6,6.2,8.8,4.9,7.7,5.4,6.6,4,4.3,8.7,6.9,1,1,2,25.7,True,1,7.3,305962,9.0,6.6,Art. 25 CISG,Cross-Border Dispute,23978.3,Check jurisdiction -> Assess contract clauses -> Compute liability,48899.03,0.32,0.51
FLC-2025-0191,Region C,2016,Criminal,Settlement,False,960600.81,7.0,4.6,8.5,6.7,3.0,6.4,6.2,7.0,2,5.9,5.1,9.0,6,0,0,44.7,True,6,5.9,557862,5.3,6.1,Art. 12 Penal Code,Fraud,137150.73,Review charges -> Evaluate evidence -> Determine verdict,317046.54,0.33,0.65
FLC-2023-0192,Region E,2024,Administrative,Win,True,180093.74,7.7,5.8,6.6,5.8,8.5,4.7,8.2,7.7,2,5.7,6.6,0.2,2,4,0,167.8,True,5,5.4,541850,7.4,8.7,Art. 5 Admin Law,Regulatory Violation,95704.59,Assess plaintiff claims -> Review evidence -> Determine outcome,71984.39,0.4,0.83
FLC-2024-0193,Region D,2018,Commercial,Settlement,False,1161396.35,4.7,9.6,9.5,9.1,9.2,5.2,6.4,4.7,1,3.7,6.9,3.9,7,2,1,50.2,False,0,7.5,232237,8.3,7.1,Art. 25 CISG,Cross-Border Dispute,22063.82,Review charges -> Evaluate evidence -> Determine verdict,443305.75,0.38,0.39
FLC-2025-0194,Region E,2021,Criminal,Loss,False,200311.93,4.2,5.6,9.8,8.7,7.9,9.1,5.6,4.2,4,2.8,5.7,7.6,1,4,1,158.2,False,2,6.0,108041,7.3,7.7,Art. 12 Penal Code,Fraud,256732.17,Check jurisdiction -> Assess contract clauses -> Compute liability,106947.63,0.53,0.73
FLC-2023-0195,Region D,2018,International Treaty,Settlement,True,254310.76,0.8,7.8,6.8,5.7,7.2,8.9,6.9,0.8,0,0.8,7.1,9.7,3,3,0,114.7,False,0,6.0,502946,9.0,5.9,Art. 97,Cross-Border Dispute,331807.0,Check jurisdiction -> Assess contract clauses -> Compute liability,247173.57,0.97,0.65
FLC-2024-0196,Region A,2022,Administrative,Settlement,True,1616967.54,5.0,4.9,6.5,5.4,9.4,4.0,7.4,5.0,0,2.6,6.7,1.1,2,1,2,63.2,True,1,9.4,164991,5.4,9.4,Art. 5 Admin Law,Regulatory Violation,78566.34,Analyze treaty -> Evaluate cross-border compliance -> Recommend settlement,791156.86,0.49,0.76
FLC-2025-0197,Region B,2018,Administrative,Loss,True,799186.2,3.6,9.7,8.7,8.0,9.2,4.3,6.3,3.6,3,3.3,6.1,7.4,4,1,0,144.5,True,0,7.2,150172,6.0,9.6,Art. 5 Admin Law,Regulatory Violation,103864.21,Check jurisdiction -> Assess contract clauses -> Compute liability,405382.06,0.51,0.91
FLC-2023-0198,Region D,2022,Administrative,Loss,False,72345.06,5.9,8.8,9.7,8.1,8.2,8.8,9.2,5.9,0,5.6,5.3,4.0,8,4,3,131.5,True,3,5.9,438480,6.1,5.6,Art. 5 Admin Law,Regulatory Violation,162035.94,Review charges -> Evaluate evidence -> Determine verdict,25198.24,0.35,0.42
FLC-2024-0199,Region E,2018,Administrative,Settlement,True,853924.86,4.3,8.3,9.8,7.1,6.3,9.4,7.6,4.3,4,3.2,8.1,6.8,5,3,3,29.7,False,9,9.9,714806,6.7,6.9,Art. 5 Admin Law,Regulatory Violation,276228.08,Check applicable law -> Compute damages -> Advise resolution,478130.49,0.56,1.0
FLC-2025-0200,Region B,2020,Commercial,Settlement,True,671454.53,3.6,7.0,5.9,5.5,8.9,7.7,6.6,3.6,2,2.6,6.7,8.7,5,2,4,52.7,False,2,5.8,263678,8.9,5.6,Art. 25 CISG,Cross-Border Dispute,149070.94,Assess plaintiff claims -> Review evidence -> Determine outcome,427483.29,0.64,0.89
FLC-2023-0201,Region C,2020,Criminal,Loss,False,1321581.64,7.1,9.1,8.3,7.2,9.7,8.3,9.7,7.1,3,5.8,5.5,5.3,1,0,2,74.5,False,2,7.4,780110,8.0,5.8,Art. 12 Penal Code,Fraud,14957.77,Check jurisdiction -> Assess contract clauses -> Compute liability,603692.71,0.46,0.53
FLC-2024-0202,Region A,2023,Administrative,Win,False,1901255.99,8.6,7.6,7.4,7.6,5.3,7.1,6.0,8.6,3,5.6,6.3,7.7,6,1,4,164.9,False,1,5.3,405499,9.6,7.5,Art. 5 Admin Law,Regulatory Violation,7378.1,Analyze treaty -> Evaluate cross-border compliance -> Recommend settlement,285911.04,0.15,0.61
FLC-2025-0203,Region C,2021,Criminal,Loss,True,646643.43,0.8,4.2,5.2,8.1,3.4,5.9,8.4,0.8,4,0.1,7.6,6.1,7,0,2,160.9,True,8,7.3,895923,6.2,6.0,Art. 12 Penal Code,Fraud,61545.99,Check jurisdiction -> Assess contract clauses -> Compute liability,593827.35,0.92,0.71
FLC-2023-0204,Region E,2015,International Treaty,Loss,True,2138017.33,0.3,6.4,8.1,9.3,5.4,7.9,6.8,0.3,4,1.4,9.4,2.3,7,3,0,193.9,True,9,7.8,112776,8.0,8.5,Art. 97,Cross-Border Dispute,278477.7,Check jurisdiction -> Assess contract clauses -> Compute liability,1930371.12,0.9,0.61
FLC-2024-0205,Region B,2020,Criminal,Settlement,True,357689.79,0.0,5.0,5.5,7.1,3.8,5.0,7.7,0.0,1,0.0,7.7,2.5,3,1,2,38.4,True,1,5.1,267907,7.7,9.3,Art. 12 Penal Code,Fraud,129717.25,Assess plaintiff claims -> Review evidence -> Determine outcome,316992.69,0.89,0.66
FLC-2025-0206,Region C,2019,Criminal,Loss,True,1285577.81,2.2,5.2,8.6,6.4,5.2,9.1,7.4,2.2,3,2.6,8.4,3.0,4,4,0,57.6,True,9,9.7,643710,6.6,7.3,Art. 12 Penal Code,Fraud,45018.93,Review charges -> Evaluate evidence -> Determine verdict,987077.81,0.77,0.77
FLC-2023-0207,Region C,2019,Civil,Settlement,True,831477.13,6.0,5.9,5.0,6.9,5.1,4.2,7.5,6.0,4,4.1,9.6,3.9,8,2,4,195.9,True,1,8.8,740945,7.4,9.1,Art. 45 Civil Code,Breach of Contract,142835.81,Check jurisdiction -> Assess contract clauses -> Compute liability,383448.41,0.46,0.87
FLC-2024-0208,Region C,2023,Commercial,Loss,True,377388.51,4.5,5.4,6.6,7.0,4.7,5.2,9.8,4.5,1,4.2,5.2,3.4,7,3,1,164.3,True,2,8.2,698652,5.9,9.7,Art. 25 CISG,Cross-Border Dispute,41196.97,Analyze treaty -> Evaluate cross-border compliance -> Recommend settlement,230476.65,0.61,0.58
FLC-2025-0209,Region D,2016,Administrative,Win,True,541199.91,4.1,8.5,6.1,5.3,5.1,6.8,5.8,4.1,1,4.7,5.6,9.5,8,2,1,141.3,False,9,8.0,810253,9.0,5.4,Art. 5 Admin Law,Regulatory Violation,217690.63,Check jurisdiction -> Assess contract clauses -> Compute liability,288121.78,0.53,0.69
FLC-2023-0210,Region E,2022,Commercial,Win,True,835809.07,4.6,5.9,7.6,9.3,6.3,6.2,7.7,4.6,4,3.9,9.3,4.6,4,2,0,35.0,True,8,10.0,432739,5.3,7.7,Art. 25 CISG,Cross-Border Dispute,267032.97,Check applicable law -> Compute damages -> Advise resolution,449369.96,0.54,0.71
FLC-2024-0211,Region C,2021,International Treaty,Loss,True,308449.23,0.5,9.8,7.6,6.5,6.3,9.1,6.5,0.5,1,0.0,5.9,5.1,4,3,2,104.9,False,6,5.0,456796,6.7,9.7,Art. 97,Cross-Border Dispute,337962.33,Review charges -> Evaluate evidence -> Determine verdict,308145.91,1.0,0.58
FLC-2025-0212,Region D,2019,Civil,Settlement,True,117103.67,6.0,4.5,5.2,5.1,4.3,6.5,9.7,6.0,2,3.9,5.1,7.8,1,4,0,122.3,False,0,9.9,606803,6.9,9.4,Art. 45 Civil Code,Breach of Contract,178148.86,Check applicable law -> Compute damages -> Advise resolution,57835.3,0.49,0.89
FLC-2023-0213,Region A,2021,Civil,Dismissed,False,1181528.48,9.0,4.3,7.7,9.5,4.8,6.8,6.6,9.0,0,7.4,6.4,4.0,1,4,2,167.7,True,2,5.4,962858,8.7,6.8,Art. 45 Civil Code,Breach of Contract,28774.69,Check applicable law -> Compute damages -> Advise resolution,200131.33,0.17,0.77
FLC-2024-0214,Region B,2017,International Treaty,Loss,True,2740063.0,0.6,9.7,5.5,5.8,9.7,7.2,5.1,0.6,1,1.6,7.2,6.9,1,4,1,71.8,False,6,7.7,549387,5.5,5.3,Art. 97,Cross-Border Dispute,287678.99,Check jurisdiction -> Assess contract clauses -> Compute liability,2400870.4,0.88,0.45
FLC-2025-0215,Region E,2016,International Treaty,Win,False,244993.47,4.0,6.2,8.9,5.9,5.7,6.1,7.2,4.0,3,2.9,7.4,7.9,6,2,2,80.8,False,3,6.2,77208,8.8,6.2,Art. 97,Cross-Border Dispute,130962.26,Check applicable law -> Compute damages -> Advise resolution,134315.56,0.55,0.37
FLC-2023-0216,Region A,2016,International Treaty,Loss,False,328696.81,3.0,9.2,7.9,8.6,5.6,4.6,7.3,3.0,0,3.4,9.3,2.4,3,2,1,64.6,True,3,9.2,343424,9.4,5.8,Art. 97,Cross-Border Dispute,128263.63,Check jurisdiction -> Assess contract clauses -> Compute liability,186152.62,0.57,0.41
FLC-2024-0217,Region C,2022,Administrative,Settlement,True,1628929.23,4.2,4.8,8.7,5.2,9.6,8.3,5.0,4.2,3,3.0,9.9,4.1,1,3,0,148.9,False,6,7.5,852617,5.3,8.0,Art. 5 Admin Law,Regulatory Violation,114611.28,Check applicable law -> Compute damages -> Advise resolution,888810.1,0.55,0.72
FLC-2025-0218,Region D,2017,Administrative,Loss,True,194019.98,4.5,4.4,7.4,6.1,4.8,9.3,5.4,4.5,0,3.2,6.4,7.6,9,2,4,86.0,False,7,9.3,17535,9.8,9.0,Art. 5 Admin Law,Regulatory Violation,233718.96,Assess plaintiff claims -> Review evidence -> Determine outcome,129668.6,0.67,0.79
FLC-2023-0219,Region D,2020,Commercial,Dismissed,False,314527.07,8.7,8.1,6.6,5.3,7.9,4.1,7.0,8.7,3,7.0,5.9,8.7,6,2,2,72.9,True,9,9.9,326188,8.5,9.9,Art. 25 CISG,Cross-Border Dispute,13978.58,Analyze treaty -> Evaluate cross-border compliance -> Recommend settlement,90043.48,0.29,0.41
FLC-2024-0220,Region A,2017,Civil,Win,True,874460.43,6.4,6.8,6.7,7.9,9.2,7.4,8.2,6.4,1,5.6,7.2,0.3,7,4,1,187.3,False,3,6.6,220057,7.2,7.8,Art. 45 Civil Code,Breach of Contract,164083.49,Check applicable law -> Compute damages -> Advise resolution,336344.39,0.38,0.98
FLC-2025-0221,Region E,2020,Criminal,Loss,True,231984.98,1.9,8.8,8.8,5.6,7.5,9.0,7.9,1.9,3,0.7,6.3,8.1,5,1,4,175.9,False,2,6.5,77425,6.3,7.2,Art. 12 Penal Code,Fraud,267461.57,Review charges -> Evaluate evidence -> Determine verdict,176130.48,0.76,0.62
FLC-2023-0222,Region D,2019,Civil,Dismissed,False,535787.47,7.4,4.8,8.7,8.2,5.2,7.7,6.1,7.4,1,4.7,9.5,1.3,5,3,1,194.5,True,9,7.5,647290,8.7,6.4,Art. 45 Civil Code,Breach of Contract,16796.27,Assess plaintiff claims -> Review evidence -> Determine outcome,59283.46,0.11,1.0
FLC-2024-0223,Region A,2024,International Treaty,Settlement,False,1055527.4,5.7,4.4,6.1,7.0,5.4,4.1,5.5,5.7,1,4.4,9.4,5.1,3,3,0,184.1,True,5,7.9,77478,6.8,9.1,Art. 97,Cross-Border Dispute,37799.97,Assess plaintiff claims -> Review evidence -> Determine outcome,485843.19,0.46,0.52
FLC-2025-0224,Region C,2018,Administrative,Loss,True,304692.84,1.5,7.2,5.3,9.9,5.5,6.9,6.8,1.5,4,2.0,8.7,7.0,8,4,2,38.5,False,4,5.7,687126,9.5,7.2,Art. 5 Admin Law,Regulatory Violation,48057.02,Check jurisdiction -> Assess contract clauses -> Compute liability,239133.62,0.78,0.79
FLC-2023-0225,Region E,2020,Commercial,Settlement,True,418263.01,4.8,9.0,9.4,6.2,6.9,5.2,5.5,4.8,2,4.4,8.2,0.2,8,3,1,129.0,True,1,6.7,386007,7.9,8.4,Art. 25 CISG,Cross-Border Dispute,198493.32,Check applicable law -> Compute damages -> Advise resolution,259211.75,0.62,0.69
FLC-2024-0226,Region C,2020,Commercial,Loss,True,1013797.7,2.4,4.3,7.9,9.1,5.3,6.1,8.0,2.4,4,2.5,5.1,7.4,8,4,4,180.8,False,9,6.8,574722,8.5,6.5,Art. 25 CISG,Cross-Border Dispute,383582.43,Analyze treaty -> Evaluate cross-border compliance -> Recommend settlement,803210.13,0.79,0.68
FLC-2025-0227,Region B,2017,Commercial,Settlement,False,389733.09,5.4,7.6,6.6,8.9,3.5,8.0,9.0,5.4,4,3.5,7.5,9.5,4,0,0,76.5,True,0,5.2,341716,7.9,5.8,Art. 25 CISG,Cross-Border Dispute,137866.27,Check jurisdiction -> Assess contract clauses -> Compute liability,180356.97,0.46,0.64
FLC-2023-0228,Region A,2022,Administrative,Win,True,190012.67,1.9,4.9,8.2,6.2,4.1,8.1,8.0,1.9,1,1.9,6.5,4.5,3,4,1,20.4,True,1,6.5,241617,5.3,9.2,Art. 5 Admin Law,Regulatory Violation,257008.84,Analyze treaty -> Evaluate cross-border compliance -> Recommend settlement,124522.69,0.66,0.8
FLC-2024-0229,Region D,2016,International Treaty,Settlement,True,248222.11,2.4,9.4,5.8,9.8,6.2,9.7,8.4,2.4,0,2.2,7.3,0.7,6,3,0,123.4,False,9,7.6,192812,5.7,5.7,Art. 97,Cross-Border Dispute,131824.2,Check applicable law -> Compute damages -> Advise resolution,182063.25,0.73,0.57
FLC-2025-0230,Region C,2021,Criminal,Win,False,140989.48,3.2,4.1,5.5,5.9,6.0,7.1,5.7,3.2,0,4.5,5.8,6.9,1,2,1,143.6,True,2,9.0,411354,6.1,9.3,Art. 12 Penal Code,Fraud,257201.63,Assess plaintiff claims -> Review evidence -> Determine outcome,78131.37,0.55,0.73
FLC-2023-0231,Region E,2019,Civil,Settlement,True,670096.23,3.7,8.6,9.7,9.7,4.2,9.2,8.7,3.7,0,2.9,7.4,8.8,9,4,4,49.3,True,8,6.3,644703,9.0,8.4,Art. 45 Civil Code,Breach of Contract,169599.11,Analyze treaty -> Evaluate cross-border compliance -> Recommend settlement,320718.95,0.48,1.0
FLC-2024-0232,Region D,2018,Civil,Dismissed,False,299623.84,10.0,8.9,10.0,6.1,4.9,8.0,9.8,10.0,4,8.1,5.4,7.7,5,4,4,193.6,False,0,6.5,247301,6.1,8.9,Art. 45 Civil Code,Breach of Contract,4832.79,Check applicable law -> Compute damages -> Advise resolution,4535.24,0.02,0.68
FLC-2025-0233,Region B,2018,Administrative,Win,False,251855.39,7.5,6.5,5.8,9.9,8.7,5.7,5.4,7.5,0,5.2,8.3,7.3,2,1,4,171.7,True,9,5.3,248113,8.7,5.9,Art. 5 Admin Law,Regulatory Violation,42657.83,Assess plaintiff claims -> Review evidence -> Determine outcome,59040.85,0.23,0.52
FLC-2023-0234,Region E,2022,Administrative,Settlement,True,1730778.62,4.8,6.6,9.0,8.0,9.2,6.5,8.0,4.8,1,4.0,7.1,1.4,8,3,3,177.2,False,1,6.7,642404,6.6,7.5,Art. 5 Admin Law,Regulatory Violation,128129.61,Assess plaintiff claims -> Review evidence -> Determine outcome,799826.84,0.46,0.78
FLC-2024-0235,Region D,2016,Commercial,Loss,True,446867.73,1.6,4.0,7.1,8.6,6.1,8.4,6.2,1.6,1,1.0,5.9,3.5,5,4,0,94.8,True,5,8.7,504195,8.3,7.2,Art. 25 CISG,Cross-Border Dispute,4246.3,Analyze treaty -> Evaluate cross-border compliance -> Recommend settlement,377243.28,0.84,0.65
FLC-2025-0236,Region B,2020,Criminal,Settlement,False,104095.91,6.4,5.7,9.3,9.5,3.0,7.6,8.6,6.4,3,5.1,6.0,4.6,6,1,3,133.7,False,5,9.5,903063,6.9,5.5,Art. 12 Penal Code,Fraud,75472.22,Analyze treaty -> Evaluate cross-border compliance -> Recommend settlement,51431.72,0.49,0.45
FLC-2023-0237,Region D,2016,Commercial,Settlement,True,528698.75,3.2,9.1,9.7,9.7,3.9,6.3,5.1,3.2,2,3.3,8.3,2.9,1,2,2,97.4,False,8,5.9,349292,9.8,6.4,Art. 25 CISG,Cross-Border Dispute,56702.32,Check jurisdiction -> Assess contract clauses -> Compute liability,321954.24,0.61,0.91
FLC-2024-0238,Region B,2020,Criminal,Settlement,False,706616.45,4.1,8.4,8.4,6.1,4.7,5.7,7.1,4.1,1,3.2,9.6,3.7,1,2,1,68.4,False,1,8.4,2906,7.0,9.9,Art. 12 Penal Code,Fraud,19315.74,Review charges -> Evaluate evidence -> Determine verdict,351882.51,0.5,0.6
FLC-2025-0239,Region A,2019,Administrative,Loss,True,311805.28,3.5,8.9,7.0,9.7,5.8,8.6,7.4,3.5,4,3.1,8.4,6.9,4,2,3,166.5,False,1,6.0,806589,9.8,5.7,Art. 5 Admin Law,Regulatory Violation,352081.04,Check applicable law -> Compute damages -> Advise resolution,226841.24,0.73,0.88
FLC-2023-0240,Region D,2022,Civil,Settlement,False,61262.86,6.9,7.4,9.7,8.3,8.8,4.1,7.7,6.9,4,5.7,8.6,8.2,4,1,0,110.6,False,9,7.4,910304,9.1,7.7,Art. 45 Civil Code,Breach of Contract,115032.3,Review charges -> Evaluate evidence -> Determine verdict,18894.28,0.31,0.72
FLC-2024-0241,Region D,2019,Administrative,Win,False,11140878.61,6.6,7.5,6.3,5.2,3.8,7.7,9.7,6.6,4,5.5,7.3,7.5,8,1,3,118.3,True,1,6.3,89780,9.3,9.3,Art. 5 Admin Law,Regulatory Violation,45242.31,Check jurisdiction -> Assess contract clauses -> Compute liability,2942915.89,0.26,0.64
FLC-2025-0242,Region A,2016,Criminal,Settlement,False,793876.58,4.7,8.2,5.5,6.4,5.2,8.6,9.0,4.7,1,4.0,9.3,5.9,7,2,1,146.1,False,6,9.3,96310,7.5,9.1,Art. 12 Penal Code,Fraud,205447.63,Assess plaintiff claims -> Review evidence -> Determine outcome,367546.95,0.46,0.64
FLC-2023-0243,Region E,2017,Civil,Settlement,True,196423.01,5.0,8.8,6.7,9.0,5.4,4.3,7.8,5.0,0,4.7,6.7,4.9,1,2,2,183.5,False,7,7.4,263739,7.8,9.9,Art. 45 Civil Code,Breach of Contract,138483.7,Check applicable law -> Compute damages -> Advise resolution,98660.48,0.5,0.97
FLC-2024-0244,Region C,2017,Civil,Win,False,315338.39,8.3,7.3,7.8,6.8,6.1,9.8,6.9,8.3,0,5.2,5.9,5.0,4,0,1,33.8,True,4,5.1,996586,7.4,6.4,Art. 45 Civil Code,Breach of Contract,39250.25,Assess plaintiff claims -> Review evidence -> Determine outcome,70475.46,0.22,0.64
FLC-2025-0245,Region A,2023,Criminal,Loss,True,340952.83,2.0,5.2,9.4,6.8,8.1,5.9,9.5,2.0,1,2.4,6.3,5.2,4,1,4,125.0,True,8,6.6,975451,7.7,6.3,Art. 12 Penal Code,Fraud,386268.03,Review charges -> Evaluate evidence -> Determine verdict,276699.87,0.81,0.81
FLC-2023-0246,Region B,2019,Commercial,Settlement,False,1210562.54,4.9,5.2,9.4,6.0,5.2,7.7,8.2,4.9,1,3.9,5.6,8.5,3,2,3,85.1,True,7,9.4,864460,8.8,5.5,Art. 25 CISG,Cross-Border Dispute,41083.4,Analyze treaty -> Evaluate cross-border compliance -> Recommend settlement,639435.57,0.53,0.46
FLC-2024-0247,Region E,2022,Commercial,Win,True,1962643.08,2.1,5.1,5.2,8.7,8.1,4.8,9.2,2.1,3,2.2,9.6,0.2,7,4,4,65.8,True,7,7.0,481674,5.3,5.7,Art. 25 CISG,Cross-Border Dispute,276664.12,Analyze treaty -> Evaluate cross-border compliance -> Recommend settlement,1358939.74,0.69,0.66
FLC-2025-0248,Region D,2016,Civil,Settlement,True,512438.15,6.9,8.3,7.5,7.5,3.8,6.3,6.2,6.9,2,4.3,5.4,2.6,8,4,1,200.0,False,5,5.8,148776,9.6,5.5,Art. 45 Civil Code,Breach of Contract,160356.95,Check applicable law -> Compute damages -> Advise resolution,229463.06,0.45,1.0
FLC-2023-0249,Region B,2024,International Treaty,Loss,False,558420.8,2.2,5.6,6.7,7.0,3.4,7.0,5.6,2.2,3,1.9,6.8,7.7,1,1,1,47.3,False,1,6.8,724879,6.0,6.8,Art. 97,Cross-Border Dispute,22526.06,Assess plaintiff claims -> Review evidence -> Determine outcome,341811.99,0.61,0.45
FLC-2024-0250,Region C,2024,Administrative,Win,False,578297.45,9.1,9.8,5.8,6.8,5.9,6.3,8.3,9.1,1,8.1,7.7,7.4,3,1,0,50.0,True,9,5.1,506421,5.4,7.3,Art. 5 Admin Law,Regulatory Violation,40377.56,Assess plaintiff claims -> Review evidence -> Determine outcome,125864.42,0.22,0.55
FLC-2025-0251,Region D,2019,International Treaty,Loss,True,518126.3,1.5,8.0,10.0,9.4,6.3,7.1,6.0,1.5,1,0.9,9.2,5.0,6,2,2,74.6,False,1,9.6,844521,7.3,9.2,Art. 97,Cross-Border Dispute,17605.07,Assess plaintiff claims -> Review evidence -> Determine outcome,440297.71,0.85,0.5
FLC-2023-0252,Region A,2018,Civil,Settlement,False,1791439.91,7.6,5.2,7.8,9.3,6.0,9.8,7.3,7.6,2,6.1,9.8,7.2,6,3,1,178.6,True,6,8.5,623561,6.6,8.9,Art. 45 Civil Code,Breach of Contract,116336.87,Assess plaintiff claims -> Review evidence -> Determine outcome,644354.03,0.36,0.71
FLC-2024-0253,Region E,2022,International Treaty,Settlement,False,1812526.92,4.2,6.2,8.0,9.2,9.2,6.9,8.6,4.2,4,4.6,6.4,9.3,5,1,4,35.2,True,5,8.1,995424,6.8,5.4,Art. 97,Cross-Border Dispute,124860.05,Check applicable law -> Compute damages -> Advise resolution,955754.7,0.53,0.12
FLC-2025-0254,Region E,2023,International Treaty,Settlement,True,89734.9,4.2,8.3,7.7,7.5,4.7,8.5,5.8,4.2,3,4.1,9.5,6.6,3,4,3,137.2,False,6,7.1,374839,9.3,7.1,Art. 97,Cross-Border Dispute,183670.43,Assess plaintiff claims -> Review evidence -> Determine outcome,62463.61,0.7,0.48
FLC-2023-0255,Region A,2023,Criminal,Settlement,True,649161.15,2.8,6.7,9.7,8.4,3.5,6.8,6.2,2.8,4,3.7,8.1,2.6,8,0,3,184.9,False,4,6.7,947119,8.0,8.4,Art. 12 Penal Code,Fraud,260213.15,Check applicable law -> Compute damages -> Advise resolution,449845.86,0.69,0.89
FLC-2024-0256,Region B,2021,Civil,Win,True,2680568.92,4.9,8.4,7.5,10.0,4.9,9.0,7.1,4.9,0,4.5,8.6,6.3,1,1,3,70.0,False,7,7.2,72017,7.2,7.7,Art. 45 Civil Code,Breach of Contract,120616.84,Check jurisdiction -> Assess contract clauses -> Compute liability,1397344.46,0.52,0.96
FLC-2025-0257,Region C,2022,International Treaty,Loss,True,177157.35,0.7,5.9,7.6,9.7,3.3,6.1,9.3,0.7,0,0.9,5.6,3.1,9,1,1,179.7,False,3,5.3,289997,7.9,5.5,Art. 97,Cross-Border Dispute,191383.72,Assess plaintiff claims -> Review evidence -> Determine outcome,166105.88,0.94,0.73
FLC-2023-0258,Region A,2023,Administrative,Settlement,False,215471.51,7.0,7.1,8.9,7.8,6.9,4.7,5.6,7.0,2,6.2,8.3,2.0,5,1,1,194.4,False,7,7.2,338530,7.8,9.2,Art. 5 Admin Law,Regulatory Violation,15887.57,Review charges -> Evaluate evidence -> Determine verdict,96279.65,0.45,0.6
FLC-2024-0259,Region D,2020,Commercial,Loss,True,203366.2,2.8,8.1,9.9,8.5,9.2,9.7,7.4,2.8,1,1.1,9.3,3.6,1,3,1,100.8,False,5,9.8,390821,8.2,8.8,Art. 25 CISG,Cross-Border Dispute,101528.5,Review charges -> Evaluate evidence -> Determine verdict,155106.48,0.76,0.67
FLC-2025-0260,Region A,2020,International Treaty,Loss,True,915945.31,0.9,4.7,6.3,7.5,8.9,5.0,6.4,0.9,4,0.0,6.5,4.1,1,0,3,99.9,True,3,6.9,878080,5.7,7.6,Art. 97,Cross-Border Dispute,481639.0,Assess plaintiff claims -> Review evidence -> Determine outcome,915945.31,1.0,0.68
FLC-2023-0261,Region B,2023,Commercial,Settlement,False,1677506.12,6.0,5.7,6.7,9.6,4.4,9.2,5.2,6.0,2,4.5,7.5,2.3,2,0,2,152.7,True,3,6.1,255657,9.8,8.4,Art. 25 CISG,Cross-Border Dispute,66988.96,Check applicable law -> Compute damages -> Advise resolution,688104.79,0.41,0.54
FLC-2024-0262,Region B,2022,International Treaty,Settlement,False,569420.36,3.7,6.0,6.1,9.6,9.1,7.0,5.3,3.7,1,3.9,8.0,1.9,1,0,4,80.6,True,6,9.9,316104,7.8,7.5,Art. 97,Cross-Border Dispute,219035.85,Assess plaintiff claims -> Review evidence -> Determine outcome,367154.47,0.64,0.37
FLC-2025-0263,Region C,2018,Administrative,Win,False,304552.57,7.5,5.6,5.1,6.4,6.9,4.0,6.4,7.5,1,3.9,6.2,3.2,9,1,4,54.2,False,5,8.5,247476,8.3,6.7,Art. 5 Admin Law,Regulatory Violation,26893.94,Check jurisdiction -> Assess contract clauses -> Compute liability,85757.56,0.28,0.49
FLC-2023-0264,Region B,2022,Criminal,Loss,False,612854.89,3.2,5.6,6.9,7.8,9.2,9.7,8.7,3.2,3,2.8,7.5,4.4,1,2,4,28.8,True,9,6.2,210272,7.3,6.5,Art. 12 Penal Code,Fraud,48413.57,Check applicable law -> Compute damages -> Advise resolution,405761.43,0.66,0.47
FLC-2024-0265,Region A,2015,Criminal,Loss,True,469950.73,0.1,6.7,7.8,9.7,4.5,7.1,7.4,0.1,1,1.0,5.6,5.4,8,3,2,55.2,True,9,8.0,902924,5.2,5.5,Art. 12 Penal Code,Fraud,314261.55,Assess plaintiff claims -> Review evidence -> Determine outcome,424339.22,0.9,0.77
FLC-2025-0266,Region D,2020,Commercial,Loss,True,190169.59,0.0,8.7,8.8,9.9,5.0,4.4,6.7,0.0,1,0.0,8.5,4.1,4,0,4,114.4,True,9,5.3,493232,9.5,7.9,Art. 25 CISG,Cross-Border Dispute,65773.32,Review charges -> Evaluate evidence -> Determine verdict,145334.69,0.76,0.7
FLC-2023-0267,Region A,2017,Criminal,Loss,True,618367.48,2.9,4.5,7.5,6.3,8.1,5.1,9.5,2.9,1,2.9,5.4,8.6,4,0,1,63.1,False,1,7.6,511790,6.6,5.7,Art. 12 Penal Code,Fraud,151639.33,Check applicable law -> Compute damages -> Advise resolution,488386.96,0.79,0.72
FLC-2024-0268,Region C,2020,Criminal,Loss,False,815855.58,6.0,6.4,9.0,6.4,7.5,9.2,5.2,6.0,3,5.2,5.7,8.6,8,4,1,27.8,False,5,8.3,143832,8.8,5.1,Art. 12 Penal Code,Fraud,40498.17,Review charges -> Evaluate evidence -> Determine verdict,267137.69,0.33,0.4
FLC-2025-0269,Region D,2017,International Treaty,Loss,True,590582.69,0.0,4.4,9.0,6.1,7.7,8.8,7.8,0.0,1,0.0,8.3,3.6,2,0,3,60.9,True,5,7.3,397848,9.0,6.3,Art. 97,Cross-Border Dispute,193854.0,Assess plaintiff claims -> Review evidence -> Determine outcome,590582.69,1.0,0.76
FLC-2023-0270,Region C,2021,International Treaty,Settlement,False,201241.27,2.6,6.5,5.4,7.2,4.6,5.7,8.9,2.6,4,0.6,9.4,7.5,1,1,4,118.9,False,1,9.0,688635,5.0,5.1,Art. 97,Cross-Border Dispute,139267.83,Check applicable law -> Compute damages -> Advise resolution,105893.2,0.53,0.4
FLC-2024-0271,Region B,2022,International Treaty,Settlement,False,322654.95,6.4,9.6,5.9,5.6,7.0,9.2,7.4,6.4,0,6.1,9.4,4.3,3,0,4,71.7,True,5,7.6,815294,5.4,5.0,Art. 97,Cross-Border Dispute,223018.17,Analyze treaty -> Evaluate cross-border compliance -> Recommend settlement,156872.22,0.49,0.37
FLC-2025-0272,Region C,2023,Commercial,Settlement,True,1506757.49,2.2,7.3,7.8,7.6,7.3,5.6,6.4,2.2,4,1.5,9.4,6.4,6,3,2,71.7,True,9,5.1,917094,9.9,5.3,Art. 25 CISG,Cross-Border Dispute,254925.47,Check applicable law -> Compute damages -> Advise resolution,1027094.81,0.68,0.6
FLC-2023-0273,Region A,2024,International Treaty,Settlement,True,327462.22,0.0,8.7,9.7,9.3,6.9,6.5,6.7,0.0,3,0.0,7.0,3.2,1,3,4,37.6,True,0,5.5,926581,5.6,6.1,Art. 97,Cross-Border Dispute,125661.17,Assess plaintiff claims -> Review evidence -> Determine outcome,285717.26,0.87,0.38
FLC-2024-0274,Region A,2019,Administrative,Settlement,True,39177.17,6.1,4.6,5.3,8.3,8.7,7.1,5.3,6.1,3,3.0,9.7,8.6,9,3,1,187.8,True,9,9.8,779053,6.2,5.3,Art. 5 Admin Law,Regulatory Violation,201945.14,Check applicable law -> Compute damages -> Advise resolution,18434.01,0.47,0.86
FLC-2025-0275,Region D,2024,Administrative,Win,False,195884.76,7.7,9.4,5.8,6.8,7.3,5.0,9.8,7.7,4,7.2,8.0,7.2,2,1,0,79.6,True,9,6.5,795044,8.0,5.4,Art. 5 Admin Law,Regulatory Violation,40378.49,Check jurisdiction -> Assess contract clauses -> Compute liability,37870.74,0.19,0.6
FLC-2023-0276,Region D,2020,International Treaty,Settlement,False,490342.09,4.7,9.2,9.1,6.2,4.4,8.3,6.6,4.7,1,4.0,7.9,9.6,3,0,4,151.9,True,5,6.6,5922,7.2,6.0,Art. 97,Cross-Border Dispute,121487.63,Analyze treaty -> Evaluate cross-border compliance -> Recommend settlement,301528.12,0.61,0.26
FLC-2024-0277,Region A,2021,Criminal,Loss,True,920851.7,2.3,7.2,9.3,5.0,9.6,4.6,9.2,2.3,2,1.1,7.5,4.6,3,4,1,170.3,False,1,7.4,274438,9.0,5.0,Art. 12 Penal Code,Fraud,357134.35,Assess plaintiff claims -> Review evidence -> Determine outcome,790716.7,0.86,0.73
FLC-2025-0278,Region C,2020,Criminal,Settlement,True,204597.46,3.2,5.4,9.0,9.3,6.4,6.5,9.9,3.2,2,2.6,9.6,6.5,4,3,2,115.6,False,5,7.1,364435,9.3,5.9,Art. 12 Penal Code,Fraud,227836.6,Check jurisdiction -> Assess contract clauses -> Compute liability,127383.0,0.62,0.73
FLC-2023-0279,Region E,2024,Criminal,Settlement,False,313280.15,1.5,5.9,5.5,7.1,3.9,9.7,7.4,1.5,1,0.4,7.8,3.8,6,4,1,126.7,True,3,5.4,366088,8.8,5.7,Art. 12 Penal Code,Fraud,333828.27,Check applicable law -> Compute damages -> Advise resolution,219741.92,0.7,0.66
FLC-2024-0280,Region B,2015,Civil,Win,True,668626.28,4.0,7.2,7.0,9.8,7.5,5.8,5.6,4.0,0,3.8,9.3,4.1,4,1,0,118.4,True,8,6.8,622655,5.2,6.0,Art. 45 Civil Code,Breach of Contract,135906.99,Assess plaintiff claims -> Review evidence -> Determine outcome,314725.42,0.47,0.64
FLC-2025-0281,Region C,2021,International Treaty,Settlement,False,52531.17,3.6,4.2,9.0,6.8,9.0,8.8,6.7,3.6,2,3.1,5.4,9.3,2,0,1,184.1,True,0,9.1,63784,5.2,5.9,Art. 97,Cross-Border Dispute,107017.16,Check jurisdiction -> Assess contract clauses -> Compute liability,35381.54,0.67,0.41
FLC-2023-0282,Region D,2024,Civil,Settlement,True,732766.09,2.9,5.0,8.0,8.5,3.1,4.2,9.5,2.9,2,1.6,6.8,7.5,6,3,0,75.8,False,2,9.0,187023,7.0,5.4,Art. 45 Civil Code,Breach of Contract,19090.28,Analyze treaty -> Evaluate cross-border compliance -> Recommend settlement,412293.65,0.56,0.78
FLC-2024-0283,Region E,2016,Civil,Win,False,228309.75,6.7,10.0,5.8,9.3,4.9,7.5,7.5,6.7,0,6.1,5.8,9.3,9,2,3,161.3,True,0,5.7,259490,9.4,7.6,Art. 45 Civil Code,Breach of Contract,90561.27,Review charges -> Evaluate evidence -> Determine verdict,62216.08,0.27,0.84
FLC-2025-0284,Region C,2024,International Treaty,Settlement,True,429674.66,0.2,6.8,5.1,6.4,6.1,7.8,7.3,0.2,2,0.0,6.9,2.4,3,0,3,23.5,False,4,7.5,35112,5.3,9.6,Art. 97,Cross-Border Dispute,1779.07,Analyze treaty -> Evaluate cross-border compliance -> Recommend settlement,420011.93,0.98,0.5
FLC-2023-0285,Region E,2017,International Treaty,Settlement,False,933765.71,2.8,4.1,8.3,8.1,5.2,4.5,5.5,2.8,3,0.0,8.8,4.5,5,4,1,137.8,False,6,9.4,569423,6.6,10.0,Art. 97,Cross-Border Dispute,61452.27,Analyze treaty -> Evaluate cross-border compliance -> Recommend settlement,578412.78,0.62,0.5
FLC-2024-0286,Region E,2019,Civil,Win,False,381895.25,10.0,7.1,9.5,9.0,3.5,8.2,7.9,10.0,4,7.8,5.6,5.3,8,2,1,34.8,True,0,5.4,290776,7.4,5.9,Art. 45 Civil Code,Breach of Contract,539.68,Check jurisdiction -> Assess contract clauses -> Compute liability,1001.9,0.0,0.74
FLC-2025-0287,Region C,2020,Administrative,Loss,True,370331.65,5.0,8.4,9.3,8.1,7.7,4.8,9.7,5.0,0,6.6,7.4,5.7,2,0,2,132.7,False,5,7.5,591176,6.5,8.3,Art. 5 Admin Law,Regulatory Violation,248222.56,Check applicable law -> Compute damages -> Advise resolution,234018.75,0.63,0.82
FLC-2023-0288,Region C,2023,Civil,Dismissed,False,199317.73,10.0,7.5,8.6,7.1,7.4,8.2,8.6,10.0,2,6.0,8.1,1.3,8,4,4,167.2,True,2,6.9,920258,6.8,5.5,Art. 45 Civil Code,Breach of Contract,40558.54,Check jurisdiction -> Assess contract clauses -> Compute liability,20982.67,0.11,0.73
FLC-2024-0289,Region A,2018,Civil,Win,False,486211.29,5.6,6.5,8.9,8.9,4.6,9.5,8.0,5.6,0,3.5,5.7,2.5,8,2,2,107.6,False,5,8.8,860375,9.1,7.7,Art. 45 Civil Code,Breach of Contract,60441.71,Analyze treaty -> Evaluate cross-border compliance -> Recommend settlement,102299.74,0.21,0.73
FLC-2025-0290,Region D,2019,Commercial,Loss,True,633958.63,3.2,5.5,7.0,6.9,8.6,6.7,5.9,3.2,4,1.5,7.5,1.5,4,2,2,39.3,True,0,9.7,624578,7.7,9.9,Art. 25 CISG,Cross-Border Dispute,277255.96,Check applicable law -> Compute damages -> Advise resolution,412159.71,0.65,0.6
FLC-2023-0291,Region A,2022,Criminal,Loss,True,464086.07,0.6,6.5,5.0,7.2,3.3,7.3,6.7,0.6,3,1.6,5.7,7.0,9,1,3,115.7,False,4,5.2,386114,7.4,7.7,Art. 12 Penal Code,Fraud,101701.76,Check applicable law -> Compute damages -> Advise resolution,442383.8,0.95,0.57
FLC-2024-0292,Region C,2015,Civil,Settlement,True,266722.83,5.7,4.3,5.2,8.6,6.1,5.5,6.0,5.7,4,4.8,6.6,7.4,5,2,1,100.6,False,9,6.6,210699,5.6,5.7,Art. 45 Civil Code,Breach of Contract,110028.81,Check jurisdiction -> Assess contract clauses -> Compute liability,108208.78,0.41,1.0
FLC-2025-0293,Region A,2015,Administrative,Win,False,833747.21,7.4,7.2,9.1,9.3,9.5,9.7,7.8,7.4,3,6.1,8.6,0.8,9,0,0,135.7,True,9,9.9,314392,8.3,6.7,Art. 5 Admin Law,Regulatory Violation,33090.09,Assess plaintiff claims -> Review evidence -> Determine outcome,182702.24,0.22,0.79
FLC-2023-0294,Region C,2016,Commercial,Settlement,True,105822.71,1.0,8.7,5.2,9.8,6.7,5.8,6.8,1.0,4,0.7,9.9,6.1,2,0,0,64.3,True,0,8.0,358851,8.5,5.3,Art. 25 CISG,Cross-Border Dispute,331906.19,Assess plaintiff claims -> Review evidence -> Determine outcome,83609.77,0.79,0.85
FLC-2024-0295,Region D,2023,Commercial,Win,False,356486.54,5.8,5.1,5.3,5.4,9.9,8.7,9.6,5.8,3,5.2,8.3,5.3,4,3,0,112.3,False,2,7.3,352637,8.4,8.9,Art. 25 CISG,Cross-Border Dispute,61226.2,Check applicable law -> Compute damages -> Advise resolution,122103.9,0.34,0.44
FLC-2025-0296,Region C,2015,Criminal,Settlement,False,3300372.54,4.7,7.9,7.0,6.0,8.1,4.9,9.3,4.7,2,4.8,5.9,9.0,2,1,3,73.7,False,9,6.5,372024,5.4,7.6,Art. 12 Penal Code,Fraud,243418.0,Check applicable law -> Compute damages -> Advise resolution,1908097.48,0.58,0.5
FLC-2023-0297,Region D,2016,Civil,Settlement,False,1251031.31,6.3,9.0,7.9,8.1,5.0,9.4,5.1,6.3,4,4.2,5.9,5.9,5,2,2,43.1,True,9,8.4,627480,6.5,8.1,Art. 45 Civil Code,Breach of Contract,102114.53,Check jurisdiction -> Assess contract clauses -> Compute liability,445139.91,0.36,0.53
FLC-2024-0298,Region A,2023,Commercial,Win,False,398291.44,7.3,7.6,7.1,7.2,4.8,9.0,7.4,7.3,1,4.7,9.3,3.0,1,3,1,130.9,False,4,5.9,261123,7.1,7.3,Art. 25 CISG,Cross-Border Dispute,97794.89,Check jurisdiction -> Assess contract clauses -> Compute liability,112084.96,0.28,0.77
FLC-2025-0299,Region E,2016,Commercial,Win,False,16182917.7,7.9,5.3,5.9,7.2,8.7,9.1,7.6,7.9,2,5.0,6.1,2.8,4,0,1,136.1,False,5,8.9,371134,7.8,6.3,Art. 25 CISG,Cross-Border Dispute,28376.62,Check applicable law -> Compute damages -> Advise resolution,5196578.83,0.32,0.47
FLC-2023-0300,Region A,2021,Administrative,Loss,False,195358.55,8.1,7.6,7.0,6.1,4.8,6.9,6.8,8.1,0,7.1,5.2,9.0,1,4,0,170.2,False,2,8.1,682376,6.5,6.7,Art. 5 Admin Law,Regulatory Violation,107396.95,Check applicable law -> Compute damages -> Advise resolution,64884.27,0.33,0.36
FLC-2024-0301,Region A,2018,Administrative,Settlement,False,98668.74,5.1,4.8,7.2,7.5,5.8,8.1,7.1,5.1,4,4.1,9.8,8.8,7,4,4,50.6,False,1,6.1,302364,5.4,9.3,Art. 5 Admin Law,Regulatory Violation,89908.57,Check jurisdiction -> Assess contract clauses -> Compute liability,46329.71,0.47,0.67
FLC-2025-0302,Region B,2020,International Treaty,Loss,True,843985.35,2.3,9.3,7.8,5.9,4.6,7.0,9.8,2.3,1,2.5,8.0,8.2,4,1,3,154.7,False,8,5.3,911553,7.5,7.8,Art. 97,Cross-Border Dispute,15204.6,Check jurisdiction -> Assess contract clauses -> Compute liability,666829.05,0.79,0.73
FLC-2023-0303,Region C,2016,Criminal,Loss,True,480214.81,4.2,5.6,5.4,5.6,4.6,7.0,9.2,4.2,4,5.1,8.9,3.5,5,0,0,54.5,False,1,8.9,786427,9.9,5.8,Art. 12 Penal Code,Fraud,144445.56,Analyze treaty -> Evaluate cross-border compliance -> Recommend settlement,343858.7,0.72,0.93
FLC-2024-0304,Region B,2019,International Treaty,Loss,True,893646.13,1.6,6.7,5.9,7.5,6.7,8.9,8.7,1.6,2,3.1,8.2,3.5,7,4,3,81.6,False,7,5.3,365709,8.7,5.5,Art. 97,Cross-Border Dispute,422307.61,Review charges -> Evaluate evidence -> Determine verdict,757125.13,0.85,0.63
FLC-2025-0305,Region A,2018,Commercial,Settlement,False,166834.75,4.8,7.5,8.6,9.6,7.9,8.0,7.0,4.8,0,4.9,8.4,7.1,9,4,1,168.4,True,0,5.4,523757,9.7,5.2,Art. 25 CISG,Cross-Border Dispute,115202.94,Check applicable law -> Compute damages -> Advise resolution,68989.99,0.41,0.55
FLC-2023-0306,Region C,2016,Commercial,Settlement,False,494370.32,5.2,7.5,9.5,6.6,7.7,5.1,8.1,5.2,0,3.3,6.1,3.1,9,2,3,134.9,True,0,9.6,883522,7.2,9.3,Art. 25 CISG,Cross-Border Dispute,25028.66,Assess plaintiff claims -> Review evidence -> Determine outcome,204590.48,0.41,0.37
FLC-2024-0307,Region E,2023,Civil,Win,True,1301431.32,6.3,6.6,9.5,8.8,6.4,7.6,6.6,6.3,2,7.0,9.2,8.8,7,1,4,43.2,False,5,9.5,981812,6.7,7.2,Art. 45 Civil Code,Breach of Contract,183463.43,Check applicable law -> Compute damages -> Advise resolution,497469.7,0.38,0.92
FLC-2025-0308,Region C,2022,International Treaty,Loss,True,214528.15,3.5,4.1,9.5,7.8,8.7,8.8,5.9,3.5,4,2.2,8.3,4.8,7,4,4,110.1,False,8,8.4,842618,8.2,8.5,Art. 97,Cross-Border Dispute,96332.06,Assess plaintiff claims -> Review evidence -> Determine outcome,182085.16,0.85,0.62
FLC-2023-0309,Region B,2016,International Treaty,Loss,False,158937.95,4.7,7.1,7.9,8.7,9.8,4.4,5.3,4.7,2,5.3,5.9,5.8,8,2,4,109.9,True,1,8.7,773592,8.1,8.6,Art. 97,Cross-Border Dispute,40675.64,Check applicable law -> Compute damages -> Advise resolution,89591.23,0.56,0.49
FLC-2024-0310,Region D,2015,Civil,Dismissed,False,2205416.85,7.8,5.7,10.0,8.8,7.5,6.1,5.2,7.8,3,7.4,6.7,0.1,3,0,4,78.8,True,6,6.2,32541,7.9,5.3,Art. 45 Civil Code,Breach of Contract,105146.16,Analyze treaty -> Evaluate cross-border compliance -> Recommend settlement,544419.45,0.25,0.6
FLC-2025-0311,Region E,2017,Commercial,Settlement,False,387420.06,5.9,5.1,5.5,7.8,9.5,4.3,7.1,5.9,0,3.8,9.7,5.4,8,3,2,20.1,False,9,6.7,405062,8.2,9.6,Art. 25 CISG,Cross-Border Dispute,207964.14,Check jurisdiction -> Assess contract clauses -> Compute liability,172041.58,0.44,0.42
FLC-2023-0312,Region C,2016,Commercial,Settlement,True,826191.87,3.4,7.6,5.9,8.7,5.1,8.0,5.8,3.4,0,3.2,9.1,8.9,6,0,1,154.7,True,5,9.8,563193,9.5,6.0,Art. 25 CISG,Cross-Border Dispute,38123.84,Analyze treaty -> Evaluate cross-border compliance -> Recommend settlement,487367.85,0.59,0.72
FLC-2024-0313,Region D,2015,Criminal,Loss,True,213980.61,4.3,7.2,8.9,9.2,7.5,6.0,7.3,4.3,0,2.7,6.5,9.2,3,1,2,133.5,True,2,7.2,103537,7.3,5.2,Art. 12 Penal Code,Fraud,137679.5,Analyze treaty -> Evaluate cross-border compliance -> Recommend settlement,154882.92,0.72,0.82
FLC-2025-0314,Region E,2015,International Treaty,Win,False,435143.7,3.1,6.6,8.3,8.6,3.0,9.6,5.8,3.1,3,2.5,5.9,2.7,8,4,0,140.7,True,4,5.5,953155,6.2,7.5,Art. 97,Cross-Border Dispute,215094.11,Check applicable law -> Compute damages -> Advise resolution,290820.66,0.67,0.46
FLC-2023-0315,Region D,2023,Civil,Settlement,True,305046.95,7.3,5.4,7.6,6.3,9.6,9.4,7.8,7.3,1,4.5,6.9,4.1,6,4,2,174.2,False,2,5.9,398099,7.8,5.5,Art. 45 Civil Code,Breach of Contract,125538.06,Assess plaintiff claims -> Review evidence -> Determine outcome,138441.52,0.45,0.96
FLC-2024-0316,Region A,2015,Administrative,Win,False,302099.16,8.1,6.8,7.1,6.2,8.1,4.8,8.4,8.1,4,6.3,8.1,8.3,2,4,3,41.3,True,9,8.5,949494,9.2,7.6,Art. 5 Admin Law,Regulatory Violation,28083.53,Review charges -> Evaluate evidence -> Determine verdict,50737.75,0.17,0.63
FLC-2025-0317,Region E,2021,Civil,Dismissed,False,131905.24,9.5,4.3,6.0,5.0,7.4,5.9,9.9,9.5,1,6.6,7.2,9.8,9,1,2,154.8,False,7,9.5,522921,9.4,5.1,Art. 45 Civil Code,Breach of Contract,15078.13,Check applicable law -> Compute damages -> Advise resolution,29126.66,0.22,0.59
FLC-2023-0318,Region D,2017,International Treaty,Loss,True,101830.48,0.0,4.6,9.1,6.1,5.8,5.9,7.0,0.0,0,0.0,7.5,8.0,4,4,2,172.8,True,5,7.5,547702,7.1,7.0,Art. 97,Cross-Border Dispute,378241.22,Analyze treaty -> Evaluate cross-border compliance -> Recommend settlement,88161.0,0.87,0.46
FLC-2024-0319,Region B,2022,Civil,Settlement,True,559104.32,3.8,5.8,9.1,5.4,8.6,8.0,8.7,3.8,0,4.6,8.4,6.1,9,4,1,41.8,True,3,5.5,899886,8.6,5.9,Art. 45 Civil Code,Breach of Contract,103578.88,Assess plaintiff claims -> Review evidence -> Determine outcome,340320.96,0.61,0.83
FLC-2025-0320,Region C,2022,Criminal,Loss,False,855083.27,5.9,4.2,7.2,5.6,5.5,10.0,9.4,5.9,1,5.1,8.2,2.1,1,0,3,194.4,True,9,9.7,273028,6.7,5.9,Art. 12 Penal Code,Fraud,60285.55,Review charges -> Evaluate evidence -> Determine verdict,389376.53,0.46,0.64
FLC-2023-0321,Region C,2021,Criminal,Loss,False,295210.84,5.3,4.9,5.2,9.4,5.2,4.8,7.3,5.3,4,4.8,5.6,0.3,3,1,4,196.9,True,2,6.3,554218,9.5,7.6,Art. 12 Penal Code,Fraud,138342.94,Analyze treaty -> Evaluate cross-border compliance -> Recommend settlement,154409.89,0.52,0.55
FLC-2024-0322,Region E,2018,Criminal,Loss,True,995079.51,1.7,6.9,6.6,9.2,5.1,8.0,5.7,1.7,4,2.1,6.4,3.1,9,1,1,132.9,False,2,7.3,982489,5.5,8.6,Art. 12 Penal Code,Fraud,394059.25,Analyze treaty -> Evaluate cross-border compliance -> Recommend settlement,885691.19,0.89,0.71
FLC-2025-0323,Region A,2018,International Treaty,Loss,True,159362.54,1.7,5.5,8.5,5.2,8.9,6.7,8.2,1.7,2,2.2,7.6,4.0,8,1,1,150.1,True,9,7.5,51818,6.7,7.9,Art. 97,Cross-Border Dispute,417765.73,Check jurisdiction -> Assess contract clauses -> Compute liability,133603.73,0.84,0.63
FLC-2023-0324,Region E,2023,International Treaty,Settlement,False,2281051.84,4.8,4.7,9.0,5.5,4.9,9.1,6.7,4.8,3,4.0,5.3,4.6,2,1,2,101.2,False,4,8.5,727050,7.4,8.6,Art. 97,Cross-Border Dispute,185127.08,Analyze treaty -> Evaluate cross-border compliance -> Recommend settlement,1299073.04,0.57,0.46
FLC-2024-0325,Region C,2015,Civil,Win,False,242635.1,9.5,6.2,5.9,8.2,5.3,9.2,5.6,9.5,3,7.8,9.7,1.7,5,0,1,106.6,False,0,9.1,401723,7.9,7.2,Art. 45 Civil Code,Breach of Contract,26062.28,Review charges -> Evaluate evidence -> Determine verdict,24876.38,0.1,0.68
FLC-2025-0326,Region D,2024,Criminal,Win,False,2134194.05,6.1,6.9,6.6,5.7,4.5,4.6,8.4,6.1,2,5.5,9.8,7.3,4,4,3,125.5,True,5,5.7,507199,9.5,5.4,Art. 12 Penal Code,Fraud,160170.56,Assess plaintiff claims -> Review evidence -> Determine outcome,944214.88,0.44,0.69
FLC-2023-0327,Region D,2023,Civil,Loss,True,106385.25,6.5,4.3,9.0,8.0,4.4,7.0,8.7,6.5,4,5.5,8.4,1.3,6,2,1,139.4,False,5,6.7,295977,8.7,6.2,Art. 45 Civil Code,Breach of Contract,115981.43,Check applicable law -> Compute damages -> Advise resolution,50464.88,0.47,0.77
FLC-2024-0328,Region B,2024,Criminal,Settlement,False,497241.04,4.9,9.0,5.2,7.6,7.0,7.4,7.4,4.9,3,4.2,8.4,0.6,4,4,0,144.4,False,9,9.4,903780,8.5,8.2,Art. 12 Penal Code,Fraud,168138.67,Review charges -> Evaluate evidence -> Determine verdict,184695.66,0.37,0.69
FLC-2025-0329,Region B,2017,Commercial,Settlement,False,196023.4,5.3,8.0,6.0,9.5,3.7,8.2,7.5,5.3,1,4.8,6.9,4.0,5,2,1,108.5,False,0,7.4,392342,5.5,5.1,Art. 25 CISG,Cross-Border Dispute,121772.94,Check applicable law -> Compute damages -> Advise resolution,88083.43,0.45,0.49
FLC-2023-0330,Region B,2015,International Treaty,Settlement,True,391294.04,1.5,5.4,8.7,5.2,3.7,4.0,5.8,1.5,2,1.9,6.1,3.4,1,0,4,80.3,False,9,5.1,745261,7.0,6.7,Art. 97,Cross-Border Dispute,59337.34,Assess plaintiff claims -> Review evidence -> Determine outcome,355913.1,0.91,0.49
FLC-2024-0331,Region B,2022,Commercial,Settlement,False,133285.84,7.7,7.4,8.4,5.0,9.5,4.7,7.0,7.7,1,4.9,6.3,1.3,9,1,1,165.9,True,6,8.8,916108,9.5,8.7,Art. 25 CISG,Cross-Border Dispute,9581.41,Analyze treaty -> Evaluate cross-border compliance -> Recommend settlement,46386.47,0.35,0.38
FLC-2025-0332,Region D,2015,Commercial,Settlement,False,196004.42,6.4,5.0,7.9,9.9,8.3,6.5,5.0,6.4,4,4.7,7.6,3.2,5,2,4,38.3,True,5,5.8,912952,6.6,8.3,Art. 25 CISG,Cross-Border Dispute,169368.93,Review charges -> Evaluate evidence -> Determine verdict,73013.52,0.37,0.53
FLC-2023-0333,Region C,2017,Criminal,Win,False,671051.33,4.3,9.5,9.0,9.6,9.8,4.1,8.1,4.3,0,4.8,10.0,1.0,1,0,4,35.4,True,9,9.5,310150,9.1,5.1,Art. 12 Penal Code,Fraud,186694.75,Review charges -> Evaluate evidence -> Determine verdict,312349.35,0.47,0.77
FLC-2024-0334,Region D,2024,Criminal,Settlement,False,130193.85,4.5,9.3,8.2,5.8,3.2,4.8,8.0,4.5,1,2.8,6.7,9.8,3,1,2,172.5,False,9,8.4,291699,7.6,9.8,Art. 12 Penal Code,Fraud,296745.85,Review charges -> Evaluate evidence -> Determine verdict,83644.7,0.64,0.76
FLC-2025-0335,Region A,2017,Commercial,Loss,False,325782.76,7.0,9.7,8.5,6.0,3.1,6.9,7.6,7.0,4,5.0,5.2,2.0,6,2,2,156.5,False,2,7.5,822929,9.9,8.2,Art. 25 CISG,Cross-Border Dispute,94453.03,Check jurisdiction -> Assess contract clauses -> Compute liability,115681.96,0.36,0.52
FLC-2023-0336,Region E,2019,Administrative,Settlement,True,369550.73,2.3,4.8,9.5,9.3,6.3,8.5,8.1,2.3,4,3.6,7.2,7.9,4,2,0,103.3,False,8,7.9,214807,7.8,5.9,Art. 5 Admin Law,Regulatory Violation,17635.32,Analyze treaty -> Evaluate cross-border compliance -> Recommend settlement,245837.21,0.67,0.75
FLC-2024-0337,Region E,2021,Civil,Win,False,639877.31,8.2,4.6,7.2,9.8,8.8,6.9,8.8,8.2,2,7.2,6.4,5.3,6,2,0,199.9,False,7,5.7,394807,7.3,7.6,Art. 45 Civil Code,Breach of Contract,37752.67,Check applicable law -> Compute damages -> Advise resolution,160177.94,0.25,0.7
FLC-2025-0338,Region D,2017,International Treaty,Settlement,True,324916.2,1.3,6.8,6.5,6.4,6.5,5.0,6.7,1.3,4,0.0,5.9,6.6,1,3,3,146.6,True,8,7.4,822485,8.0,5.4,Art. 97,Cross-Border Dispute,463660.0,Check jurisdiction -> Assess contract clauses -> Compute liability,324916.2,1.0,0.65
FLC-2023-0339,Region C,2019,Commercial,Loss,False,127739.81,4.1,7.0,9.7,7.9,6.8,6.7,6.0,4.1,4,5.5,6.2,5.1,6,2,0,81.9,True,2,7.3,923427,9.8,9.4,Art. 25 CISG,Cross-Border Dispute,98794.15,Check applicable law -> Compute damages -> Advise resolution,59804.5,0.47,0.6
FLC-2024-0340,Region E,2020,Civil,Loss,True,176494.0,6.9,4.8,6.5,5.6,9.9,5.9,5.7,6.9,2,7.8,5.2,2.7,8,3,4,101.0,False,3,7.1,168229,8.7,5.3,Art. 45 Civil Code,Breach of Contract,17797.1,Assess plaintiff claims -> Review evidence -> Determine outcome,79418.51,0.45,0.83
FLC-2025-0341,Region C,2015,Administrative,Dismissed,False,278278.76,7.1,8.7,8.4,5.6,7.9,6.6,9.7,7.1,0,6.3,6.0,8.4,8,4,4,182.3,True,0,7.7,234229,10.0,6.3,Art. 5 Admin Law,Regulatory Violation,9113.1,Review charges -> Evaluate evidence -> Determine verdict,37045.44,0.13,0.63
FLC-2023-0342,Region C,2024,Civil,Dismissed,False,1049945.05,9.1,7.1,8.9,5.8,5.7,6.9,5.6,9.1,3,6.0,8.6,7.7,7,4,0,61.7,False,3,9.1,122831,9.5,9.7,Art. 45 Civil Code,Breach of Contract,0.0,Assess plaintiff claims -> Review evidence -> Determine outcome,0.0,0.0,0.63
FLC-2024-0343,Region E,2015,Criminal,Loss,True,356840.85,1.6,5.9,7.1,6.5,5.0,9.8,5.8,1.6,2,0.0,8.9,1.2,6,4,0,53.4,False,1,7.3,66350,8.4,6.6,Art. 12 Penal Code,Fraud,199885.8,Review charges -> Evaluate evidence -> Determine verdict,271017.31,0.76,0.87
FLC-2025-0344,Region B,2024,Civil,Settlement,True,408142.31,5.4,6.9,8.5,7.6,5.7,7.7,9.8,5.4,4,3.1,7.0,4.1,5,0,1,78.3,False,3,9.8,953865,9.4,7.9,Art. 45 Civil Code,Breach of Contract,245038.81,Check jurisdiction -> Assess contract clauses -> Compute liability,236706.69,0.58,0.88
FLC-2023-0345,Region E,2018,Administrative,Win,False,342679.05,4.9,8.8,9.2,5.6,9.8,9.8,6.8,4.9,0,5.6,7.1,4.1,4,2,4,139.5,True,3,9.5,603292,8.4,9.0,Art. 5 Admin Law,Regulatory Violation,69769.13,Analyze treaty -> Evaluate cross-border compliance -> Recommend settlement,138240.5,0.4,0.66
FLC-2024-0346,Region D,2017,International Treaty,Settlement,False,281171.71,4.1,10.0,6.3,6.6,7.6,5.8,6.1,4.1,1,2.0,8.8,8.9,1,0,1,157.3,False,4,7.7,480490,9.2,5.0,Art. 97,Cross-Border Dispute,180397.56,Analyze treaty -> Evaluate cross-border compliance -> Recommend settlement,162425.91,0.58,0.2
FLC-2025-0347,Region C,2023,Commercial,Win,False,355504.66,5.5,6.2,7.0,5.0,6.5,8.5,9.1,5.5,3,6.0,7.4,6.3,9,0,1,177.9,False,6,9.6,445161,5.5,6.2,Art. 25 CISG,Cross-Border Dispute,206615.98,Review charges -> Evaluate evidence -> Determine verdict,171343.99,0.48,0.48
FLC-2023-0348,Region A,2024,Civil,Win,False,447144.13,10.0,5.3,5.2,7.0,5.0,8.9,9.0,10.0,1,7.6,7.5,8.9,8,4,4,118.4,False,8,7.7,746569,6.5,9.6,Art. 45 Civil Code,Breach of Contract,20386.57,Assess plaintiff claims -> Review evidence -> Determine outcome,29690.24,0.07,0.55
FLC-2024-0349,Region D,2016,Commercial,Loss,True,896707.28,5.9,6.2,7.2,7.7,4.4,4.9,9.4,5.9,2,5.4,9.9,0.1,5,3,2,119.8,False,9,5.1,301572,5.9,6.3,Art. 25 CISG,Cross-Border Dispute,183236.18,Review charges -> Evaluate evidence -> Determine verdict,476648.2,0.53,0.86
FLC-2025-0350,Region E,2018,International Treaty,Loss,True,439207.57,1.7,10.0,9.9,9.4,5.8,8.1,7.1,1.7,4,1.7,8.0,5.2,8,0,3,22.1,False,9,5.0,966721,9.8,7.9,Art. 97,Cross-Border Dispute,71174.32,Check jurisdiction -> Assess contract clauses -> Compute liability,345811.26,0.79,0.51
FLC-2023-0351,Region B,2019,International Treaty,Loss,False,2746937.5,0.3,9.4,9.3,8.4,4.5,7.8,7.5,0.3,1,0.0,8.3,4.3,3,0,3,144.5,True,4,9.5,743691,6.6,8.8,Art. 97,Cross-Border Dispute,256913.75,Analyze treaty -> Evaluate cross-border compliance -> Recommend settlement,2343117.84,0.85,0.3
FLC-2024-0352,Region D,2022,Civil,Settlement,True,261305.33,7.0,8.8,7.6,9.9,5.0,6.9,7.2,7.0,2,4.2,5.4,5.9,3,1,4,113.0,False,8,5.7,342954,7.4,9.7,Art. 45 Civil Code,Breach of Contract,81114.67,Check jurisdiction -> Assess contract clauses -> Compute liability,96099.02,0.37,0.94
FLC-2025-0353,Region D,2020,Criminal,Loss,False,280632.45,4.6,9.1,6.2,6.6,4.5,7.0,5.1,4.6,4,3.0,9.0,2.5,4,1,2,164.7,False,0,5.1,182844,7.0,5.9,Art. 12 Penal Code,Fraud,275673.49,Analyze treaty -> Evaluate cross-border compliance -> Recommend settlement,168691.12,0.6,0.68
FLC-2023-0354,Region B,2018,Civil,Settlement,True,187284.94,7.2,5.9,5.8,7.2,6.2,4.1,5.6,7.2,4,5.1,5.6,3.4,1,1,3,78.2,False,7,5.7,766550,7.4,5.8,Art. 45 Civil Code,Breach of Contract,143089.16,Review charges -> Evaluate evidence -> Determine verdict,76963.46,0.41,0.69
FLC-2024-0355,Region B,2022,Administrative,Win,False,1416041.78,6.1,9.0,7.1,8.8,3.3,4.7,6.0,6.1,2,4.5,5.2,6.2,1,3,3,125.5,False,3,6.6,546007,6.7,5.4,Art. 5 Admin Law,Regulatory Violation,141645.21,Assess plaintiff claims -> Review evidence -> Determine outcome,418550.2,0.3,0.76
FLC-2025-0356,Region C,2020,International Treaty,Settlement,False,1214636.6,3.7,7.1,9.7,5.2,6.5,7.5,9.6,3.7,0,2.2,6.8,3.0,4,4,0,34.9,False,3,8.7,34298,7.6,10.0,Art. 97,Cross-Border Dispute,149787.37,Review charges -> Evaluate evidence -> Determine verdict,567038.75,0.47,0.3
FLC-2023-0357,Region C,2022,Administrative,Settlement,True,126550.07,4.1,6.9,5.6,6.1,3.5,7.4,8.1,4.1,2,6.7,9.1,8.6,6,3,2,145.1,False,7,7.8,665956,8.5,8.2,Art. 5 Admin Law,Regulatory Violation,65241.12,Analyze treaty -> Evaluate cross-border compliance -> Recommend settlement,69441.68,0.55,0.82
FLC-2024-0358,Region D,2023,Commercial,Loss,False,173187.77,5.5,4.2,6.6,9.1,7.8,8.3,8.5,5.5,3,4.8,5.5,2.7,2,2,3,21.7,False,8,7.5,534703,7.9,5.4,Art. 25 CISG,Cross-Border Dispute,119606.95,Analyze treaty -> Evaluate cross-border compliance -> Recommend settlement,82019.6,0.47,0.38
FLC-2025-0359,Region A,2017,Commercial,Loss,False,288883.92,6.2,7.2,9.4,8.4,3.8,4.9,7.1,6.2,1,5.0,5.1,8.3,1,0,4,169.3,False,0,8.7,568211,7.6,5.2,Art. 25 CISG,Cross-Border Dispute,180702.41,Assess plaintiff claims -> Review evidence -> Determine outcome,110918.03,0.38,0.55
FLC-2023-0360,Region C,2018,Administrative,Settlement,False,1379706.15,5.5,8.4,5.5,6.0,4.0,8.8,5.3,5.5,0,3.2,6.6,4.6,9,2,4,175.5,True,5,9.1,94708,6.2,7.9,Art. 5 Admin Law,Regulatory Violation,51604.29,Analyze treaty -> Evaluate cross-border compliance -> Recommend settlement,469026.88,0.34,0.63
FLC-2024-0361,Region C,2018,Civil,Win,False,610787.67,7.2,4.2,7.8,6.1,5.4,8.7,6.0,7.2,2,5.7,7.3,0.1,9,0,4,164.7,False,8,8.7,217741,7.1,7.7,Art. 45 Civil Code,Breach of Contract,31670.28,Check applicable law -> Compute damages -> Advise resolution,170896.88,0.28,0.64
FLC-2025-0362,Region C,2021,Criminal,Win,False,1163480.05,2.7,6.2,6.3,8.8,8.4,6.7,8.1,2.7,3,2.7,8.5,3.8,2,4,0,102.6,True,2,8.4,583787,7.4,6.5,Art. 12 Penal Code,Fraud,38465.49,Review charges -> Evaluate evidence -> Determine verdict,768095.22,0.66,0.45
FLC-2023-0363,Region A,2016,International Treaty,Loss,True,182384.96,4.0,7.4,7.7,7.0,4.1,4.7,8.8,4.0,0,3.4,5.4,0.5,6,2,0,127.8,True,2,8.3,416794,9.0,5.6,Art. 97,Cross-Border Dispute,259496.87,Analyze treaty -> Evaluate cross-border compliance -> Recommend settlement,141082.33,0.77,0.61
FLC-2024-0364,Region D,2021,Criminal,Loss,True,172699.0,3.0,6.1,8.6,6.8,8.8,6.7,8.6,3.0,0,1.9,8.5,6.3,1,4,1,66.2,False,8,5.2,47105,7.6,7.2,Art. 12 Penal Code,Fraud,304663.86,Check jurisdiction -> Assess contract clauses -> Compute liability,139524.97,0.81,0.8
FLC-2025-0365,Region A,2021,Administrative,Loss,True,1415938.17,3.7,5.3,6.0,9.6,9.0,8.6,7.0,3.7,1,1.6,6.4,9.3,9,1,0,155.3,True,4,5.5,889178,6.8,8.7,Art. 5 Admin Law,Regulatory Violation,114075.72,Analyze treaty -> Evaluate cross-border compliance -> Recommend settlement,753602.59,0.53,0.77
FLC-2023-0366,Region C,2015,Administrative,Settlement,False,879024.23,6.9,6.6,8.7,8.1,9.0,8.8,5.2,6.9,3,5.2,5.4,4.9,8,4,0,101.2,False,8,5.4,182142,7.6,8.9,Art. 5 Admin Law,Regulatory Violation,56355.16,Analyze treaty -> Evaluate cross-border compliance -> Recommend settlement,328849.45,0.37,0.51
FLC-2024-0367,Region B,2022,Civil,Settlement,True,55749.45,6.0,4.9,9.1,6.1,8.0,9.7,7.6,6.0,2,4.6,5.2,6.2,8,3,2,135.9,True,6,9.3,922345,7.0,7.1,Art. 45 Civil Code,Breach of Contract,181039.96,Review charges -> Evaluate evidence -> Determine verdict,21035.81,0.38,0.91
FLC-2025-0368,Region A,2024,Criminal,Win,False,606974.98,5.2,8.7,7.8,8.3,5.3,6.9,8.1,5.2,3,6.1,7.7,6.0,2,4,2,95.6,False,8,5.3,648937,7.7,7.7,Art. 12 Penal Code,Fraud,230541.37,Analyze treaty -> Evaluate cross-border compliance -> Recommend settlement,337905.72,0.56,0.77
FLC-2023-0369,Region A,2024,Administrative,Settlement,True,631311.19,3.8,5.3,6.6,6.2,6.9,4.6,9.7,3.8,0,3.1,9.8,8.2,1,2,2,82.7,True,4,6.3,891861,9.3,5.2,Art. 5 Admin Law,Regulatory Violation,76818.85,Assess plaintiff claims -> Review evidence -> Determine outcome,308026.38,0.49,0.8
FLC-2024-0370,Region C,2015,International Treaty,Loss,True,366552.53,0.7,5.1,5.8,5.9,7.7,6.8,10.0,0.7,4,0.8,5.0,9.5,9,3,3,119.8,False,9,9.0,262757,6.0,9.1,Art. 97,Cross-Border Dispute,291615.14,Assess plaintiff claims -> Review evidence -> Determine outcome,316969.52,0.86,0.54
FLC-2025-0371,Region E,2018,International Treaty,Loss,False,1754347.32,2.6,7.6,7.4,9.7,3.5,7.0,8.4,2.6,2,2.2,6.9,2.4,9,0,4,20.7,False,2,5.1,305751,6.6,7.3,Art. 97,Cross-Border Dispute,69254.72,Analyze treaty -> Evaluate cross-border compliance -> Recommend settlement,843464.38,0.48,0.41
FLC-2023-0372,Region B,2017,Criminal,Settlement,True,956573.4,4.9,7.0,7.6,7.2,4.8,4.7,5.5,4.9,3,2.4,9.6,4.5,8,2,3,38.1,False,4,7.1,690009,8.5,8.5,Art. 12 Penal Code,Fraud,249765.49,Assess plaintiff claims -> Review evidence -> Determine outcome,700872.49,0.73,0.85
FLC-2024-0373,Region C,2019,Commercial,Settlement,True,199462.02,3.0,7.2,9.2,7.0,8.0,9.3,6.1,3.0,2,3.3,8.8,3.6,9,3,4,111.2,False,2,6.7,842847,9.1,5.2,Art. 25 CISG,Cross-Border Dispute,207003.81,Check jurisdiction -> Assess contract clauses -> Compute liability,138239.58,0.69,0.89
FLC-2025-0374,Region D,2021,Criminal,Loss,True,154788.27,2.2,4.5,9.1,9.9,7.5,5.7,10.0,2.2,4,2.0,7.6,8.3,9,1,0,151.8,False,3,9.1,246289,8.1,9.0,Art. 12 Penal Code,Fraud,190559.65,Review charges -> Evaluate evidence -> Determine verdict,108780.58,0.7,0.75
FLC-2023-0375,Region A,2019,Commercial,Win,True,63163.05,1.5,9.3,9.0,9.7,3.7,5.6,7.5,1.5,2,3.3,6.7,0.6,2,3,0,91.5,True,3,6.3,36109,8.6,7.8,Art. 25 CISG,Cross-Border Dispute,52046.85,Check applicable law -> Compute damages -> Advise resolution,43996.17,0.7,0.75
FLC-2024-0376,Region A,2020,Administrative,Settlement,False,545225.34,6.1,7.0,9.9,7.3,3.5,9.9,9.2,6.1,1,4.8,6.7,8.1,1,2,2,149.0,False,8,6.8,746692,8.2,9.9,Art. 5 Admin Law,Regulatory Violation,77337.69,Analyze treaty -> Evaluate cross-border compliance -> Recommend settlement,208638.52,0.38,0.75
FLC-2025-0377,Region C,2022,Criminal,Loss,False,709338.66,5.9,6.3,6.3,8.0,9.2,5.9,7.0,5.9,2,6.7,5.6,3.5,7,0,1,34.1,False,9,7.6,878242,5.8,9.3,Art. 12 Penal Code,Fraud,141134.47,Assess plaintiff claims -> Review evidence -> Determine outcome,326761.26,0.46,0.41
FLC-2023-0378,Region C,2016,International Treaty,Loss,True,546650.44,1.2,8.8,9.0,7.9,8.5,5.2,5.3,1.2,4,0.3,8.9,4.9,3,2,1,30.2,True,0,5.9,514672,7.9,6.9,Art. 97,Cross-Border Dispute,33571.0,Assess plaintiff claims -> Review evidence -> Determine outcome,546650.44,1.0,0.57
FLC-2024-0379,Region B,2021,Civil,Settlement,False,183264.43,6.7,4.4,7.9,8.6,3.7,7.8,6.4,6.7,2,5.8,7.7,1.3,7,2,1,52.5,False,2,7.8,592952,6.6,5.1,Art. 45 Civil Code,Breach of Contract,110093.26,Assess plaintiff claims -> Review evidence -> Determine outcome,55936.17,0.31,0.71
FLC-2025-0380,Region C,2015,International Treaty,Settlement,False,332732.86,4.0,4.7,7.3,5.4,7.2,5.6,7.6,4.0,4,3.4,5.0,2.1,2,0,4,190.8,False,4,10.0,399036,9.2,7.2,Art. 97,Cross-Border Dispute,175607.83,Check jurisdiction -> Assess contract clauses -> Compute liability,180765.05,0.54,0.41
FLC-2023-0381,Region D,2015,Criminal,Loss,True,262853.36,2.2,5.6,7.9,8.5,4.2,4.9,7.3,2.2,1,0.8,8.6,0.7,4,4,3,194.7,True,9,5.7,160245,6.6,7.2,Art. 12 Penal Code,Fraud,201232.48,Analyze treaty -> Evaluate cross-border compliance -> Recommend settlement,220818.46,0.84,0.84
FLC-2024-0382,Region E,2015,International Treaty,Loss,False,161458.88,3.3,9.9,5.4,8.3,6.1,6.7,7.3,3.3,0,2.0,9.8,9.3,4,4,4,170.4,False,5,8.6,645911,9.4,6.0,Art. 97,Cross-Border Dispute,253166.07,Check applicable law -> Compute damages -> Advise resolution,102685.49,0.64,0.43
FLC-2025-0383,Region E,2017,International Treaty,Loss,True,108858.48,1.2,4.6,5.4,5.0,6.0,7.0,8.2,1.2,3,0.3,5.2,3.5,6,3,2,122.9,True,0,7.5,866665,5.4,7.3,Art. 97,Cross-Border Dispute,233412.8,Analyze treaty -> Evaluate cross-border compliance -> Recommend settlement,91889.67,0.84,0.57
FLC-2023-0384,Region E,2016,Administrative,Settlement,False,199427.01,6.8,8.2,8.1,5.9,6.3,8.3,7.6,6.8,3,5.6,6.6,6.1,7,2,4,85.4,True,1,9.9,408096,8.6,9.8,Art. 5 Admin Law,Regulatory Violation,10773.01,Check jurisdiction -> Assess contract clauses -> Compute liability,64364.69,0.32,0.66
FLC-2024-0385,Region E,2017,International Treaty,Loss,True,268741.6,3.1,4.4,6.1,6.5,8.5,5.0,5.2,3.1,4,3.5,5.7,0.3,8,2,0,190.3,True,1,6.5,731493,8.2,9.1,Art. 97,Cross-Border Dispute,74636.06,Review charges -> Evaluate evidence -> Determine verdict,229852.1,0.86,0.54
FLC-2025-0386,Region B,2024,Commercial,Settlement,False,447692.85,8.7,7.7,9.5,7.5,8.8,6.4,5.5,8.7,1,7.3,6.0,6.9,6,1,1,48.4,False,9,5.8,127525,6.4,7.7,Art. 25 CISG,Cross-Border Dispute,14697.22,Check jurisdiction -> Assess contract clauses -> Compute liability,135167.96,0.3,0.57
FLC-2023-0387,Region D,2022,International Treaty,Win,False,3009423.68,5.5,5.3,8.6,8.5,4.1,9.5,5.3,5.5,1,3.8,6.2,4.0,9,3,4,61.0,True,6,8.3,45420,9.1,5.1,Art. 97,Cross-Border Dispute,152373.31,Check jurisdiction -> Assess contract clauses -> Compute liability,1697795.39,0.56,0.28
FLC-2024-0388,Region A,2016,Administrative,Dismissed,False,238666.12,8.6,9.2,8.4,9.7,8.1,5.1,7.2,8.6,2,5.7,6.9,7.4,3,2,2,127.2,False,5,6.2,606507,6.9,5.8,Art. 5 Admin Law,Regulatory Violation,90021.11,Review charges -> Evaluate evidence -> Determine verdict,60739.41,0.25,0.59
FLC-2025-0389,Region C,2017,Commercial,Settlement,True,49610.46,2.4,9.5,8.0,9.0,8.5,5.2,8.3,2.4,1,2.9,5.7,3.8,5,2,0,197.7,True,4,7.7,291144,5.8,6.2,Art. 25 CISG,Cross-Border Dispute,249297.39,Check applicable law -> Compute damages -> Advise resolution,31549.12,0.64,0.73
FLC-2023-0390,Region D,2019,Criminal,Loss,True,493255.89,3.6,6.4,9.4,6.8,7.2,4.7,5.3,3.6,3,3.4,6.1,7.1,3,2,4,143.4,False,9,7.1,819403,7.9,9.7,Art. 12 Penal Code,Fraud,237903.42,Check jurisdiction -> Assess contract clauses -> Compute liability,318702.63,0.65,0.86
FLC-2024-0391,Region D,2023,Civil,Settlement,True,140906.74,5.1,9.5,5.1,9.8,6.2,6.5,6.3,5.1,0,2.0,9.2,9.7,3,4,1,158.1,True,9,7.8,983567,7.6,5.6,Art. 45 Civil Code,Breach of Contract,75958.7,Check jurisdiction -> Assess contract clauses -> Compute liability,70639.09,0.5,0.82
FLC-2025-0392,Region D,2015,Administrative,Win,True,119141.58,3.0,9.2,7.5,5.7,4.5,7.9,7.1,3.0,1,3.0,7.4,5.0,5,2,3,33.2,False,8,8.6,299509,5.7,7.6,Art. 5 Admin Law,Regulatory Violation,260214.02,Analyze treaty -> Evaluate cross-border compliance -> Recommend settlement,66199.69,0.56,0.8
FLC-2023-0393,Region D,2024,Administrative,Win,False,573994.26,7.3,5.1,5.6,5.7,8.2,6.8,8.9,7.3,2,4.8,8.0,6.9,5,0,2,134.8,True,7,7.1,800947,9.3,8.4,Art. 5 Admin Law,Regulatory Violation,81768.61,Check applicable law -> Compute damages -> Advise resolution,130756.66,0.23,0.68
FLC-2024-0394,Region A,2017,International Treaty,Loss,True,1079342.94,3.1,5.3,6.3,6.2,9.9,5.2,7.9,3.1,0,1.7,5.0,7.3,7,0,1,84.0,True,7,8.2,642157,8.8,6.3,Art. 97,Cross-Border Dispute,222939.8,Assess plaintiff claims -> Review evidence -> Determine outcome,851245.95,0.79,0.53
FLC-2025-0395,Region A,2021,Administrative,Loss,True,327847.53,1.9,6.8,7.7,10.0,5.8,7.7,6.8,1.9,3,0.9,5.2,4.3,9,3,1,158.3,True,3,8.2,401327,7.5,5.1,Art. 5 Admin Law,Regulatory Violation,115181.86,Analyze treaty -> Evaluate cross-border compliance -> Recommend settlement,239868.95,0.73,0.79
FLC-2023-0396,Region D,2018,Administrative,Win,False,497677.43,9.2,5.4,8.9,9.9,6.3,5.8,7.1,9.2,2,7.6,8.7,6.3,4,1,2,66.7,True,7,9.1,621103,5.4,6.5,Art. 5 Admin Law,Regulatory Violation,17368.98,Review charges -> Evaluate evidence -> Determine verdict,66103.44,0.13,0.87
FLC-2024-0397,Region C,2024,Administrative,Settlement,False,818447.05,6.7,9.2,7.4,10.0,9.9,9.3,7.9,6.7,0,4.9,8.9,6.6,8,3,0,128.7,True,5,5.6,247509,5.8,8.9,Art. 5 Admin Law,Regulatory Violation,163766.42,Analyze treaty -> Evaluate cross-border compliance -> Recommend settlement,272165.47,0.33,0.65
FLC-2025-0398,Region E,2023,Civil,Loss,True,188996.57,5.0,6.2,8.0,7.5,7.5,9.8,5.3,5.0,4,5.0,5.4,5.6,7,4,4,86.0,True,8,8.3,232897,8.5,5.0,Art. 45 Civil Code,Breach of Contract,59578.88,Check applicable law -> Compute damages -> Advise resolution,88538.94,0.47,1.0
FLC-2023-0399,Region E,2020,Criminal,Settlement,True,849644.35,3.5,7.6,5.4,5.3,5.6,8.3,7.8,3.5,0,1.0,9.1,5.6,6,4,2,141.2,True,9,6.4,910222,5.9,6.5,Art. 12 Penal Code,Fraud,156540.47,Check jurisdiction -> Assess contract clauses -> Compute liability,565821.62,0.67,0.77
FLC-2024-0400,Region A,2023,International Treaty,Settlement,True,282463.42,1.6,5.3,9.3,8.7,5.9,6.8,7.1,1.6,1,0.8,9.6,3.9,9,3,3,86.6,False,6,9.5,122509,8.8,7.4,Art. 97,Cross-Border Dispute,213442.52,Analyze treaty -> Evaluate cross-border compliance -> Recommend settlement,260834.05,0.92,0.66
FLC-2025-0401,Region B,2019,Criminal,Settlement,True,587625.18,2.3,4.1,7.6,8.2,4.6,7.5,8.2,2.3,0,2.3,9.2,8.9,1,0,1,20.6,False,6,5.5,589829,8.1,5.4,Art. 12 Penal Code,Fraud,93327.81,Check jurisdiction -> Assess contract clauses -> Compute liability,443101.39,0.75,0.73
FLC-2023-0402,Region E,2017,International Treaty,Loss,False,750300.31,2.2,6.3,6.3,5.8,5.4,8.5,8.8,2.2,4,4.3,9.0,9.8,2,0,2,107.2,False,1,5.0,545283,7.8,8.6,Art. 97,Cross-Border Dispute,87221.76,Review charges -> Evaluate evidence -> Determine verdict,522682.9,0.7,0.38
FLC-2024-0403,Region B,2017,Commercial,Loss,True,149254.09,2.6,6.3,7.0,8.1,3.9,7.5,8.3,2.6,0,1.4,9.4,5.6,7,0,2,78.5,False,9,7.4,444333,5.6,9.3,Art. 25 CISG,Cross-Border Dispute,115696.92,Review charges -> Evaluate evidence -> Determine verdict,108914.21,0.73,0.65
FLC-2025-0404,Region E,2023,Commercial,Settlement,True,115829.56,2.4,9.6,6.8,5.3,8.3,8.2,8.0,2.4,2,2.3,5.2,6.2,8,4,4,193.9,True,9,5.9,858735,9.7,8.0,Art. 25 CISG,Cross-Border Dispute,214451.46,Review charges -> Evaluate evidence -> Determine verdict,75455.1,0.65,0.55
FLC-2023-0405,Region C,2015,Administrative,Win,False,136779.67,6.7,9.9,8.1,9.7,9.7,5.2,6.6,6.7,3,5.7,7.8,1.0,1,3,0,60.5,False,9,8.1,222738,8.1,6.2,Art. 5 Admin Law,Regulatory Violation,80301.92,Check jurisdiction -> Assess contract clauses -> Compute liability,26595.68,0.19,0.7
FLC-2024-0406,Region D,2016,International Treaty,Loss,False,1098859.46,1.6,9.5,7.7,8.6,3.9,7.7,8.5,1.6,4,0.0,8.3,6.8,4,1,2,180.9,True,2,10.0,147297,8.2,6.5,Art. 97,Cross-Border Dispute,93517.47,Check applicable law -> Compute damages -> Advise resolution,649462.87,0.59,0.47
FLC-2025-0407,Region D,2020,Administrative,Win,True,136125.26,5.6,7.7,8.6,7.1,8.3,5.4,6.1,5.6,3,6.6,6.7,4.9,4,0,1,67.8,True,0,6.2,741176,7.7,8.0,Art. 5 Admin Law,Regulatory Violation,255712.75,Review charges -> Evaluate evidence -> Determine verdict,77994.72,0.57,0.66
FLC-2023-0408,Region D,2016,Criminal,Win,False,33612.56,3.8,5.0,6.3,5.2,7.9,7.0,5.5,3.8,0,3.6,5.5,6.1,5,3,2,198.3,True,6,8.2,329042,5.4,9.1,Art. 12 Penal Code,Fraud,138626.72,Analyze treaty -> Evaluate cross-border compliance -> Recommend settlement,15749.76,0.47,0.59
FLC-2024-0409,Region E,2022,Administrative,Loss,False,57446.58,7.4,7.7,7.3,5.2,3.1,4.7,8.2,7.4,1,6.9,6.4,9.2,5,3,4,132.5,True,1,7.6,180480,9.2,7.4,Art. 5 Admin Law,Regulatory Violation,86138.96,Review charges -> Evaluate evidence -> Determine verdict,24180.59,0.42,0.6
FLC-2025-0410,Region C,2017,Criminal,Settlement,False,403557.12,4.5,9.4,9.2,7.8,7.3,6.8,7.0,4.5,2,1.9,5.2,6.7,1,1,0,113.4,True,2,6.1,149940,6.2,5.9,Art. 12 Penal Code,Fraud,178436.29,Analyze treaty -> Evaluate cross-border compliance -> Recommend settlement,148622.2,0.37,0.26
FLC-2023-0411,Region E,2015,Administrative,Settlement,False,577542.86,6.0,6.3,8.2,7.5,8.9,9.2,5.9,6.0,0,6.0,5.9,0.2,1,3,1,180.0,True,4,9.6,642204,9.9,8.3,Art. 5 Admin Law,Regulatory Violation,13801.6,Check jurisdiction -> Assess contract clauses -> Compute liability,284476.02,0.49,0.49
FLC-2024-0412,Region E,2022,Commercial,Loss,False,1004490.0,7.4,8.7,5.8,5.1,7.4,9.9,6.7,7.4,1,5.7,9.5,9.8,6,4,4,49.9,True,1,6.5,29004,9.8,6.3,Art. 25 CISG,Cross-Border Dispute,139260.97,Review charges -> Evaluate evidence -> Determine verdict,304744.49,0.3,0.37
FLC-2025-0413,Region E,2018,Civil,Settlement,True,1368871.64,5.9,7.1,6.7,9.3,6.3,8.8,7.9,5.9,2,5.4,6.7,4.2,9,2,3,69.3,True,3,8.6,717696,9.8,5.8,Art. 45 Civil Code,Breach of Contract,127036.37,Review charges -> Evaluate evidence -> Determine verdict,689135.62,0.5,0.86
FLC-2023-0414,Region A,2018,Criminal,Settlement,False,856338.43,5.0,5.8,7.6,8.6,9.5,4.5,9.8,5.0,4,5.1,7.0,3.1,3,4,1,36.0,True,9,7.9,975128,9.2,6.8,Art. 12 Penal Code,Fraud,238915.36,Assess plaintiff claims -> Review evidence -> Determine outcome,415550.2,0.49,0.6
FLC-2024-0415,Region B,2015,Criminal,Loss,True,444205.23,4.6,4.6,7.1,5.5,7.3,4.9,7.6,4.6,2,3.5,6.6,6.8,2,4,2,160.9,True,0,6.8,329085,6.3,8.7,Art. 12 Penal Code,Fraud,126896.06,Check applicable law -> Compute damages -> Advise resolution,269768.67,0.61,0.65
FLC-2025-0416,Region D,2015,Criminal,Settlement,False,237864.26,3.9,9.7,5.3,8.5,6.7,6.9,6.1,3.9,0,2.1,6.0,5.5,1,0,1,195.3,False,9,7.1,276871,6.5,7.8,Art. 12 Penal Code,Fraud,164554.05,Assess plaintiff claims -> Review evidence -> Determine outcome,139399.85,0.59,0.53
FLC-2023-0417,Region C,2023,Commercial,Settlement,False,2730345.09,3.8,5.5,7.1,6.8,9.0,4.8,7.8,3.8,0,1.9,8.5,9.1,2,1,1,115.6,False,0,8.4,833890,8.8,7.4,Art. 25 CISG,Cross-Border Dispute,118192.81,Assess plaintiff claims -> Review evidence -> Determine outcome,1315453.96,0.48,0.35
FLC-2024-0418,Region B,2017,Civil,Win,False,1214857.49,10.0,9.7,9.3,5.0,5.7,8.9,6.8,10.0,3,8.5,5.6,9.7,6,0,3,199.6,False,2,5.9,559236,6.2,9.0,Art. 45 Civil Code,Breach of Contract,8177.88,Assess plaintiff claims -> Review evidence -> Determine outcome,60189.65,0.05,0.82
FLC-2025-0419,Region B,2021,Administrative,Settlement,True,223185.64,4.5,9.3,7.7,8.2,6.8,4.3,8.7,4.5,0,3.9,7.0,4.2,8,0,3,129.6,True,2,6.0,331657,7.0,9.1,Art. 5 Admin Law,Regulatory Violation,4948.23,Review charges -> Evaluate evidence -> Determine verdict,116213.29,0.52,0.99
FLC-2023-0420,Region B,2018,Commercial,Settlement,False,255669.05,5.7,9.6,9.1,8.5,3.6,6.5,7.8,5.7,2,5.2,6.4,4.8,5,0,4,78.2,True,6,5.5,355820,6.5,9.4,Art. 25 CISG,Cross-Border Dispute,70990.38,Assess plaintiff claims -> Review evidence -> Determine outcome,104344.17,0.41,0.52
FLC-2024-0421,Region B,2024,Criminal,Loss,False,481780.11,4.6,8.6,9.3,9.9,4.9,8.3,7.0,4.6,0,3.5,5.2,0.0,7,2,4,178.5,False,9,9.1,751561,6.3,5.7,Art. 12 Penal Code,Fraud,124598.49,Review charges -> Evaluate evidence -> Determine verdict,207214.74,0.43,0.75
FLC-2025-0422,Region D,2022,Commercial,Loss,False,133448.9,3.3,6.2,9.0,7.6,7.0,9.1,9.0,3.3,2,4.6,6.0,4.6,1,3,2,107.7,False,3,8.7,781768,8.5,8.8,Art. 25 CISG,Cross-Border Dispute,38307.94,Check applicable law -> Compute damages -> Advise resolution,57309.84,0.43,0.38
FLC-2023-0423,Region E,2018,Commercial,Loss,True,539246.22,1.7,7.6,8.6,6.5,6.6,8.5,7.3,1.7,2,0.6,8.9,2.2,6,0,0,77.2,False,8,7.2,504528,9.4,8.2,Art. 25 CISG,Cross-Border Dispute,69916.94,Analyze treaty -> Evaluate cross-border compliance -> Recommend settlement,386715.56,0.72,0.76
FLC-2024-0424,Region A,2019,International Treaty,Loss,True,417194.33,1.5,7.7,7.7,8.7,7.9,7.2,8.4,1.5,3,2.2,7.2,4.1,2,2,2,100.2,True,4,9.3,684045,8.7,8.8,Art. 97,Cross-Border Dispute,441785.17,Review charges -> Evaluate evidence -> Determine verdict,371181.69,0.89,0.55
FLC-2025-0425,Region B,2019,Civil,Win,True,898465.75,5.8,8.9,9.1,5.3,4.2,5.9,6.6,5.8,4,4.4,9.3,3.0,7,3,2,123.6,True,6,5.4,90590,5.5,9.3,Art. 45 Civil Code,Breach of Contract,13099.7,Check applicable law -> Compute damages -> Advise resolution,321276.29,0.36,1.0
FLC-2023-0426,Region E,2016,Criminal,Settlement,True,376971.74,2.1,6.1,7.3,6.0,4.6,5.6,7.2,2.1,3,1.5,9.5,1.3,4,0,3,198.3,False,8,5.0,577563,7.6,6.6,Art. 12 Penal Code,Fraud,152544.2,Analyze treaty -> Evaluate cross-border compliance -> Recommend settlement,292401.51,0.78,0.81
FLC-2024-0427,Region A,2023,Civil,Win,False,1388032.88,9.0,7.0,5.1,6.7,4.3,8.1,5.3,9.0,4,8.5,6.1,9.5,1,4,1,92.7,True,1,7.1,928070,9.4,8.7,Art. 45 Civil Code,Breach of Contract,45465.36,Check applicable law -> Compute damages -> Advise resolution,225357.89,0.16,0.73
FLC-2025-0428,Region A,2022,International Treaty,Loss,False,492862.5,3.3,5.3,9.6,9.7,6.5,4.0,5.5,3.3,3,1.5,9.8,6.5,6,3,1,124.2,False,4,6.5,516329,6.8,9.8,Art. 97,Cross-Border Dispute,199835.01,Check jurisdiction -> Assess contract clauses -> Compute liability,349406.95,0.71,0.34
FLC-2023-0429,Region D,2015,Commercial,Loss,True,89265.84,0.6,6.9,9.7,6.1,3.5,9.3,9.2,0.6,1,1.4,9.9,3.9,7,2,1,172.0,True,6,7.5,692310,9.7,7.2,Art. 25 CISG,Cross-Border Dispute,48964.38,Review charges -> Evaluate evidence -> Determine verdict,76537.84,0.86,0.67
FLC-2024-0430,Region B,2024,Civil,Settlement,True,44106.15,5.9,5.5,8.5,5.5,9.4,5.3,6.0,5.9,3,6.8,6.1,7.5,3,3,3,53.9,False,6,8.0,948176,9.8,6.2,Art. 45 Civil Code,Breach of Contract,285361.56,Analyze treaty -> Evaluate cross-border compliance -> Recommend settlement,29379.07,0.67,0.78
FLC-2025-0431,Region A,2016,Commercial,Settlement,False,117604.66,6.0,5.9,10.0,5.2,3.9,5.3,9.1,6.0,4,3.0,9.0,9.7,7,3,0,43.9,False,3,7.2,953064,6.3,5.3,Art. 25 CISG,Cross-Border Dispute,76267.13,Check applicable law -> Compute damages -> Advise resolution,41937.44,0.36,0.67
FLC-2023-0432,Region C,2023,Administrative,Settlement,True,1298817.8,3.5,9.6,8.8,9.9,3.3,5.7,6.0,3.5,1,3.1,8.4,2.3,4,1,1,144.9,True,1,5.8,657282,7.3,5.9,Art. 5 Admin Law,Regulatory Violation,191660.23,Analyze treaty -> Evaluate cross-border compliance -> Recommend settlement,724175.52,0.56,0.92
FLC-2024-0433,Region D,2023,Civil,Win,True,222437.04,6.8,9.1,7.4,8.9,4.0,7.0,7.0,6.8,2,6.1,8.9,2.3,8,4,2,23.3,False,6,5.9,501884,5.1,7.1,Art. 45 Civil Code,Breach of Contract,104751.78,Check applicable law -> Compute damages -> Advise resolution,80133.29,0.36,1.0
FLC-2025-0434,Region B,2019,Administrative,Settlement,True,1381552.01,2.3,4.3,5.9,9.7,9.8,8.4,6.3,2.3,3,0.8,8.2,5.9,9,1,1,127.5,True,8,7.5,815980,7.2,6.0,Art. 5 Admin Law,Regulatory Violation,212912.15,Check jurisdiction -> Assess contract clauses -> Compute liability,1118144.71,0.81,0.7
FLC-2023-0435,Region A,2017,Administrative,Loss,False,730613.36,5.4,5.9,6.8,8.3,7.4,5.4,9.5,5.4,1,4.9,6.7,7.9,5,2,0,51.2,True,0,8.4,301646,5.1,8.5,Art. 5 Admin Law,Regulatory Violation,49170.7,Review charges -> Evaluate evidence -> Determine verdict,295767.19,0.4,0.52
FLC-2024-0436,Region A,2017,Criminal,Settlement,False,148849.36,3.3,6.2,8.9,8.0,7.5,8.5,5.6,3.3,4,4.3,8.5,5.8,3,4,4,56.3,True,3,8.3,855531,5.3,9.8,Art. 12 Penal Code,Fraud,243552.16,Assess plaintiff claims -> Review evidence -> Determine outcome,100747.24,0.68,0.67
FLC-2025-0437,Region C,2023,Commercial,Settlement,True,1241143.52,2.2,4.6,9.8,6.0,3.4,9.8,7.7,2.2,0,1.7,7.9,8.9,5,3,1,92.3,True,9,7.6,649413,5.5,5.7,Art. 25 CISG,Cross-Border Dispute,81004.84,Analyze treaty -> Evaluate cross-border compliance -> Recommend settlement,917239.62,0.74,0.63
FLC-2023-0438,Region A,2019,International Treaty,Loss,True,1431810.0,0.0,8.3,5.7,9.1,7.2,9.7,6.7,0.0,0,0.0,8.4,4.3,9,1,2,56.9,False,7,6.8,724001,8.6,10.0,Art. 97,Cross-Border Dispute,86170.0,Check applicable law -> Compute damages -> Advise resolution,1431810.0,1.0,0.72
FLC-2024-0439,Region D,2017,International Treaty,Settlement,True,172203.11,1.5,6.6,7.8,7.0,4.5,7.6,8.8,1.5,3,2.4,6.2,7.3,2,2,3,47.5,False,0,7.5,632633,5.6,6.6,Art. 97,Cross-Border Dispute,164359.76,Review charges -> Evaluate evidence -> Determine verdict,139945.42,0.81,0.68
FLC-2025-0440,Region C,2022,Criminal,Loss,True,5873581.7,2.7,9.6,5.8,5.9,6.0,8.8,6.5,2.7,1,0.8,8.1,5.4,7,3,1,135.7,True,1,8.0,503865,5.1,7.4,Art. 12 Penal Code,Fraud,43960.07,Review charges -> Evaluate evidence -> Determine verdict,4944998.23,0.84,0.86
FLC-2023-0441,Region C,2017,Administrative,Settlement,True,2551754.98,4.2,5.3,8.9,7.2,4.3,9.4,6.0,4.2,1,2.5,7.4,0.0,5,0,2,193.9,False,0,9.7,322546,5.3,9.6,Art. 5 Admin Law,Regulatory Violation,206930.32,Check jurisdiction -> Assess contract clauses -> Compute liability,1298772.58,0.51,0.78
FLC-2024-0442,Region D,2017,Commercial,Settlement,True,736228.14,2.8,8.5,9.5,9.6,5.7,5.0,9.6,2.8,3,3.4,6.0,3.9,6,2,2,48.6,False,3,8.7,562143,9.5,9.4,Art. 25 CISG,Cross-Border Dispute,76996.57,Assess plaintiff claims -> Review evidence -> Determine outcome,470002.8,0.64,0.86
FLC-2025-0443,Region B,2024,Commercial,Win,False,532244.72,5.7,5.8,6.1,5.2,3.3,9.2,8.4,5.7,4,3.7,5.4,6.9,4,0,0,170.4,False,7,9.6,733942,7.6,9.5,Art. 25 CISG,Cross-Border Dispute,23672.28,Check applicable law -> Compute damages -> Advise resolution,274330.37,0.52,0.4
FLC-2023-0444,Region A,2021,International Treaty,Settlement,False,964221.6,6.9,9.3,8.4,6.8,6.6,8.1,9.8,6.9,1,5.8,9.3,5.2,7,1,3,183.2,True,2,7.3,260201,9.2,7.3,Art. 97,Cross-Border Dispute,87222.59,Analyze treaty -> Evaluate cross-border compliance -> Recommend settlement,594384.93,0.62,0.44
FLC-2024-0445,Region D,2024,Criminal,Settlement,False,98937.15,3.3,8.4,9.0,9.7,7.3,5.5,9.6,3.3,2,2.6,9.8,8.9,8,0,1,103.0,False,8,5.2,795944,8.9,5.8,Art. 12 Penal Code,Fraud,100279.38,Analyze treaty -> Evaluate cross-border compliance -> Recommend settlement,52187.45,0.53,0.55
FLC-2025-0446,Region C,2015,Civil,Settlement,True,948534.69,4.3,9.6,5.8,8.6,8.3,4.5,9.3,4.3,4,3.7,8.3,2.2,5,4,1,115.8,False,4,9.6,425018,9.8,7.2,Art. 45 Civil Code,Breach of Contract,110364.76,Check jurisdiction -> Assess contract clauses -> Compute liability,551844.0,0.58,1.0
FLC-2023-0447,Region A,2021,Commercial,Loss,True,160506.78,1.2,6.6,7.4,8.8,3.7,8.6,8.4,1.2,0,0.0,8.7,4.7,3,2,3,125.9,True,4,8.7,325158,10.0,5.4,Art. 25 CISG,Cross-Border Dispute,196170.83,Analyze treaty -> Evaluate cross-border compliance -> Recommend settlement,138734.42,0.86,0.73
FLC-2024-0448,Region A,2017,Administrative,Dismissed,False,387230.44,6.2,6.6,7.8,9.4,9.5,7.2,8.8,6.2,4,2.2,5.6,9.6,3,4,3,26.3,True,4,9.2,928168,9.5,7.5,Art. 5 Admin Law,Regulatory Violation,48289.56,Check jurisdiction -> Assess contract clauses -> Compute liability,100235.26,0.26,0.78
FLC-2025-0449,Region E,2024,International Treaty,Loss,True,2233441.06,0.0,9.4,8.4,9.9,8.4,9.7,6.1,0.0,4,0.6,8.1,1.5,9,3,2,175.2,False,6,9.1,676087,8.0,6.8,Art. 97,Cross-Border Dispute,453837.0,Review charges -> Evaluate evidence -> Determine verdict,2233441.06,1.0,0.57
FLC-2023-0450,Region D,2021,Administrative,Win,True,1457059.96,4.2,5.9,9.2,8.8,5.3,7.2,5.3,4.2,4,3.8,5.3,6.3,1,3,1,121.1,False,9,7.8,520518,6.4,6.4,Art. 5 Admin Law,Regulatory Violation,233307.4,Assess plaintiff claims -> Review evidence -> Determine outcome,830123.07,0.57,0.84
FLC-2024-0451,Region E,2024,Civil,Win,True,158744.37,6.0,8.0,10.0,5.5,7.7,5.7,8.2,6.0,1,3.7,9.2,3.5,4,4,0,54.0,True,3,8.7,821484,7.4,9.7,Art. 45 Civil Code,Breach of Contract,161383.73,Review charges -> Evaluate evidence -> Determine verdict,71103.57,0.45,0.8
FLC-2025-0452,Region C,2020,Administrative,Settlement,True,256283.13,5.9,4.8,8.6,8.3,3.3,9.0,6.2,5.9,0,4.0,5.3,4.3,3,0,4,92.3,False,9,7.5,60547,7.1,7.1,Art. 5 Admin Law,Regulatory Violation,65905.69,Analyze treaty -> Evaluate cross-border compliance -> Recommend settlement,119180.63,0.47,0.94
FLC-2023-0453,Region B,2015,Administrative,Loss,True,908544.82,3.3,7.9,9.2,7.8,3.2,6.8,7.3,3.3,1,1.0,8.4,0.2,5,0,3,81.8,False,5,7.4,299388,6.7,6.7,Art. 5 Admin Law,Regulatory Violation,91721.04,Check jurisdiction -> Assess contract clauses -> Compute liability,572013.75,0.63,0.81
FLC-2024-0454,Region A,2022,Administrative,Loss,False,653393.21,7.2,5.6,6.4,6.5,7.3,6.6,8.6,7.2,3,3.8,8.4,2.0,6,4,1,157.4,False,6,5.6,447710,9.3,7.2,Art. 5 Admin Law,Regulatory Violation,40942.19,Check applicable law -> Compute damages -> Advise resolution,201193.94,0.31,0.6
FLC-2025-0455,Region E,2024,Criminal,Settlement,False,1220954.93,4.8,9.7,6.7,7.2,7.9,7.5,6.6,4.8,4,4.7,8.7,0.4,9,0,0,75.6,True,5,6.1,814389,6.0,7.7,Art. 12 Penal Code,Fraud,131352.7,Review charges -> Evaluate evidence -> Determine verdict,665318.68,0.54,0.52
FLC-2023-0456,Region A,2019,Civil,Settlement,True,685171.52,6.5,7.8,8.9,9.3,3.1,8.1,5.1,6.5,1,5.7,6.6,4.4,3,0,2,67.1,False,3,8.6,514168,7.5,7.3,Art. 45 Civil Code,Breach of Contract,74440.64,Assess plaintiff claims -> Review evidence -> Determine outcome,291160.4,0.42,0.59
FLC-2024-0457,Region D,2020,International Treaty,Loss,False,1711604.94,4.0,8.3,9.0,7.5,3.8,6.6,9.2,4.0,4,3.4,9.3,3.9,1,3,2,137.7,False,6,5.6,935814,9.8,6.6,Art. 97,Cross-Border Dispute,142854.1,Assess plaintiff claims -> Review evidence -> Determine outcome,1078247.11,0.63,0.29
FLC-2025-0458,Region C,2020,International Treaty,Loss,True,397842.76,0.5,4.4,7.2,5.7,4.9,5.1,9.4,0.5,3,0.0,6.1,2.0,2,2,0,88.5,True,5,8.4,429596,6.7,6.6,Art. 97,Cross-Border Dispute,218018.85,Assess plaintiff claims -> Review evidence -> Determine outcome,344005.57,0.86,0.61
FLC-2023-0459,Region C,2020,Commercial,Loss,True,292447.25,2.8,7.8,5.6,8.7,4.9,6.7,9.4,2.8,1,3.1,9.2,0.5,5,1,4,108.0,False,8,7.5,876475,6.5,9.0,Art. 25 CISG,Cross-Border Dispute,219684.4,Check applicable law -> Compute damages -> Advise resolution,166317.87,0.57,0.9
FLC-2024-0460,Region D,2019,Administrative,Settlement,True,240324.19,5.5,5.6,9.7,7.7,8.8,6.2,5.5,5.5,3,2.8,8.4,3.7,4,0,4,103.6,False,8,8.2,808359,7.5,9.7,Art. 5 Admin Law,Regulatory Violation,268594.3,Assess plaintiff claims -> Review evidence -> Determine outcome,150438.17,0.63,0.88
FLC-2025-0461,Region E,2017,Administrative,Settlement,False,915311.12,7.2,7.8,7.8,8.5,5.9,8.5,7.0,7.2,1,3.9,5.9,6.2,7,0,4,97.5,True,3,6.8,352771,6.5,9.5,Art. 5 Admin Law,Regulatory Violation,100198.9,Check jurisdiction -> Assess contract clauses -> Compute liability,294427.13,0.32,0.63
FLC-2023-0462,Region A,2021,International Treaty,Loss,True,307482.75,0.0,5.6,8.2,9.2,5.8,9.0,5.8,0.0,0,1.3,7.2,7.0,4,4,0,150.7,False,5,7.9,746936,8.0,6.9,Art. 97,Cross-Border Dispute,471229.55,Review charges -> Evaluate evidence -> Determine verdict,292486.64,0.95,0.62
FLC-2024-0463,Region A,2024,Criminal,Loss,False,134696.05,2.6,7.4,9.7,8.6,7.8,9.8,9.0,2.6,2,0.9,7.7,5.5,3,0,1,68.7,False,4,6.5,942418,6.6,7.6,Art. 12 Penal Code,Fraud,249612.72,Assess plaintiff claims -> Review evidence -> Determine outcome,95021.53,0.71,0.75
FLC-2025-0464,Region B,2017,Administrative,Settlement,True,319828.1,0.0,6.3,5.7,8.5,9.0,8.1,5.1,0.0,1,0.0,8.6,3.7,8,2,0,56.0,False,9,5.4,434671,8.9,6.8,Art. 5 Admin Law,Regulatory Violation,237275.74,Assess plaintiff claims -> Review evidence -> Determine outcome,219119.54,0.69,0.89
FLC-2023-0465,Region A,2021,Criminal,Win,False,805546.17,6.3,9.0,5.6,9.1,6.4,6.7,7.1,6.3,4,7.1,9.7,5.5,1,0,4,103.5,False,6,7.6,398348,9.3,9.1,Art. 12 Penal Code,Fraud,136933.05,Check applicable law -> Compute damages -> Advise resolution,350746.42,0.44,0.48
FLC-2024-0466,Region E,2021,Administrative,Win,False,96454.58,8.6,4.6,8.8,6.4,6.1,4.5,6.4,8.6,2,6.3,9.5,1.3,2,3,2,39.6,False,9,9.5,77126,8.7,7.6,Art. 5 Admin Law,Regulatory Violation,70608.05,Review charges -> Evaluate evidence -> Determine verdict,23810.67,0.25,0.58
FLC-2025-0467,Region E,2019,Civil,Win,False,981012.05,8.8,9.4,6.7,6.5,9.1,8.8,7.6,8.8,0,8.2,8.5,2.6,5,0,2,29.9,True,3,8.9,530604,9.7,5.6,Art. 45 Civil Code,Breach of Contract,7213.1,Review charges -> Evaluate evidence -> Determine verdict,121289.3,0.12,0.58
FLC-2023-0468,Region E,2021,Criminal,Win,False,557694.37,5.9,7.3,6.4,5.3,3.3,4.7,5.4,5.9,1,3.9,7.4,3.4,2,1,2,145.9,True,8,8.1,45588,9.2,5.6,Art. 12 Penal Code,Fraud,155512.75,Analyze treaty -> Evaluate cross-border compliance -> Recommend settlement,292716.19,0.52,0.55
FLC-2024-0469,Region A,2023,Administrative,Win,False,88256.97,6.9,4.1,9.1,6.8,7.1,4.4,5.9,6.9,3,5.3,7.1,0.5,1,1,2,86.9,True,4,9.5,954657,9.0,8.9,Art. 5 Admin Law,Regulatory Violation,15909.88,Check applicable law -> Compute damages -> Advise resolution,26645.37,0.3,0.73
FLC-2025-0470,Region E,2016,Commercial,Loss,True,1164870.03,5.8,6.5,5.9,5.6,7.1,6.2,5.4,5.8,1,4.2,6.2,5.0,4,4,4,166.3,True,5,5.3,79872,5.5,7.2,Art. 25 CISG,Cross-Border Dispute,120041.79,Review charges -> Evaluate evidence -> Determine verdict,595754.38,0.51,0.75
FLC-2023-0471,Region E,2021,Commercial,Loss,False,255807.01,7.5,6.0,7.3,9.6,9.3,4.5,5.7,7.5,0,5.6,9.9,5.6,7,1,4,190.9,True,1,5.3,101960,8.0,9.3,Art. 25 CISG,Cross-Border Dispute,58926.6,Check applicable law -> Compute damages -> Advise resolution,82886.14,0.32,0.55
FLC-2024-0472,Region C,2019,Civil,Win,False,629682.34,8.3,5.9,5.6,9.3,6.5,7.4,7.8,8.3,4,5.9,6.0,7.5,1,2,1,109.4,False,4,8.5,498425,7.2,8.5,Art. 45 Civil Code,Breach of Contract,62277.81,Check jurisdiction -> Assess contract clauses -> Compute liability,81084.87,0.13,0.57
FLC-2025-0473,Region C,2017,Civil,Settlement,True,374457.04,2.5,7.5,6.6,10.0,3.3,5.0,9.5,2.5,0,3.0,7.7,8.6,4,4,0,125.0,False,8,7.5,633465,6.7,5.4,Art. 45 Civil Code,Breach of Contract,117482.16,Analyze treaty -> Evaluate cross-border compliance -> Recommend settlement,243231.26,0.65,1.0
FLC-2023-0474,Region D,2015,Administrative,Win,True,454362.42,4.2,7.1,9.0,9.8,4.1,4.1,9.3,4.2,4,5.4,5.2,1.6,6,3,4,121.1,False,3,8.5,144979,8.3,9.4,Art. 5 Admin Law,Regulatory Violation,167554.25,Review charges -> Evaluate evidence -> Determine verdict,303736.57,0.67,0.83
FLC-2024-0475,Region C,2015,Civil,Dismissed,False,233537.67,9.7,8.0,8.7,7.9,6.1,8.6,5.3,9.7,1,6.8,5.7,4.0,1,3,4,199.1,True,2,5.8,537567,5.2,5.5,Art. 45 Civil Code,Breach of Contract,35173.13,Check applicable law -> Compute damages -> Advise resolution,51849.78,0.22,0.8
FLC-2025-0476,Region C,2018,Civil,Loss,True,282403.34,3.8,4.6,7.2,7.9,9.4,5.1,9.0,3.8,1,1.6,6.2,2.4,6,1,1,103.1,True,1,9.6,865093,5.5,7.9,Art. 45 Civil Code,Breach of Contract,163549.82,Check jurisdiction -> Assess contract clauses -> Compute liability,129732.98,0.46,0.91
FLC-2023-0477,Region B,2022,Criminal,Loss,True,635339.18,3.1,7.8,5.2,9.8,9.5,9.6,6.8,3.1,4,2.7,8.8,5.6,8,3,2,162.6,True,7,8.1,230632,5.1,9.0,Art. 12 Penal Code,Fraud,136165.85,Review charges -> Evaluate evidence -> Determine verdict,495674.17,0.78,0.81
FLC-2024-0478,Region B,2015,International Treaty,Loss,False,463068.06,3.2,9.3,6.4,5.7,3.8,8.2,5.0,3.2,3,3.7,5.0,7.2,7,0,0,192.6,False,0,7.8,35593,8.0,6.8,Art. 97,Cross-Border Dispute,193080.99,Check applicable law -> Compute damages -> Advise resolution,269977.02,0.58,0.23
FLC-2025-0479,Region D,2018,Criminal,Loss,True,679288.17,2.1,9.4,8.5,5.6,3.5,9.8,8.4,2.1,3,2.4,7.0,9.6,3,3,3,106.0,True,4,5.5,918293,9.6,8.0,Art. 12 Penal Code,Fraud,282409.23,Check applicable law -> Compute damages -> Advise resolution,494932.31,0.73,0.79
FLC-2023-0480,Region E,2022,International Treaty,Loss,True,836438.34,2.1,9.1,8.0,7.6,8.2,8.9,8.4,2.1,4,2.4,6.9,1.9,4,1,1,146.8,False,9,7.4,77757,6.4,5.9,Art. 97,Cross-Border Dispute,174641.44,Check applicable law -> Compute damages -> Advise resolution,713053.21,0.85,0.55
FLC-2024-0481,Region C,2022,Civil,Settlement,True,298536.92,3.0,8.3,10.0,5.7,3.3,8.2,9.2,3.0,3,2.0,6.6,0.9,2,3,2,48.4,True,6,7.9,724130,7.7,7.3,Art. 45 Civil Code,Breach of Contract,178503.44,Analyze treaty -> Evaluate cross-border compliance -> Recommend settlement,175471.09,0.59,0.82
FLC-2025-0482,Region C,2016,Civil,Settlement,True,1048377.82,5.2,6.7,9.6,7.3,4.9,4.9,5.0,5.2,3,5.7,7.9,4.0,7,2,4,94.1,True,3,5.2,313444,9.2,8.5,Art. 45 Civil Code,Breach of Contract,100448.6,Assess plaintiff claims -> Review evidence -> Determine outcome,437166.16,0.42,0.87
FLC-2023-0483,Region E,2018,Civil,Win,False,106950.65,7.7,4.5,6.2,8.9,6.7,9.6,7.1,7.7,1,6.2,7.6,7.9,1,1,1,177.4,False,0,8.1,742119,6.3,9.5,Art. 45 Civil Code,Breach of Contract,49802.29,Check applicable law -> Compute damages -> Advise resolution,16963.88,0.16,0.69
FLC-2024-0484,Region A,2016,Administrative,Win,False,345038.24,7.6,7.4,7.2,6.5,6.5,6.0,8.8,7.6,4,5.5,9.4,5.4,3,1,1,135.7,False,6,9.2,751506,5.1,8.1,Art. 5 Admin Law,Regulatory Violation,66871.71,Review charges -> Evaluate evidence -> Determine verdict,124356.87,0.36,0.7
FLC-2025-0485,Region E,2024,Administrative,Win,True,1113195.89,5.4,8.4,7.5,7.0,5.8,5.4,5.1,5.4,1,3.5,6.1,2.1,3,0,2,187.5,True,1,8.4,129514,9.9,9.3,Art. 5 Admin Law,Regulatory Violation,173058.04,Assess plaintiff claims -> Review evidence -> Determine outcome,545158.31,0.49,0.87
FLC-2023-0486,Region B,2022,Criminal,Loss,False,295175.35,6.7,8.0,7.2,8.4,3.2,7.5,7.8,6.7,1,5.3,6.0,8.1,3,0,4,99.3,False,4,7.7,342768,8.2,8.9,Art. 12 Penal Code,Fraud,18836.82,Check jurisdiction -> Assess contract clauses -> Compute liability,89228.17,0.3,0.49
FLC-2024-0487,Region E,2015,Criminal,Settlement,False,733666.81,3.5,8.5,8.3,7.0,4.8,9.9,9.0,3.5,2,3.7,8.4,2.9,1,2,4,194.3,False,3,8.9,140363,6.3,9.1,Art. 12 Penal Code,Fraud,135779.69,Analyze treaty -> Evaluate cross-border compliance -> Recommend settlement,452235.39,0.62,0.52
FLC-2025-0488,Region D,2017,International Treaty,Loss,True,1809605.63,1.9,6.0,7.6,6.1,7.1,7.5,6.0,1.9,1,0.9,8.2,3.2,2,0,2,170.4,False,9,9.0,129993,9.3,8.0,Art. 97,Cross-Border Dispute,87312.01,Review charges -> Evaluate evidence -> Determine verdict,1605889.95,0.89,0.67
FLC-2023-0489,Region B,2024,Administrative,Win,True,56755.82,3.8,9.7,8.9,8.7,7.8,6.5,9.6,3.8,2,1.7,6.1,3.2,2,1,1,125.1,False,1,8.1,509034,6.2,9.0,Art. 5 Admin Law,Regulatory Violation,92860.45,Review charges -> Evaluate evidence -> Determine verdict,34575.23,0.61,0.82
FLC-2024-0490,Region D,2023,Criminal,Loss,True,93794.22,0.3,8.0,8.4,5.2,7.2,6.9,5.5,0.3,3,0.0,9.2,5.2,5,1,4,33.1,True,2,9.6,983358,8.1,7.6,Art. 12 Penal Code,Fraud,428033.64,Assess plaintiff claims -> Review evidence -> Determine outcome,88277.64,0.94,0.75
FLC-2025-0491,Region B,2019,Commercial,Loss,True,242266.74,0.0,5.0,6.5,8.4,5.2,8.8,5.7,0.0,3,0.8,9.9,8.7,7,4,0,124.6,True,2,6.2,802310,6.3,8.1,Art. 25 CISG,Cross-Border Dispute,384737.38,Check applicable law -> Compute damages -> Advise resolution,217571.31,0.9,0.56
FLC-2023-0492,Region D,2020,Administrative,Settlement,False,1371996.98,6.9,5.2,7.4,8.9,6.4,6.0,5.4,6.9,0,3.6,9.3,3.6,9,2,3,78.1,False,8,7.4,464675,8.0,8.1,Art. 5 Admin Law,Regulatory Violation,114504.17,Check applicable law -> Compute damages -> Advise resolution,420818.04,0.31,0.49
FLC-2024-0493,Region A,2022,Administrative,Settlement,False,788823.62,5.7,4.2,5.5,6.0,9.8,8.0,8.9,5.7,4,3.9,7.7,8.0,6,3,3,198.2,True,0,7.1,890417,7.2,8.7,Art. 5 Admin Law,Regulatory Violation,191922.76,Analyze treaty -> Evaluate cross-border compliance -> Recommend settlement,361950.92,0.46,0.62
FLC-2025-0494,Region C,2023,Criminal,Settlement,False,210679.37,4.6,9.6,8.5,6.6,5.7,8.4,8.0,4.6,2,4.5,9.7,6.5,2,2,3,136.2,True,6,6.1,983207,8.8,6.5,Art. 12 Penal Code,Fraud,138827.45,Check jurisdiction -> Assess contract clauses -> Compute liability,103400.89,0.49,0.65
FLC-2023-0495,Region E,2024,Commercial,Settlement,True,2989802.75,4.9,8.2,7.5,7.2,9.7,5.2,6.6,4.9,2,4.2,7.3,9.9,4,0,3,140.5,False,9,8.1,996433,9.4,9.3,Art. 25 CISG,Cross-Border Dispute,147991.28,Check applicable law -> Compute damages -> Advise resolution,1529887.02,0.51,0.55
FLC-2024-0496,Region A,2022,International Treaty,Loss,True,225418.5,3.1,9.8,5.7,7.9,4.4,8.7,8.9,3.1,1,3.4,8.3,0.5,1,3,1,36.5,False,0,6.7,460099,9.2,7.0,Art. 97,Cross-Border Dispute,276325.08,Review charges -> Evaluate evidence -> Determine verdict,152900.19,0.68,0.6
FLC-2025-0497,Region A,2015,International Treaty,Loss,False,405626.18,4.9,8.0,7.3,9.1,4.1,8.7,5.3,4.9,0,4.1,9.6,9.1,3,0,1,191.9,False,3,7.0,406413,8.9,5.7,Art. 97,Cross-Border Dispute,144349.03,Review charges -> Evaluate evidence -> Determine verdict,203696.51,0.5,0.46
FLC-2023-0498,Region B,2022,Criminal,Settlement,False,2028761.21,3.8,8.9,7.1,8.8,9.7,9.1,9.8,3.8,3,3.1,6.4,9.1,4,2,0,132.5,False,6,8.7,973920,7.5,7.4,Art. 12 Penal Code,Fraud,220612.98,Check jurisdiction -> Assess contract clauses -> Compute liability,973717.21,0.48,0.72
FLC-2024-0499,Region C,2022,Civil,Dismissed,False,257543.67,9.1,7.2,9.8,5.6,8.2,4.8,6.9,9.1,3,8.9,8.0,1.6,2,4,0,115.1,True,0,6.5,9177,10.0,5.4,Art. 45 Civil Code,Breach of Contract,13299.36,Assess plaintiff claims -> Review evidence -> Determine outcome,14814.8,0.06,0.68
FLC-2025-0500,Region E,2019,Civil,Loss,True,1007197.65,3.7,4.9,7.3,8.4,8.8,6.8,8.0,3.7,1,2.4,9.3,6.5,7,1,4,179.6,False,9,5.1,783307,9.8,7.4,Art. 45 Civil Code,Breach of Contract,241389.49,Analyze treaty -> Evaluate cross-border compliance -> Recommend settlement,537371.9,0.53,0.92
FLC-2023-0501,Region E,2021,International Treaty,Win,False,1536535.87,5.7,4.9,8.1,5.8,7.0,9.0,5.2,5.7,1,4.0,7.3,7.9,6,3,4,162.4,True,3,6.8,640584,7.3,7.1,Art. 97,Cross-Border Dispute,205728.95,Analyze treaty -> Evaluate cross-border compliance -> Recommend settlement,766351.2,0.5,0.35
FLC-2024-0502,Region E,2018,Criminal,Loss,True,191256.84,3.5,8.5,7.3,6.1,4.4,9.2,8.4,3.5,3,2.0,7.0,4.3,6,1,1,59.6,False,3,7.3,822058,6.1,7.0,Art. 12 Penal Code,Fraud,208927.07,Check jurisdiction -> Assess contract clauses -> Compute liability,142675.1,0.75,0.73
FLC-2025-0503,Region C,2021,Commercial,Loss,True,219558.42,1.8,9.5,6.5,8.1,8.7,7.1,8.6,1.8,3,0.3,5.9,6.5,6,2,4,65.1,False,2,7.0,247130,9.9,5.8,Art. 25 CISG,Cross-Border Dispute,228721.75,Assess plaintiff claims -> Review evidence -> Determine outcome,166682.55,0.76,0.76
FLC-2023-0504,Region D,2020,Commercial,Loss,True,1902030.78,0.4,6.1,7.3,9.5,4.9,9.5,9.1,0.4,4,0.3,8.1,1.9,4,4,0,80.0,True,3,7.9,619740,7.7,9.2,Art. 25 CISG,Cross-Border Dispute,103669.22,Analyze treaty -> Evaluate cross-border compliance -> Recommend settlement,1346899.52,0.71,0.58
FLC-2024-0505,Region B,2019,Criminal,Loss,True,568152.1,0.0,8.1,8.2,9.3,6.4,4.8,6.4,0.0,4,0.9,10.0,3.0,5,0,4,178.6,False,2,8.9,739748,7.1,8.4,Art. 12 Penal Code,Fraud,396010.17,Analyze treaty -> Evaluate cross-border compliance -> Recommend settlement,516796.35,0.91,0.96
FLC-2025-0506,Region B,2022,Criminal,Settlement,False,850401.19,4.4,4.7,8.0,6.7,3.2,7.2,6.9,4.4,4,4.1,5.8,0.9,4,2,2,67.4,False,7,8.4,338282,9.7,8.6,Art. 12 Penal Code,Fraud,201832.6,Check applicable law -> Compute damages -> Advise resolution,519874.61,0.61,0.57
FLC-2023-0507,Region A,2023,Administrative,Settlement,False,3300716.54,5.4,5.7,7.4,8.9,8.6,7.9,7.3,5.4,2,2.4,7.4,3.9,9,2,0,127.8,True,3,9.3,178587,5.8,5.9,Art. 5 Admin Law,Regulatory Violation,70284.94,Check applicable law -> Compute damages -> Advise resolution,1093217.83,0.33,0.69
FLC-2024-0508,Region D,2020,International Treaty,Win,False,582694.8,4.5,9.2,9.7,6.0,5.2,5.4,6.8,4.5,0,4.7,8.0,0.8,3,1,2,121.3,False,3,7.7,168659,5.8,5.9,Art. 97,Cross-Border Dispute,95582.63,Assess plaintiff claims -> Review evidence -> Determine outcome,322698.51,0.55,0.53
FLC-2025-0509,Region D,2018,International Treaty,Settlement,True,544665.08,2.0,8.6,10.0,6.7,5.9,5.0,6.0,2.0,1,3.3,7.0,1.8,8,4,0,189.5,False,1,6.2,622234,9.6,7.5,Art. 97,Cross-Border Dispute,380174.77,Check jurisdiction -> Assess contract clauses -> Compute liability,463550.31,0.85,0.68
FLC-2023-0510,Region D,2020,Civil,Dismissed,False,250470.1,9.8,9.0,8.8,6.6,3.7,4.4,5.5,9.8,0,9.2,5.3,3.4,3,4,4,64.2,True,2,8.7,60790,6.1,7.6,Art. 45 Civil Code,Breach of Contract,14138.0,Analyze treaty -> Evaluate cross-border compliance -> Recommend settlement,13600.28,0.05,0.76
FLC-2024-0511,Region C,2017,Commercial,Settlement,False,39030.08,6.3,5.4,9.9,7.8,7.9,4.7,6.3,6.3,4,4.1,9.2,9.4,3,2,0,39.6,True,9,8.8,834609,6.0,9.0,Art. 25 CISG,Cross-Border Dispute,125589.46,Assess plaintiff claims -> Review evidence -> Determine outcome,16458.77,0.42,0.57
FLC-2025-0512,Region A,2024,Administrative,Win,False,375327.95,4.8,9.5,8.9,5.3,6.7,4.5,9.2,4.8,4,2.1,5.4,9.0,9,0,2,152.2,True,9,9.1,549795,6.6,6.1,Art. 5 Admin Law,Regulatory Violation,154321.73,Check jurisdiction -> Assess contract clauses -> Compute liability,175893.14,0.47,0.61
FLC-2023-0513,Region B,2017,Administrative,Settlement,True,188353.82,2.9,5.4,7.9,9.6,8.2,8.0,7.9,2.9,4,2.4,8.8,3.7,8,3,0,39.9,False,8,5.7,464539,9.0,8.6,Art. 5 Admin Law,Regulatory Violation,171513.58,Check jurisdiction -> Assess contract clauses -> Compute liability,134411.38,0.71,0.59
FLC-2024-0514,Region B,2019,Civil,Win,False,827921.49,8.2,6.5,8.1,8.8,6.8,7.8,9.7,8.2,0,4.3,5.8,8.2,1,2,2,52.1,False,5,6.7,129476,7.1,5.9,Art. 45 Civil Code,Breach of Contract,25937.58,Analyze treaty -> Evaluate cross-border compliance -> Recommend settlement,254588.47,0.31,0.82
FLC-2025-0515,Region C,2018,Commercial,Settlement,True,558148.82,5.0,4.0,5.1,6.9,7.8,8.2,7.2,5.0,1,3.8,6.8,2.9,1,4,4,108.4,True,2,8.7,505204,7.4,8.4,Art. 25 CISG,Cross-Border Dispute,138111.37,Assess plaintiff claims -> Review evidence -> Determine outcome,393393.82,0.7,0.71
FLC-2023-0516,Region C,2020,Criminal,Settlement,True,2595262.12,3.6,6.8,8.8,8.1,3.7,6.4,7.5,3.6,2,2.4,5.5,7.9,4,0,2,94.5,True,6,6.1,771157,8.1,9.7,Art. 12 Penal Code,Fraud,136555.88,Check applicable law -> Compute damages -> Advise resolution,1567856.59,0.6,0.81
FLC-2024-0517,Region B,2021,Civil,Settlement,True,854325.52,4.3,9.7,5.4,8.1,6.0,7.3,6.1,4.3,1,3.2,9.8,4.6,1,2,0,194.8,False,2,7.2,738392,9.8,5.8,Art. 45 Civil Code,Breach of Contract,23478.73,Check jurisdiction -> Assess contract clauses -> Compute liability,479157.2,0.56,0.83
FLC-2025-0518,Region D,2020,Criminal,Settlement,True,6683479.66,3.5,5.2,9.0,8.1,6.3,5.3,6.7,3.5,4,2.0,7.6,4.0,8,3,4,151.4,True,4,7.9,709854,7.1,5.3,Art. 12 Penal Code,Fraud,3369.86,Review charges -> Evaluate evidence -> Determine verdict,4308859.52,0.64,0.94
FLC-2023-0519,Region B,2018,Commercial,Win,True,639891.03,4.3,8.0,7.7,6.0,8.3,8.8,7.8,4.3,3,4.0,9.8,0.7,9,1,2,38.0,False,0,7.6,564510,8.6,7.4,Art. 25 CISG,Cross-Border Dispute,21912.78,Check applicable law -> Compute damages -> Advise resolution,367697.86,0.57,0.72
FLC-2024-0520,Region A,2024,Criminal,Settlement,False,75947.97,7.7,9.1,9.3,8.0,7.0,8.9,8.9,7.7,3,5.0,7.8,9.7,9,1,2,171.0,True,2,7.7,284269,7.5,9.4,Art. 12 Penal Code,Fraud,53451.52,Check jurisdiction -> Assess contract clauses -> Compute liability,24560.67,0.32,0.57
FLC-2025-0521,Region D,2017,Commercial,Settlement,False,125683.48,6.3,4.1,5.6,6.6,7.0,9.3,9.0,6.3,3,5.7,6.7,6.6,6,2,4,30.2,True,9,7.7,419277,6.4,8.4,Art. 25 CISG,Cross-Border Dispute,122786.07,Analyze treaty -> Evaluate cross-border compliance -> Recommend settlement,45742.6,0.36,0.36
FLC-2023-0522,Region E,2015,Criminal,Win,True,180987.56,3.3,6.5,8.5,9.9,9.3,6.1,10.0,3.3,4,3.8,5.1,8.2,2,3,1,62.7,True,2,9.9,369102,6.2,7.5,Art. 12 Penal Code,Fraud,221349.05,Review charges -> Evaluate evidence -> Determine verdict,124808.56,0.69,0.65
FLC-2024-0523,Region B,2020,Criminal,Win,False,367736.98,4.5,6.7,9.3,5.4,5.5,9.4,5.6,4.5,3,4.2,5.1,9.1,6,2,0,89.0,True,1,5.8,791505,9.3,6.8,Art. 12 Penal Code,Fraud,226284.1,Assess plaintiff claims -> Review evidence -> Determine outcome,172180.69,0.47,0.62
FLC-2025-0524,Region A,2018,Administrative,Win,False,576064.15,9.1,9.9,7.9,9.3,9.7,8.1,7.7,9.1,2,8.2,5.2,2.0,2,0,1,66.9,True,5,6.5,14448,5.2,8.4,Art. 5 Admin Law,Regulatory Violation,12769.33,Analyze treaty -> Evaluate cross-border compliance -> Recommend settlement,98861.03,0.17,0.73
FLC-2023-0525,Region D,2018,Civil,Win,False,660335.26,10.0,9.9,6.8,6.0,9.4,5.0,9.2,10.0,1,8.4,8.3,1.5,8,2,2,124.3,False,9,6.9,800083,6.4,5.2,Art. 45 Civil Code,Breach of Contract,0.0,Assess plaintiff claims -> Review evidence -> Determine outcome,0.0,0.0,0.86
FLC-2024-0526,Region A,2022,Criminal,Loss,True,250994.59,2.1,8.0,7.0,9.3,4.3,7.3,9.8,2.1,1,2.9,6.4,6.9,8,3,3,54.4,True,9,7.4,869750,6.5,9.1,Art. 12 Penal Code,Fraud,256520.06,Assess plaintiff claims -> Review evidence -> Determine outcome,221149.17,0.88,0.73
FLC-2025-0527,Region C,2018,International Treaty,Settlement,False,83390.21,5.3,5.0,5.5,9.5,10.0,5.0,5.3,5.3,4,5.7,7.3,2.0,2,3,4,159.4,True,9,9.2,573005,9.5,9.8,Art. 97,Cross-Border Dispute,142803.87,Check jurisdiction -> Assess contract clauses -> Compute liability,43708.9,0.52,0.37
FLC-2023-0528,Region C,2023,International Treaty,Loss,True,265644.29,1.7,5.2,8.3,8.4,9.5,4.9,8.5,1.7,0,3.3,7.5,3.6,4,1,1,91.0,True,6,9.2,752679,5.9,8.1,Art. 97,Cross-Border Dispute,345985.47,Check applicable law -> Compute damages -> Advise resolution,223114.37,0.84,0.51
FLC-2024-0529,Region A,2018,Criminal,Settlement,False,94877.38,2.4,8.4,9.7,8.1,8.0,8.6,6.3,2.4,3,0.5,6.5,4.3,6,1,1,104.6,True,5,5.6,359451,8.2,8.5,Art. 12 Penal Code,Fraud,177941.26,Check applicable law -> Compute damages -> Advise resolution,64210.71,0.68,0.5
FLC-2025-0530,Region A,2016,International Treaty,Settlement,True,1236505.21,0.4,7.4,8.5,7.7,6.0,6.3,9.2,0.4,4,0.5,8.7,7.6,3,4,4,104.7,False,5,6.8,6704,5.6,5.9,Art. 97,Cross-Border Dispute,402380.43,Review charges -> Evaluate evidence -> Determine verdict,1014064.14,0.82,0.62
FLC-2023-0531,Region E,2020,Commercial,Loss,True,1774065.76,1.4,4.5,6.6,9.8,4.1,8.5,6.8,1.4,4,2.1,7.5,5.6,1,1,2,133.1,False,6,9.5,170299,8.4,5.9,Art. 25 CISG,Cross-Border Dispute,157885.0,Check applicable law -> Compute damages -> Advise resolution,1454444.5,0.82,0.7
FLC-2024-0532,Region A,2022,International Treaty,Loss,True,424979.1,0.3,4.7,9.4,5.0,5.7,5.7,7.9,0.3,1,0.0,5.5,2.7,6,4,1,46.2,True,8,6.0,617737,9.7,6.2,Art. 97,Cross-Border Dispute,262543.41,Check applicable law -> Compute damages -> Advise resolution,361147.58,0.85,0.71
FLC-2025-0533,Region B,2015,Civil,Settlement,True,1236405.27,2.8,5.6,7.5,6.6,9.9,6.6,9.3,2.8,3,3.5,9.2,0.5,2,3,0,154.4,True,2,6.0,492745,8.6,7.9,Art. 45 Civil Code,Breach of Contract,293478.82,Assess plaintiff claims -> Review evidence -> Determine outcome,748630.09,0.61,0.99
FLC-2023-0534,Region C,2024,Civil,Win,False,370512.87,7.3,7.6,5.7,9.5,4.2,6.1,6.9,7.3,3,7.4,6.2,5.6,8,4,2,154.5,False,1,7.7,344810,7.7,5.0,Art. 45 Civil Code,Breach of Contract,48930.73,Review charges -> Evaluate evidence -> Determine verdict,81270.71,0.22,0.6
FLC-2024-0535,Region E,2022,Administrative,Win,True,935168.77,4.4,8.1,9.4,6.2,4.8,8.2,5.9,4.4,4,3.2,9.7,5.1,5,4,3,61.0,True,9,5.5,593769,5.6,7.2,Art. 5 Admin Law,Regulatory Violation,71949.1,Review charges -> Evaluate evidence -> Determine verdict,459364.9,0.49,0.73
FLC-2025-0536,Region E,2020,Civil,Settlement,False,1086346.86,5.7,7.0,6.5,6.6,9.7,5.1,6.6,5.7,1,4.3,9.3,4.2,8,4,0,90.7,True,4,6.2,99120,5.2,6.5,Art. 45 Civil Code,Breach of Contract,133211.86,Check jurisdiction -> Assess contract clauses -> Compute liability,340780.03,0.31,0.79
FLC-2023-0537,Region E,2018,Criminal,Settlement,False,793912.94,5.8,7.0,9.5,6.3,9.1,7.9,5.1,5.8,0,2.3,8.4,2.3,2,2,1,66.3,True,4,7.0,484121,6.9,6.6,Art. 12 Penal Code,Fraud,92810.56,Check applicable law -> Compute damages -> Advise resolution,450338.62,0.57,0.78
FLC-2024-0538,Region B,2023,Administrative,Settlement,True,148408.2,4.0,7.7,7.3,7.8,9.3,9.8,8.2,4.0,4,4.4,6.7,5.3,6,2,3,84.9,True,3,9.4,413073,8.1,5.9,Art. 5 Admin Law,Regulatory Violation,310606.5,Check jurisdiction -> Assess contract clauses -> Compute liability,94893.58,0.64,0.84
FLC-2025-0539,Region E,2017,Administrative,Settlement,True,409078.4,4.6,7.3,8.9,6.9,8.1,6.5,6.4,4.6,3,3.4,6.8,4.7,9,1,0,178.9,True,2,9.2,940476,8.2,8.9,Art. 5 Admin Law,Regulatory Violation,94852.36,Check applicable law -> Compute damages -> Advise resolution,237820.33,0.58,0.75
FLC-2023-0540,Region B,2019,Criminal,Loss,True,168492.2,1.0,9.6,6.1,9.2,7.8,9.2,9.0,1.0,4,2.7,5.7,2.0,9,1,0,182.5,True,7,7.6,943997,6.0,6.9,Art. 12 Penal Code,Fraud,75207.55,Check jurisdiction -> Assess contract clauses -> Compute liability,145829.86,0.87,0.82
FLC-2024-0541,Region E,2019,Administrative,Dismissed,False,490789.46,8.3,9.5,8.8,6.1,9.2,6.3,7.9,8.3,1,8.1,9.0,6.5,7,3,3,180.8,False,1,9.2,811614,7.7,7.6,Art. 5 Admin Law,Regulatory Violation,9851.26,Review charges -> Evaluate evidence -> Determine verdict,54609.36,0.11,0.59
FLC-2025-0542,Region A,2018,Commercial,Settlement,True,921875.17,5.8,5.4,7.2,5.8,7.2,5.5,6.7,5.8,0,3.5,5.1,0.9,4,1,1,175.7,True,7,5.2,612282,8.1,5.5,Art. 25 CISG,Cross-Border Dispute,95208.6,Assess plaintiff claims -> Review evidence -> Determine outcome,496883.23,0.54,0.61
FLC-2023-0543,Region A,2019,Administrative,Loss,False,242672.33,4.7,8.0,8.4,9.4,3.2,6.4,8.9,4.7,4,2.2,9.6,7.0,8,0,2,30.1,False,1,7.8,379945,7.8,9.0,Art. 5 Admin Law,Regulatory Violation,185866.19,Review charges -> Evaluate evidence -> Determine verdict,120451.69,0.5,0.63
FLC-2024-0544,Region D,2016,International Treaty,Loss,True,1143542.55,2.7,9.6,9.8,9.9,3.3,9.7,10.0,2.7,1,3.0,8.4,7.0,3,1,3,70.8,False,2,5.4,915060,7.1,5.7,Art. 97,Cross-Border Dispute,21902.8,Check applicable law -> Compute damages -> Advise resolution,833060.07,0.73,0.67
FLC-2025-0545,Region B,2024,Administrative,Settlement,True,1104460.79,2.1,6.8,9.4,5.3,9.2,5.3,8.4,2.1,4,0.3,5.7,9.4,3,1,4,116.9,False,1,8.6,432765,9.0,7.0,Art. 5 Admin Law,Regulatory Violation,256125.51,Assess plaintiff claims -> Review evidence -> Determine outcome,695983.93,0.63,0.77
FLC-2023-0546,Region E,2024,Civil,Win,True,796639.29,4.8,6.9,9.1,9.8,4.6,5.5,9.7,4.8,3,3.7,5.7,0.3,3,2,3,160.5,True,7,7.4,675555,7.0,8.2,Art. 45 Civil Code,Breach of Contract,10342.24,Analyze treaty -> Evaluate cross-border compliance -> Recommend settlement,342039.03,0.43,0.9
FLC-2024-0547,Region D,2021,Civil,Loss,True,254080.59,4.0,9.5,9.1,9.9,3.4,4.9,5.5,4.0,2,1.5,8.0,3.6,3,4,0,55.7,False,8,9.5,942650,5.1,5.7,Art. 45 Civil Code,Breach of Contract,97039.34,Check jurisdiction -> Assess contract clauses -> Compute liability,122184.9,0.48,1.0
FLC-2025-0548,Region E,2019,Criminal,Settlement,True,1999306.14,1.5,10.0,7.7,9.1,9.9,6.2,6.3,1.5,0,2.2,5.7,8.5,4,1,1,129.7,False,7,9.5,53142,7.1,7.8,Art. 12 Penal Code,Fraud,83093.79,Check jurisdiction -> Assess contract clauses -> Compute liability,1399460.21,0.7,0.76
FLC-2023-0549,Region C,2019,Commercial,Loss,True,510644.5,4.6,8.0,5.5,7.3,6.4,6.3,5.9,4.6,1,4.3,6.7,5.0,1,3,4,20.3,False,8,7.7,274399,6.8,7.0,Art. 25 CISG,Cross-Border Dispute,308098.3,Check applicable law -> Compute damages -> Advise resolution,362458.42,0.71,0.79
FLC-2024-0550,Region E,2021,Civil,Win,False,210836.31,8.1,4.4,8.7,8.8,10.0,9.4,9.6,8.1,1,7.5,9.9,5.6,9,2,1,106.7,True,0,9.2,699002,7.7,6.5,Art. 45 Civil Code,Breach of Contract,26681.39,Check jurisdiction -> Assess contract clauses -> Compute liability,59197.34,0.28,0.86
FLC-2025-0551,Region A,2015,Criminal,Loss,True,408066.09,3.9,8.6,5.8,8.2,3.6,9.7,6.5,3.9,4,3.1,5.6,9.5,5,3,0,97.4,False,5,7.4,679462,6.3,9.5,Art. 12 Penal Code,Fraud,328613.37,Check applicable law -> Compute damages -> Advise resolution,294684.04,0.72,0.65
FLC-2023-0552,Region A,2018,Commercial,Settlement,False,440242.91,6.2,5.9,5.4,7.3,8.2,5.3,6.1,6.2,3,3.9,7.6,4.2,5,0,0,77.3,False,2,6.3,567253,5.7,7.1,Art. 25 CISG,Cross-Border Dispute,2284.34,Assess plaintiff claims -> Review evidence -> Determine outcome,194219.03,0.44,0.47
FLC-2024-0553,Region E,2019,Commercial,Loss,True,212733.97,3.7,8.1,9.7,8.2,5.5,6.7,9.3,3.7,3,2.0,6.1,0.8,2,2,0,77.3,False,9,7.9,957157,5.4,5.5,Art. 25 CISG,Cross-Border Dispute,262698.63,Assess plaintiff claims -> Review evidence -> Determine outcome,143755.43,0.68,0.6
FLC-2025-0554,Region C,2019,International Treaty,Loss,True,1688158.21,0.0,8.2,6.9,7.7,9.3,5.5,6.2,0.0,2,0.7,9.7,4.1,4,2,0,145.5,False,2,6.1,116095,6.8,6.4,Art. 97,Cross-Border Dispute,364602.5,Check applicable law -> Compute damages -> Advise resolution,1515761.3,0.9,0.57
FLC-2023-0555,Region A,2015,Criminal,Settlement,True,288636.75,2.4,5.5,6.3,8.1,8.3,9.3,9.3,2.4,1,2.1,6.3,7.5,2,1,1,181.0,False,8,5.0,46310,7.4,9.0,Art. 12 Penal Code,Fraud,9676.47,Analyze treaty -> Evaluate cross-border compliance -> Recommend settlement,206352.68,0.71,0.73
FLC-2024-0556,Region C,2017,Criminal,Settlement,False,337022.71,5.0,5.0,7.9,6.3,4.8,6.9,8.3,5.0,3,4.2,6.2,9.7,5,1,3,45.7,True,2,5.2,978846,5.0,9.1,Art. 12 Penal Code,Fraud,160564.38,Check jurisdiction -> Assess contract clauses -> Compute liability,135658.69,0.4,0.51
FLC-2025-0557,Region B,2023,Administrative,Settlement,False,338033.63,3.5,8.5,6.1,5.1,9.9,9.9,6.9,3.5,2,4.6,8.6,8.3,8,4,2,46.3,True,6,9.0,264498,9.9,5.5,Art. 5 Admin Law,Regulatory Violation,127839.5,Check jurisdiction -> Assess contract clauses -> Compute liability,195446.71,0.58,0.68
FLC-2023-0558,Region C,2022,Administrative,Settlement,True,879252.59,5.1,5.5,6.7,7.5,3.1,9.4,5.2,5.1,4,2.9,8.9,3.1,1,2,4,32.0,True,0,9.5,218834,8.4,9.8,Art. 5 Admin Law,Regulatory Violation,13452.98,Analyze treaty -> Evaluate cross-border compliance -> Recommend settlement,492528.55,0.56,0.55
FLC-2024-0559,Region D,2020,Criminal,Win,False,155162.01,7.2,4.9,7.3,5.2,3.1,6.6,6.3,7.2,2,6.1,8.6,9.0,1,2,2,42.1,True,1,5.6,206532,9.1,8.1,Art. 12 Penal Code,Fraud,61913.67,Assess plaintiff claims -> Review evidence -> Determine outcome,31446.59,0.2,0.47
FLC-2025-0560,Region A,2021,Civil,Settlement,True,468862.03,3.6,4.3,5.5,7.6,8.3,6.0,6.9,3.6,4,3.4,7.2,1.7,2,0,1,132.7,True,5,5.9,496407,8.7,5.3,Art. 45 Civil Code,Breach of Contract,143107.6,Check applicable law -> Compute damages -> Advise resolution,292931.51,0.62,0.97
FLC-2023-0561,Region C,2022,Criminal,Loss,True,286408.16,2.1,8.1,8.8,7.1,9.0,4.9,6.4,2.1,2,2.8,6.8,6.5,2,4,1,115.8,False,0,9.3,80134,8.8,9.9,Art. 12 Penal Code,Fraud,332777.1,Assess plaintiff claims -> Review evidence -> Determine outcome,195904.88,0.68,0.86
FLC-2024-0562,Region D,2023,Administrative,Win,False,280123.59,5.6,9.8,7.9,7.2,4.6,7.9,8.4,5.6,4,3.2,7.6,2.0,6,1,3,156.8,False,2,6.0,331453,8.0,5.2,Art. 5 Admin Law,Regulatory Violation,39827.04,Assess plaintiff claims -> Review evidence -> Determine outcome,90351.35,0.32,0.77
FLC-2025-0563,Region E,2016,Civil,Loss,True,187193.79,4.5,8.1,8.4,9.2,3.9,8.0,7.9,4.5,4,3.4,8.0,1.9,4,4,2,96.4,True,4,7.8,323904,7.0,8.8,Art. 45 Civil Code,Breach of Contract,38342.17,Analyze treaty -> Evaluate cross-border compliance -> Recommend settlement,87021.14,0.46,0.92
FLC-2023-0564,Region D,2024,Civil,Settlement,True,367113.65,1.2,5.5,8.9,6.3,4.5,9.7,5.1,1.2,1,1.3,5.7,8.2,5,4,4,126.6,False,5,7.9,839204,7.6,5.8,Art. 45 Civil Code,Breach of Contract,153556.04,Check applicable law -> Compute damages -> Advise resolution,263264.28,0.72,1.0
FLC-2024-0565,Region D,2024,Civil,Settlement,False,442661.21,3.0,5.9,7.1,8.0,9.0,5.0,5.1,3.0,0,0.0,5.1,1.5,9,2,0,54.1,False,3,5.4,210939,8.2,8.4,Art. 45 Civil Code,Breach of Contract,105218.73,Analyze treaty -> Evaluate cross-border compliance -> Recommend settlement,190943.39,0.43,0.62
FLC-2025-0566,Region B,2022,Commercial,Loss,True,140011.42,0.2,9.9,8.9,9.8,6.6,6.8,8.8,0.2,2,0.0,6.5,1.8,7,0,4,52.4,False,1,8.0,407321,9.0,6.7,Art. 25 CISG,Cross-Border Dispute,342285.5,Check jurisdiction -> Assess contract clauses -> Compute liability,110356.55,0.79,0.76
FLC-2023-0567,Region C,2022,International Treaty,Loss,True,5064016.44,1.1,9.8,6.1,5.9,6.2,8.5,6.4,1.1,0,2.9,5.9,0.4,8,0,1,77.0,True,7,8.5,764570,7.6,8.5,Art. 97,Cross-Border Dispute,39041.06,Analyze treaty -> Evaluate cross-border compliance -> Recommend settlement,4049580.41,0.8,0.45
FLC-2024-0568,Region E,2018,Criminal,Settlement,False,415463.85,3.3,5.8,7.8,6.2,8.7,4.7,9.1,3.3,3,2.3,7.1,1.1,6,0,2,155.0,True,9,5.3,524324,5.9,5.7,Art. 12 Penal Code,Fraud,194183.89,Check applicable law -> Compute damages -> Advise resolution,226594.24,0.55,0.43
FLC-2025-0569,Region A,2021,Commercial,Loss,False,607071.39,5.0,8.1,5.6,8.3,5.0,4.2,7.1,5.0,0,4.1,7.3,7.0,6,3,2,82.9,False,1,7.8,258636,7.3,7.6,Art. 25 CISG,Cross-Border Dispute,173649.19,Analyze treaty -> Evaluate cross-border compliance -> Recommend settlement,234752.95,0.39,0.39
FLC-2023-0570,Region D,2022,Administrative,Settlement,True,1824787.27,2.4,4.6,8.8,6.6,8.9,9.0,8.3,2.4,2,2.3,8.5,6.7,5,1,2,32.5,True,0,6.7,279336,6.6,9.4,Art. 5 Admin Law,Regulatory Violation,304497.05,Check jurisdiction -> Assess contract clauses -> Compute liability,1315213.83,0.72,0.73
FLC-2024-0571,Region A,2023,Criminal,Settlement,True,160457.6,3.5,7.5,5.4,6.3,3.7,5.9,9.4,3.5,1,3.3,7.8,4.3,3,3,4,176.1,True,6,5.3,314625,7.3,8.5,Art. 12 Penal Code,Fraud,52383.83,Check jurisdiction -> Assess contract clauses -> Compute liability,120885.11,0.75,0.7
FLC-2025-0572,Region A,2020,Criminal,Settlement,False,567077.64,6.3,8.9,9.1,8.2,6.2,9.2,9.6,6.3,0,3.5,5.2,9.6,6,0,3,181.0,False,5,5.4,60090,8.1,9.3,Art. 12 Penal Code,Fraud,207106.53,Assess plaintiff claims -> Review evidence -> Determine outcome,243664.85,0.43,0.47
FLC-2023-0573,Region B,2016,Civil,Win,True,556286.33,8.1,4.1,5.0,5.5,3.7,8.2,6.0,8.1,1,6.8,6.7,7.6,4,1,2,111.8,False,6,9.0,18038,9.7,9.4,Art. 45 Civil Code,Breach of Contract,119702.61,Check jurisdiction -> Assess contract clauses -> Compute liability,156567.47,0.28,1.0
FLC-2024-0574,Region A,2017,Criminal,Loss,True,310175.49,1.6,9.1,7.4,9.1,8.7,9.5,6.5,1.6,3,1.3,6.4,8.3,9,2,1,169.3,True,2,6.0,650194,9.2,6.8,Art. 12 Penal Code,Fraud,384909.61,Assess plaintiff claims -> Review evidence -> Determine outcome,241178.3,0.78,0.99
FLC-2025-0575,Region E,2015,Administrative,Loss,True,119114.89,5.8,5.2,6.0,5.9,6.4,8.8,7.8,5.8,3,4.1,9.7,0.3,9,4,1,152.8,False,0,9.9,485331,9.2,5.2,Art. 5 Admin Law,Regulatory Violation,239277.7,Analyze treaty -> Evaluate cross-border compliance -> Recommend settlement,66006.49,0.55,0.8
FLC-2023-0576,Region D,2017,Administrative,Win,False,235655.94,6.8,7.9,5.4,5.9,6.3,7.9,5.7,6.8,1,6.5,9.4,6.8,9,4,0,137.7,False,7,5.1,825765,5.6,5.2,Art. 5 Admin Law,Regulatory Violation,15371.16,Check jurisdiction -> Assess contract clauses -> Compute liability,39544.81,0.17,0.62
FLC-2024-0577,Region C,2024,Commercial,Loss,True,918850.92,0.1,4.8,5.7,5.6,4.7,5.8,9.8,0.1,0,0.0,5.2,4.9,4,2,2,147.8,False,3,5.2,857371,8.6,7.1,Art. 25 CISG,Cross-Border Dispute,192031.94,Analyze treaty -> Evaluate cross-border compliance -> Recommend settlement,751363.58,0.82,0.88
FLC-2025-0578,Region E,2019,Criminal,Loss,True,710892.35,1.8,4.1,5.2,9.1,7.3,7.1,9.7,1.8,0,0.8,6.3,7.6,5,4,2,156.9,True,6,9.1,50849,9.1,9.2,Art. 12 Penal Code,Fraud,300675.66,Review charges -> Evaluate evidence -> Determine verdict,628005.72,0.88,0.87
FLC-2023-0579,Region E,2022,Commercial,Win,False,981940.17,5.5,7.6,9.6,9.6,5.0,8.4,8.9,5.5,3,5.1,9.2,0.9,7,3,0,39.2,False,7,8.0,525339,8.9,5.3,Art. 25 CISG,Cross-Border Dispute,9207.27,Check applicable law -> Compute damages -> Advise resolution,274218.63,0.28,0.61
FLC-2024-0580,Region B,2023,Civil,Dismissed,False,409081.28,8.5,7.7,6.1,8.1,7.4,8.4,8.1,8.5,2,6.9,6.0,9.5,5,4,3,147.2,False,2,7.4,462015,5.4,10.0,Art. 45 Civil Code,Breach of Contract,15672.64,Check applicable law -> Compute damages -> Advise resolution,60729.37,0.15,0.65
FLC-2025-0581,Region A,2016,International Treaty,Loss,True,280211.75,2.0,9.3,6.2,9.2,6.2,5.6,9.9,2.0,1,0.8,7.5,5.4,1,4,0,105.2,False,6,9.3,134387,6.9,6.0,Art. 97,Cross-Border Dispute,410949.0,Review charges -> Evaluate evidence -> Determine verdict,280211.75,1.0,0.51
FLC-2023-0582,Region D,2020,Commercial,Loss,False,613546.13,7.3,8.6,8.4,5.2,6.8,7.1,8.5,7.3,4,4.6,9.6,9.7,5,0,1,88.3,False,3,8.4,940044,7.0,5.2,Art. 25 CISG,Cross-Border Dispute,166635.88,Review charges -> Evaluate evidence -> Determine verdict,213217.37,0.35,0.43
FLC-2024-0583,Region C,2022,International Treaty,Win,False,149056.04,5.3,5.5,8.1,6.6,7.7,9.7,8.2,5.3,1,3.8,9.5,0.5,3,0,4,104.3,True,6,6.8,333306,10.0,6.6,Art. 97,Cross-Border Dispute,8133.12,Check applicable law -> Compute damages -> Advise resolution,82671.19,0.55,0.45
FLC-2025-0584,Region C,2022,Commercial,Loss,True,313068.9,2.0,9.7,7.2,8.9,9.6,9.3,6.0,2.0,4,1.2,7.1,5.1,3,4,3,168.7,True,4,7.6,110446,5.7,8.2,Art. 25 CISG,Cross-Border Dispute,313242.01,Check jurisdiction -> Assess contract clauses -> Compute liability,230762.23,0.74,0.68
FLC-2023-0585,Region B,2023,Administrative,Win,False,719577.01,4.9,9.5,8.3,6.4,6.3,9.1,6.7,4.9,2,4.4,7.6,6.0,6,2,3,184.2,True,1,8.8,836134,9.9,7.9,Art. 5 Admin Law,Regulatory Violation,19435.75,Review charges -> Evaluate evidence -> Determine verdict,261416.39,0.36,0.73
FLC-2024-0586,Region E,2024,Criminal,Loss,True,2751242.68,3.1,9.0,7.3,5.7,9.9,9.3,8.9,3.1,0,3.7,5.9,9.4,4,4,3,98.0,True,7,5.8,989128,5.7,6.1,Art. 12 Penal Code,Fraud,239611.81,Assess plaintiff claims -> Review evidence -> Determine outcome,1641583.13,0.6,0.78
FLC-2025-0587,Region B,2015,Criminal,Loss,False,384276.58,3.2,4.3,7.1,9.3,3.9,9.1,8.0,3.2,1,1.5,9.4,6.8,8,3,1,41.0,True,0,7.0,837765,5.5,6.5,Art. 12 Penal Code,Fraud,55098.82,Assess plaintiff claims -> Review evidence -> Determine outcome,169358.4,0.44,0.6
FLC-2023-0588,Region E,2024,International Treaty,Win,False,237567.45,5.7,9.0,8.4,8.5,6.8,9.3,6.3,5.7,3,4.7,5.3,9.0,3,3,4,86.5,True,2,7.3,49544,5.3,9.2,Art. 97,Cross-Border Dispute,159103.85,Assess plaintiff claims -> Review evidence -> Determine outcome,102208.69,0.43,0.27
FLC-2024-0589,Region B,2022,Commercial,Loss,True,717161.16,1.9,8.2,8.0,5.9,4.9,6.5,8.5,1.9,0,0.9,7.7,7.7,2,2,1,191.1,False,4,9.4,705345,8.2,7.1,Art. 25 CISG,Cross-Border Dispute,203344.53,Review charges -> Evaluate evidence -> Determine verdict,511276.2,0.71,0.66
FLC-2025-0590,Region A,2018,Commercial,Settlement,True,544768.75,2.3,7.1,7.4,7.2,5.1,9.9,6.4,2.3,1,2.1,7.7,1.5,4,2,1,109.7,True,3,8.1,970966,5.9,5.2,Art. 25 CISG,Cross-Border Dispute,21030.75,Check applicable law -> Compute damages -> Advise resolution,376277.37,0.69,0.67
FLC-2023-0591,Region E,2024,Criminal,Loss,True,745625.73,2.4,8.1,6.5,7.8,9.5,5.8,5.2,2.4,3,1.7,9.8,3.7,3,2,3,138.3,False,4,6.5,770212,6.4,5.6,Art. 12 Penal Code,Fraud,1163.79,Check jurisdiction -> Assess contract clauses -> Compute liability,638992.03,0.86,0.73
FLC-2024-0592,Region C,2024,Commercial,Loss,True,2824654.02,0.1,8.8,9.8,8.2,8.5,7.2,8.1,0.1,4,0.0,9.7,8.9,2,4,4,37.2,True,9,6.9,482944,9.6,9.3,Art. 25 CISG,Cross-Border Dispute,415218.97,Analyze treaty -> Evaluate cross-border compliance -> Recommend settlement,2429744.75,0.86,0.56
FLC-2025-0593,Region B,2019,Commercial,Loss,True,2161308.82,2.8,4.4,9.4,9.3,5.5,9.3,8.0,2.8,4,1.3,9.6,2.5,8,4,2,39.0,True,7,8.0,766064,6.0,7.6,Art. 25 CISG,Cross-Border Dispute,311888.33,Check jurisdiction -> Assess contract clauses -> Compute liability,1656270.03,0.77,0.96
FLC-2023-0594,Region C,2015,Civil,Settlement,False,40996.34,8.1,9.3,5.1,7.0,9.5,6.1,7.3,8.1,4,8.0,7.4,2.2,5,0,1,93.8,False,8,8.7,53763,8.3,8.7,Art. 45 Civil Code,Breach of Contract,106983.13,Check jurisdiction -> Assess contract clauses -> Compute liability,14228.86,0.35,0.71
FLC-2024-0595,Region C,2020,Civil,Win,False,922377.33,6.9,9.3,7.6,7.7,5.2,6.7,8.6,6.9,3,5.2,8.4,2.1,4,4,2,195.4,True,6,9.5,912390,9.8,9.0,Art. 45 Civil Code,Breach of Contract,17457.29,Assess plaintiff claims -> Review evidence -> Determine outcome,192663.1,0.21,0.73
FLC-2025-0596,Region B,2016,Administrative,Win,False,489638.66,7.2,10.0,6.9,9.5,5.1,8.5,6.1,7.2,3,5.7,6.7,0.0,5,0,3,58.1,False,9,7.5,248129,9.5,6.5,Art. 5 Admin Law,Regulatory Violation,26515.23,Assess plaintiff claims -> Review evidence -> Determine outcome,109987.16,0.22,0.68
FLC-2023-0597,Region C,2018,International Treaty,Loss,True,82175.94,0.0,6.6,7.1,8.8,4.2,6.0,6.1,0.0,0,0.9,8.2,2.5,5,1,0,161.6,False,4,6.1,817570,7.0,9.2,Art. 97,Cross-Border Dispute,60413.92,Check applicable law -> Compute damages -> Advise resolution,73259.41,0.89,0.67
FLC-2024-0598,Region D,2023,Criminal,Loss,True,1105977.88,0.0,9.2,6.1,7.0,5.2,4.9,6.4,0.0,2,0.0,5.2,6.8,7,2,3,24.0,True,0,7.1,265952,5.6,9.4,Art. 12 Penal Code,Fraud,85320.84,Review charges -> Evaluate evidence -> Determine verdict,978229.54,0.88,0.79
FLC-2025-0599,Region B,2015,International Treaty,Win,False,1379529.76,3.3,8.9,6.0,7.9,6.3,6.5,9.4,3.3,3,2.6,9.3,2.8,4,0,4,33.3,True,0,9.5,788357,5.3,7.7,Art. 97,Cross-Border Dispute,320799.94,Review charges -> Evaluate evidence -> Determine verdict,899326.29,0.65,0.35
FLC-2023-0600,Region A,2019,Administrative,Win,True,151818.36,3.3,4.4,6.3,7.7,8.2,7.6,7.0,3.3,0,2.4,8.9,3.6,9,4,3,153.0,True,7,9.6,837103,6.2,7.9,Art. 5 Admin Law,Regulatory Violation,105552.5,Assess plaintiff claims -> Review evidence -> Determine outcome,87649.63,0.58,0.87
FLC-2024-0601,Region C,2016,Commercial,Loss,True,1715113.19,6.2,9.6,8.3,9.6,8.8,8.1,6.8,6.2,3,6.0,7.4,2.0,1,3,0,28.9,False,4,7.3,408244,7.1,5.2,Art. 25 CISG,Cross-Border Dispute,4359.37,Check jurisdiction -> Assess contract clauses -> Compute liability,1072098.96,0.63,0.62
FLC-2025-0602,Region A,2016,Commercial,Loss,True,2841454.88,3.5,7.0,8.8,9.4,3.7,6.3,8.9,3.5,2,2.0,6.7,4.1,5,3,0,179.9,False,0,6.0,21543,6.7,9.4,Art. 25 CISG,Cross-Border Dispute,85276.09,Analyze treaty -> Evaluate cross-border compliance -> Recommend settlement,1787434.23,0.63,0.8
FLC-2023-0603,Region D,2020,Civil,Settlement,True,301420.27,3.0,6.1,10.0,6.9,8.3,6.7,9.0,3.0,4,2.1,9.4,5.6,9,0,2,124.4,False,0,7.0,22157,10.0,7.8,Art. 45 Civil Code,Breach of Contract,230476.44,Check jurisdiction -> Assess contract clauses -> Compute liability,180402.44,0.6,0.94
FLC-2024-0604,Region D,2017,Administrative,Win,True,148527.84,4.7,5.5,8.4,9.8,8.4,7.6,10.0,4.7,3,3.6,5.3,0.3,8,2,0,147.2,False,6,9.5,955093,6.4,9.2,Art. 5 Admin Law,Regulatory Violation,105046.89,Check applicable law -> Compute damages -> Advise resolution,84270.72,0.57,0.77
FLC-2025-0605,Region D,2019,International Treaty,Settlement,False,984584.07,5.0,7.9,9.7,5.2,9.4,7.7,9.0,5.0,0,2.7,7.4,8.7,3,1,2,144.8,True,9,8.2,774205,8.4,5.3,Art. 97,Cross-Border Dispute,52383.0,Check jurisdiction -> Assess contract clauses -> Compute liability,597782.42,0.61,0.39
FLC-2023-0606,Region C,2017,Administrative,Settlement,True,3485162.25,5.9,6.8,8.7,5.7,7.7,5.4,7.2,5.9,0,5.4,5.5,3.6,5,4,3,38.0,True,9,8.8,270856,8.1,5.7,Art. 5 Admin Law,Regulatory Violation,94139.29,Check jurisdiction -> Assess contract clauses -> Compute liability,1951770.72,0.56,0.77
FLC-2024-0607,Region C,2023,Commercial,Loss,True,3923696.95,1.8,6.4,8.3,7.3,5.7,4.7,6.2,1.8,1,1.5,7.8,1.3,3,1,1,60.7,True,2,5.4,227073,7.0,8.0,Art. 25 CISG,Cross-Border Dispute,352448.5,Check jurisdiction -> Assess contract clauses -> Compute liability,2964221.25,0.76,0.57
FLC-2025-0608,Region E,2023,Administrative,Settlement,True,64227.78,4.8,5.0,9.1,6.1,6.7,4.8,7.4,4.8,0,3.8,5.7,7.7,2,0,2,104.4,True,1,6.1,165411,7.1,9.3,Art. 5 Admin Law,Regulatory Violation,105381.83,Check jurisdiction -> Assess contract clauses -> Compute liability,37985.9,0.59,0.99
FLC-2023-0609,Region D,2024,International Treaty,Settlement,False,280386.9,4.0,7.7,6.0,6.4,7.5,6.8,9.3,4.0,0,2.0,9.9,9.1,8,2,1,137.2,True,5,5.1,60615,6.6,9.7,Art. 97,Cross-Border Dispute,181228.06,Check jurisdiction -> Assess contract clauses -> Compute liability,159087.48,0.57,0.33
FLC-2024-0610,Region A,2023,Administrative,Settlement,True,326958.43,3.2,9.1,9.8,6.1,6.5,8.1,6.2,3.2,0,2.4,7.2,9.7,8,4,1,42.6,False,2,5.8,992436,6.9,9.3,Art. 5 Admin Law,Regulatory Violation,67734.21,Check jurisdiction -> Assess contract clauses -> Compute liability,203612.05,0.62,0.82
FLC-2025-0611,Region E,2021,Criminal,Loss,False,250641.56,6.6,9.6,5.4,6.4,8.4,7.4,7.8,6.6,0,5.4,5.9,7.7,9,0,1,35.8,False,1,6.1,105894,5.2,6.0,Art. 12 Penal Code,Fraud,118775.26,Review charges -> Evaluate evidence -> Determine verdict,85707.84,0.34,0.48
FLC-2023-0612,Region A,2021,Commercial,Settlement,False,67820.62,5.9,7.3,8.2,7.6,6.0,5.2,7.4,5.9,4,4.9,8.1,10.0,3,2,0,35.9,True,3,9.3,197092,6.4,9.0,Art. 25 CISG,Cross-Border Dispute,96028.24,Analyze treaty -> Evaluate cross-border compliance -> Recommend settlement,31463.36,0.46,0.55
FLC-2024-0613,Region A,2023,International Treaty,Loss,False,1144455.85,4.1,10.0,9.8,5.0,3.3,4.9,6.7,4.1,4,2.4,7.7,4.2,7,4,3,103.5,False,3,9.9,325066,6.9,7.9,Art. 97,Cross-Border Dispute,1597.77,Analyze treaty -> Evaluate cross-border compliance -> Recommend settlement,609524.18,0.53,0.31
FLC-2025-0614,Region E,2019,Administrative,Settlement,True,318763.57,4.2,8.8,6.3,9.0,4.9,4.2,7.6,4.2,4,4.0,8.8,6.4,2,1,2,85.3,False,1,9.0,582890,5.6,7.5,Art. 5 Admin Law,Regulatory Violation,62971.91,Assess plaintiff claims -> Review evidence -> Determine outcome,189930.17,0.6,0.8
FLC-2023-0615,Region B,2020,Civil,Settlement,True,427022.75,3.8,8.4,9.0,7.0,5.8,9.7,9.6,3.8,1,3.5,6.9,4.9,2,3,0,193.5,False,9,8.1,92612,9.6,7.2,Art. 45 Civil Code,Breach of Contract,26341.55,Analyze treaty -> Evaluate cross-border compliance -> Recommend settlement,255890.67,0.6,0.95
FLC-2024-0616,Region D,2017,Administrative,Win,True,2353143.05,4.1,9.1,6.2,8.5,3.5,9.8,6.7,4.1,2,4.3,9.9,4.8,9,0,0,177.8,False,3,5.4,371652,6.7,7.2,Art. 5 Admin Law,Regulatory Violation,160930.33,Assess plaintiff claims -> Review evidence -> Determine outcome,1471065.89,0.63,0.87
FLC-2025-0617,Region D,2024,Commercial,Win,True,278475.01,2.9,5.0,9.2,5.1,4.6,8.5,7.9,2.9,0,2.5,8.7,0.5,3,1,0,119.6,True,6,7.7,643699,9.9,7.4,Art. 25 CISG,Cross-Border Dispute,112728.5,Review charges -> Evaluate evidence -> Determine verdict,160556.0,0.58,0.58
FLC-2023-0618,Region D,2020,Administrative,Win,False,2365318.91,6.4,4.2,5.8,5.7,9.9,4.1,5.8,6.4,1,4.3,6.1,6.2,1,1,4,44.8,True,7,6.9,230701,7.7,6.1,Art. 5 Admin Law,Regulatory Violation,51807.55,Analyze treaty -> Evaluate cross-border compliance -> Recommend settlement,881326.34,0.37,0.73
FLC-2024-0619,Region B,2015,Administrative,Win,False,417539.25,5.0,9.1,5.1,9.3,6.2,4.0,7.0,5.0,4,6.7,7.4,7.9,5,0,0,171.6,False,4,9.6,76427,6.0,9.4,Art. 5 Admin Law,Regulatory Violation,96204.02,Assess plaintiff claims -> Review evidence -> Determine outcome,135327.84,0.32,0.83
FLC-2025-0620,Region A,2018,Civil,Loss,True,133905.75,2.7,6.6,6.8,9.0,6.7,8.1,8.1,2.7,0,1.6,7.5,7.9,7,3,0,98.6,False,9,5.9,422541,6.6,8.7,Art. 45 Civil Code,Breach of Contract,241760.03,Check jurisdiction -> Assess contract clauses -> Compute liability,76222.3,0.57,0.88
FLC-2023-0621,Region B,2021,International Treaty,Settlement,False,1037463.85,4.1,4.3,7.0,5.7,5.4,8.7,8.1,4.1,4,2.2,5.5,6.2,8,3,3,184.2,True,0,5.2,734413,8.0,8.6,Art. 97,Cross-Border Dispute,309299.96,Review charges -> Evaluate evidence -> Determine verdict,726287.3,0.7,0.41
FLC-2024-0622,Region D,2023,Administrative,Win,False,221825.9,7.2,6.0,9.8,9.7,3.1,5.2,10.0,7.2,0,8.3,7.9,1.7,7,1,0,54.1,True,9,9.6,902907,5.8,9.1,Art. 5 Admin Law,Regulatory Violation,73056.81,Review charges -> Evaluate evidence -> Determine verdict,64643.09,0.29,0.59
FLC-2025-0623,Region A,2016,Commercial,Loss,True,641043.05,4.9,7.7,9.5,9.0,6.9,4.5,8.3,4.9,1,5.0,7.5,0.8,4,3,3,191.6,True,8,7.4,730063,6.1,8.1,Art. 25 CISG,Cross-Border Dispute,35694.92,Check applicable law -> Compute damages -> Advise resolution,357184.88,0.56,0.61
FLC-2023-0624,Region B,2023,Administrative,Win,True,1157485.09,3.3,8.2,6.8,8.8,7.3,6.8,6.0,3.3,4,2.5,5.1,0.6,1,0,2,126.1,True,9,6.8,27855,8.8,6.9,Art. 5 Admin Law,Regulatory Violation,46763.13,Analyze treaty -> Evaluate cross-border compliance -> Recommend settlement,805986.31,0.7,0.83
FLC-2024-0625,Region D,2023,Civil,Dismissed,False,242018.95,10.0,4.2,8.5,7.6,5.0,8.9,6.5,10.0,2,7.3,5.0,9.9,3,4,1,182.8,True,0,5.7,869763,7.0,6.3,Art. 45 Civil Code,Breach of Contract,27739.98,Check jurisdiction -> Assess contract clauses -> Compute liability,15531.4,0.06,0.69
FLC-2025-0626,Region A,2024,Criminal,Loss,False,106486.06,4.8,6.5,6.5,5.2,8.2,8.5,8.4,4.8,0,4.7,8.5,7.5,8,1,4,158.0,True,0,7.1,993187,9.0,9.6,Art. 12 Penal Code,Fraud,97921.91,Assess plaintiff claims -> Review evidence -> Determine outcome,50995.57,0.48,0.55
FLC-2023-0627,Region C,2020,International Treaty,Settlement,False,484359.38,4.6,7.5,5.6,5.9,9.7,8.4,8.7,4.6,4,3.1,7.2,6.6,8,0,3,103.4,False,8,5.2,145763,8.8,9.7,Art. 97,Cross-Border Dispute,165716.47,Review charges -> Evaluate evidence -> Determine verdict,293514.83,0.61,0.49
FLC-2024-0628,Region E,2015,Administrative,Settlement,True,120173.32,4.6,4.1,8.0,5.3,5.7,4.0,8.1,4.6,2,2.7,6.5,1.3,1,1,2,56.3,False,2,9.8,710609,5.4,5.2,Art. 5 Admin Law,Regulatory Violation,33285.8,Review charges -> Evaluate evidence -> Determine verdict,66676.65,0.55,0.7
FLC-2025-0629,Region E,2019,Administrative,Loss,True,226320.95,2.5,8.3,8.3,7.9,10.0,9.9,7.7,2.5,2,1.1,8.5,10.0,3,0,1,69.2,True,9,9.0,511452,9.2,7.4,Art. 5 Admin Law,Regulatory Violation,380905.78,Analyze treaty -> Evaluate cross-border compliance -> Recommend settlement,177406.86,0.78,0.83
FLC-2023-0630,Region E,2017,Civil,Settlement,True,174086.35,6.1,8.1,7.0,5.1,7.0,4.6,9.2,6.1,3,5.8,7.1,9.0,2,4,0,189.1,False,6,8.0,539834,6.4,7.0,Art. 45 Civil Code,Breach of Contract,288208.38,Assess plaintiff claims -> Review evidence -> Determine outcome,108771.99,0.62,0.9
FLC-2024-0631,Region D,2020,Administrative,Win,False,326549.99,7.1,6.9,6.9,8.5,8.7,7.3,5.2,7.1,1,3.5,7.3,9.4,4,2,0,55.6,False,0,7.6,783948,9.1,6.5,Art. 5 Admin Law,Regulatory Violation,5317.23,Check applicable law -> Compute damages -> Advise resolution,84116.89,0.26,0.65
FLC-2025-0632,Region B,2017,Criminal,Loss,False,980936.3,4.3,4.7,6.2,9.5,4.2,8.1,7.7,4.3,1,4.2,6.4,5.2,8,1,2,118.8,False,7,7.5,430498,8.5,5.4,Art. 12 Penal Code,Fraud,11021.3,Check applicable law -> Compute damages -> Advise resolution,506782.74,0.52,0.7
FLC-2023-0633,Region A,2019,Administrative,Win,False,963736.21,7.8,8.8,8.0,7.6,3.2,7.9,5.9,7.8,1,6.2,8.7,4.0,3,0,0,116.8,False,8,6.4,390203,8.6,7.0,Art. 5 Admin Law,Regulatory Violation,141915.2,Analyze treaty -> Evaluate cross-border compliance -> Recommend settlement,282707.54,0.29,0.67
FLC-2024-0634,Region C,2016,Commercial,Loss,False,887206.8,4.4,6.6,7.0,8.6,9.4,8.0,7.4,4.4,4,2.2,5.7,8.4,3,1,0,102.2,False,3,8.1,406895,6.9,9.5,Art. 25 CISG,Cross-Border Dispute,53153.97,Check jurisdiction -> Assess contract clauses -> Compute liability,287506.62,0.32,0.51
FLC-2025-0635,Region B,2020,Commercial,Settlement,False,208920.97,5.0,6.1,9.4,8.3,7.9,9.4,7.2,5.0,3,3.6,8.1,5.5,4,1,1,60.8,True,7,6.7,48234,9.6,8.2,Art. 25 CISG,Cross-Border Dispute,70891.6,Check jurisdiction -> Assess contract clauses -> Compute liability,93420.77,0.45,0.6
FLC-2023-0636,Region D,2022,Administrative,Win,False,593965.67,6.2,6.0,6.3,9.4,6.8,5.7,9.7,6.2,0,4.1,5.8,2.1,2,2,0,42.0,True,0,6.4,535421,5.9,8.5,Art. 5 Admin Law,Regulatory Violation,23421.51,Assess plaintiff claims -> Review evidence -> Determine outcome,139769.85,0.24,0.54
FLC-2024-0637,Region D,2015,Administrative,Win,True,3147340.48,2.4,8.4,8.6,6.9,9.4,5.7,6.0,2.4,0,3.2,9.3,7.9,6,4,3,69.2,False,5,7.9,644780,6.3,5.4,Art. 5 Admin Law,Regulatory Violation,291534.07,Check applicable law -> Compute damages -> Advise resolution,2126686.98,0.68,0.63
FLC-2025-0638,Region C,2021,Civil,Loss,True,176246.94,3.8,9.6,9.5,7.9,9.5,5.9,6.8,3.8,0,3.3,7.9,7.2,1,0,3,99.9,False,0,8.3,995406,6.3,7.0,Art. 45 Civil Code,Breach of Contract,43682.9,Check jurisdiction -> Assess contract clauses -> Compute liability,106753.81,0.61,0.79
FLC-2023-0639,Region B,2015,International Treaty,Settlement,True,1712477.25,0.0,7.4,5.4,9.0,9.5,9.2,6.7,0.0,3,0.0,5.8,8.3,8,1,3,21.7,True,8,8.1,124731,5.2,7.5,Art. 97,Cross-Border Dispute,416279.63,Analyze treaty -> Evaluate cross-border compliance -> Recommend settlement,1620835.53,0.95,0.58
FLC-2024-0640,Region D,2019,Civil,Win,True,171100.14,6.2,4.2,7.5,9.3,7.1,5.7,7.0,6.2,1,3.9,5.6,5.3,9,2,3,196.7,True,1,6.3,338553,7.5,5.7,Art. 45 Civil Code,Breach of Contract,214496.17,Check jurisdiction -> Assess contract clauses -> Compute liability,76092.5,0.44,0.82
FLC-2025-0641,Region C,2021,Commercial,Settlement,True,1678163.44,2.0,8.5,8.9,5.5,8.9,6.4,6.3,2.0,4,0.8,8.1,6.2,5,4,2,62.9,False,5,7.8,709636,9.4,5.8,Art. 25 CISG,Cross-Border Dispute,190156.73,Assess plaintiff claims -> Review evidence -> Determine outcome,1200439.65,0.72,0.65
FLC-2023-0642,Region B,2023,Administrative,Settlement,True,295404.56,3.0,5.5,9.9,6.9,7.0,8.2,8.7,3.0,2,3.2,6.4,5.9,6,1,1,24.4,False,5,7.5,71509,5.3,5.9,Art. 5 Admin Law,Regulatory Violation,176374.07,Check jurisdiction -> Assess contract clauses -> Compute liability,202521.55,0.69,0.76
FLC-2024-0643,Region D,2016,International Treaty,Settlement,False,318764.54,4.7,5.6,8.3,6.8,6.8,6.9,6.9,4.7,2,4.2,6.2,5.8,6,4,3,146.1,False,4,6.5,338060,9.2,5.9,Art. 97,Cross-Border Dispute,101119.04,Analyze treaty -> Evaluate cross-border compliance -> Recommend settlement,177607.87,0.56,0.33
FLC-2025-0644,Region C,2017,Criminal,Win,False,693132.28,8.2,4.4,7.6,9.1,9.6,4.6,8.2,8.2,0,7.7,8.6,7.5,3,3,0,192.8,True,3,7.4,24652,9.9,6.1,Art. 12 Penal Code,Fraud,82043.4,Check jurisdiction -> Assess contract clauses -> Compute liability,279209.76,0.4,0.64
FLC-2023-0645,Region B,2023,Civil,Settlement,True,191130.26,3.4,6.3,9.9,6.0,6.8,9.9,9.0,3.4,4,3.1,5.2,8.2,2,1,0,137.5,True,1,8.5,627469,5.8,6.3,Art. 45 Civil Code,Breach of Contract,145849.52,Review charges -> Evaluate evidence -> Determine verdict,81889.52,0.43,0.9
FLC-2024-0646,Region D,2017,Criminal,Loss,True,393182.56,3.2,9.4,5.2,9.3,5.5,7.8,9.6,3.2,2,1.0,6.3,7.3,2,1,0,132.5,True,0,5.3,659432,8.8,6.8,Art. 12 Penal Code,Fraud,330915.25,Assess plaintiff claims -> Review evidence -> Determine outcome,286387.43,0.73,0.83
FLC-2025-0647,Region B,2017,Civil,Win,False,176247.37,7.9,9.6,6.3,8.1,5.3,5.3,5.4,7.9,1,6.3,9.4,3.5,8,0,2,182.6,True,3,7.8,313841,5.7,9.5,Art. 45 Civil Code,Breach of Contract,23004.22,Analyze treaty -> Evaluate cross-border compliance -> Recommend settlement,34266.96,0.19,0.68
FLC-2023-0648,Region D,2017,Commercial,Win,False,417524.18,8.7,6.6,6.4,5.8,6.7,7.6,7.8,8.7,0,7.1,5.8,6.6,8,1,2,150.4,False,2,7.0,812062,5.3,8.3,Art. 25 CISG,Cross-Border Dispute,127077.02,Assess plaintiff claims -> Review evidence -> Determine outcome,118571.11,0.28,0.58
FLC-2024-0649,Region B,2023,Commercial,Win,False,1308083.93,8.8,5.4,9.2,8.4,4.7,6.3,7.5,8.8,3,6.8,7.8,5.4,1,4,1,99.4,False,9,8.3,223832,9.5,5.3,Art. 25 CISG,Cross-Border Dispute,30253.19,Assess plaintiff claims -> Review evidence -> Determine outcome,248249.54,0.19,0.27
FLC-2025-0650,Region A,2024,International Treaty,Loss,False,394911.96,4.5,4.1,5.7,9.2,9.8,4.9,7.7,4.5,1,2.2,9.9,5.6,2,4,1,147.0,True,2,5.3,234420,6.3,6.0,Art. 97,Cross-Border Dispute,122547.39,Review charges -> Evaluate evidence -> Determine verdict,179788.36,0.46,0.59
FLC-2023-0651,Region A,2023,Commercial,Settlement,False,357589.2,2.2,7.8,6.1,7.1,8.6,7.2,6.5,2.2,0,3.2,6.1,8.2,6,3,3,121.5,False,8,5.9,362970,9.5,7.2,Art. 25 CISG,Cross-Border Dispute,21626.17,Assess plaintiff claims -> Review evidence -> Determine outcome,224354.81,0.63,0.59
FLC-2024-0652,Region C,2023,Commercial,Win,False,217986.67,7.6,5.6,9.9,8.4,9.3,8.6,7.7,7.6,2,6.3,8.2,7.6,7,1,3,199.1,False,9,8.1,403473,6.4,8.4,Art. 25 CISG,Cross-Border Dispute,123069.8,Assess plaintiff claims -> Review evidence -> Determine outcome,77762.22,0.36,0.39
FLC-2025-0653,Region E,2024,Commercial,Loss,True,836697.68,2.8,7.9,5.7,8.6,9.9,8.8,9.3,2.8,0,1.3,6.6,5.2,6,4,0,191.6,True,9,9.5,370915,9.7,8.9,Art. 25 CISG,Cross-Border Dispute,339863.64,Analyze treaty -> Evaluate cross-border compliance -> Recommend settlement,601578.43,0.72,0.69
FLC-2023-0654,Region B,2018,Civil,Dismissed,False,488265.96,7.1,6.7,8.7,7.5,7.2,5.8,6.0,7.1,3,4.8,5.8,8.5,6,4,1,151.8,True,1,5.3,638173,5.1,6.6,Art. 45 Civil Code,Breach of Contract,83496.08,Assess plaintiff claims -> Review evidence -> Determine outcome,118299.96,0.24,0.8
FLC-2024-0655,Region D,2015,Administrative,Win,False,264747.58,6.9,7.6,7.1,6.9,7.0,4.4,9.4,6.9,1,4.1,6.9,7.3,9,2,4,68.9,False,5,5.9,194399,7.6,9.4,Art. 5 Admin Law,Regulatory Violation,84427.37,Assess plaintiff claims -> Review evidence -> Determine outcome,109264.65,0.41,0.52
FLC-2025-0656,Region B,2020,Civil,Win,True,3751945.04,4.6,10.0,8.1,5.2,3.1,5.9,6.0,4.6,4,4.4,8.9,2.3,1,3,1,65.7,False,8,8.3,855194,8.5,6.9,Art. 45 Civil Code,Breach of Contract,283428.86,Assess plaintiff claims -> Review evidence -> Determine outcome,2232740.18,0.6,0.93
FLC-2023-0657,Region E,2023,Commercial,Settlement,False,2386699.32,6.6,7.8,9.6,5.2,4.7,5.2,7.5,6.6,4,4.6,5.2,5.0,3,3,3,163.4,True,3,6.4,741999,9.5,6.2,Art. 25 CISG,Cross-Border Dispute,57686.51,Analyze treaty -> Evaluate cross-border compliance -> Recommend settlement,888105.65,0.37,0.54
FLC-2024-0658,Region C,2020,Civil,Win,False,613585.7,6.7,5.8,9.4,8.8,5.6,5.0,5.1,6.7,3,5.6,6.6,9.9,7,1,4,22.9,True,9,5.6,891497,8.3,7.5,Art. 45 Civil Code,Breach of Contract,107185.15,Analyze treaty -> Evaluate cross-border compliance -> Recommend settlement,132206.15,0.22,0.75
FLC-2025-0659,Region C,2024,Commercial,Settlement,True,495715.61,3.7,6.1,9.2,6.8,4.8,9.1,6.9,3.7,2,2.7,7.0,6.5,2,2,3,20.6,True,3,8.8,974337,9.7,6.0,Art. 25 CISG,Cross-Border Dispute,267527.73,Analyze treaty -> Evaluate cross-border compliance -> Recommend settlement,339019.57,0.68,0.8
FLC-2023-0660,Region C,2019,Commercial,Settlement,False,332228.88,6.2,7.1,9.4,6.0,3.3,8.0,6.7,6.2,2,4.6,7.9,1.4,6,4,0,49.2,False,5,9.8,176965,9.9,5.2,Art. 25 CISG,Cross-Border Dispute,121014.82,Assess plaintiff claims -> Review evidence -> Determine outcome,130531.5,0.39,0.52
FLC-2024-0661,Region D,2017,Commercial,Settlement,False,97932.35,5.6,5.4,6.0,7.5,9.3,5.9,8.3,5.6,1,5.8,8.0,3.7,2,4,0,192.1,True,3,8.6,53136,8.7,9.7,Art. 25 CISG,Cross-Border Dispute,186895.6,Check jurisdiction -> Assess contract clauses -> Compute liability,40205.53,0.41,0.56
FLC-2025-0662,Region B,2022,International Treaty,Settlement,True,32107.67,1.1,7.2,9.7,8.6,9.5,5.3,6.6,1.1,3,2.3,7.5,8.7,5,3,4,32.3,True,5,5.8,674298,7.0,9.2,Art. 97,Cross-Border Dispute,409408.67,Check applicable law -> Compute damages -> Advise resolution,28838.61,0.9,0.72
FLC-2023-0663,Region A,2019,Administrative,Dismissed,False,281933.51,7.5,6.3,6.7,9.3,9.1,7.5,7.6,7.5,3,6.1,7.0,0.8,2,1,2,52.3,True,2,7.9,277914,7.1,7.7,Art. 5 Admin Law,Regulatory Violation,15952.12,Check applicable law -> Compute damages -> Advise resolution,61593.53,0.22,0.68
FLC-2024-0664,Region E,2018,Criminal,Loss,False,1524034.87,5.0,7.0,6.1,5.4,7.3,9.7,6.6,5.0,0,5.6,5.5,4.3,3,4,0,52.2,False,9,9.4,202489,7.4,9.0,Art. 12 Penal Code,Fraud,33903.51,Check applicable law -> Compute damages -> Advise resolution,679066.0,0.45,0.59
FLC-2025-0665,Region D,2015,Commercial,Loss,True,129187.68,3.8,5.3,5.6,9.4,6.1,7.8,7.5,3.8,2,4.0,8.1,2.6,6,0,1,42.1,False,7,8.9,679442,6.4,7.0,Art. 25 CISG,Cross-Border Dispute,208427.82,Check jurisdiction -> Assess contract clauses -> Compute liability,81141.95,0.63,0.69
FLC-2023-0666,Region A,2024,Criminal,Loss,False,454445.26,4.5,6.5,8.3,8.2,5.7,7.7,9.1,4.5,4,3.9,7.3,7.6,6,3,3,113.0,False,9,5.3,336108,6.6,7.6,Art. 12 Penal Code,Fraud,80256.42,Check jurisdiction -> Assess contract clauses -> Compute liability,252564.96,0.56,0.67
FLC-2024-0667,Region B,2020,Criminal,Loss,True,204616.29,1.1,5.2,9.3,5.5,3.0,6.7,5.8,1.1,1,1.1,7.6,6.1,3,1,4,78.4,False,5,9.8,90257,8.7,5.5,Art. 12 Penal Code,Fraud,351643.96,Review charges -> Evaluate evidence -> Determine verdict,174354.9,0.85,0.82
FLC-2025-0668,Region D,2018,Civil,Loss,True,3020313.37,5.5,6.6,9.3,8.1,7.5,9.7,9.9,5.5,2,3.9,7.2,6.5,4,2,4,132.9,False,8,6.5,641416,7.0,8.6,Art. 45 Civil Code,Breach of Contract,107266.6,Review charges -> Evaluate evidence -> Determine verdict,1524648.97,0.5,1.0
FLC-2023-0669,Region A,2024,Administrative,Win,False,1393137.07,7.2,7.1,6.7,7.6,4.6,4.3,7.9,7.2,3,4.3,6.1,5.7,4,0,4,166.7,True,2,5.8,857306,7.4,7.9,Art. 5 Admin Law,Regulatory Violation,87040.5,Check applicable law -> Compute damages -> Advise resolution,431750.7,0.31,0.6
FLC-2024-0670,Region C,2017,Criminal,Settlement,False,2531937.93,5.5,9.7,7.1,8.9,4.0,8.9,9.3,5.5,2,4.8,8.2,2.9,5,1,0,109.7,True,8,9.3,495771,6.8,5.7,Art. 12 Penal Code,Fraud,5132.72,Check jurisdiction -> Assess contract clauses -> Compute liability,1250431.46,0.49,0.43
FLC-2025-0671,Region C,2023,Civil,Settlement,True,154612.64,7.9,7.1,5.2,8.8,8.8,7.7,8.7,7.9,1,6.8,8.1,9.0,7,3,2,75.9,False,0,8.7,532834,9.1,7.5,Art. 45 Civil Code,Breach of Contract,33893.01,Analyze treaty -> Evaluate cross-border compliance -> Recommend settlement,76393.49,0.49,0.87
FLC-2023-0672,Region E,2018,Civil,Win,False,645673.58,8.4,8.4,6.8,8.3,7.0,4.8,6.2,8.4,2,6.3,8.9,6.6,9,1,0,72.3,False,8,5.3,258128,7.6,6.0,Art. 45 Civil Code,Breach of Contract,14372.34,Review charges -> Evaluate evidence -> Determine verdict,104778.85,0.16,0.73
FLC-2024-0673,Region C,2016,Civil,Win,True,558486.55,4.7,9.5,9.8,9.6,4.8,5.4,6.5,4.7,2,2.0,6.6,3.7,5,0,3,162.1,False,5,6.9,893499,5.3,6.3,Art. 45 Civil Code,Breach of Contract,248901.35,Assess plaintiff claims -> Review evidence -> Determine outcome,363331.42,0.65,0.97
FLC-2025-0674,Region B,2016,International Treaty,Win,False,1149203.42,4.5,10.0,6.0,5.5,3.5,9.0,7.2,4.5,1,4.8,5.6,7.9,5,4,2,87.1,False,9,7.4,78228,8.2,7.1,Art. 97,Cross-Border Dispute,301563.95,Check applicable law -> Compute damages -> Advise resolution,731777.95,0.64,0.4
FLC-2023-0675,Region B,2019,Administrative,Loss,False,524655.07,6.2,7.2,9.0,6.1,6.7,5.4,8.8,6.2,1,5.0,6.8,2.1,3,0,1,194.7,False,6,6.9,725605,5.5,7.1,Art. 5 Admin Law,Regulatory Violation,3358.04,Analyze treaty -> Evaluate cross-border compliance -> Recommend settlement,159786.89,0.3,0.69
FLC-2024-0676,Region B,2020,Criminal,Loss,True,401672.07,0.6,6.2,8.1,9.4,9.7,7.5,5.2,0.6,4,0.0,7.2,0.9,7,1,3,75.8,True,5,7.7,36402,5.3,8.3,Art. 12 Penal Code,Fraud,262071.97,Analyze treaty -> Evaluate cross-border compliance -> Recommend settlement,339387.01,0.84,0.94
FLC-2025-0677,Region C,2022,International Treaty,Loss,True,146835.88,0.0,4.4,8.4,8.4,9.3,6.2,7.9,0.0,0,1.0,7.0,5.3,3,0,4,162.0,True,7,5.6,45935,7.1,5.4,Art. 97,Cross-Border Dispute,197708.0,Check jurisdiction -> Assess contract clauses -> Compute liability,146835.88,1.0,0.51
FLC-2023-0678,Region A,2017,Commercial,Settlement,True,601454.81,3.1,7.6,8.4,5.2,9.0,9.4,9.3,3.1,4,3.0,5.4,3.8,7,4,0,87.7,True,2,6.5,922657,8.5,9.8,Art. 25 CISG,Cross-Border Dispute,225949.13,Review charges -> Evaluate evidence -> Determine verdict,395447.18,0.66,0.75
FLC-2024-0679,Region D,2016,Civil,Settlement,True,620149.67,3.7,6.4,9.4,7.5,8.0,4.3,7.8,3.7,3,2.4,5.1,8.5,3,2,3,165.9,False,8,7.2,33143,8.3,9.7,Art. 45 Civil Code,Breach of Contract,89283.11,Check jurisdiction -> Assess contract clauses -> Compute liability,276344.27,0.45,0.98
FLC-2025-0680,Region B,2024,Civil,Dismissed,False,2027768.99,6.6,7.7,7.6,5.0,8.8,8.2,8.3,6.6,1,6.1,6.8,9.4,8,2,4,84.0,True,8,6.3,630036,6.8,5.3,Art. 45 Civil Code,Breach of Contract,89091.89,Check applicable law -> Compute damages -> Advise resolution,494302.75,0.24,0.61
FLC-2023-0681,Region A,2021,Civil,Win,False,632168.86,7.9,8.6,6.0,8.1,8.6,9.3,7.3,7.9,0,5.7,7.1,9.2,3,2,3,50.3,False,5,8.1,977072,5.8,5.2,Art. 45 Civil Code,Breach of Contract,69820.15,Check applicable law -> Compute damages -> Advise resolution,134762.6,0.21,0.74
FLC-2024-0682,Region A,2018,International Treaty,Settlement,True,371494.36,1.4,6.7,9.7,5.7,8.4,7.7,9.1,1.4,0,1.1,9.8,6.3,7,3,4,148.6,True,0,9.3,471306,6.0,9.4,Art. 97,Cross-Border Dispute,115699.33,Check applicable law -> Compute damages -> Advise resolution,288044.09,0.78,0.52
FLC-2025-0683,Region B,2021,Civil,Win,True,1286541.09,5.6,5.9,8.5,6.1,7.4,7.5,9.9,5.6,2,5.3,9.0,7.0,8,4,2,27.2,True,8,6.2,80606,6.7,6.6,Art. 45 Civil Code,Breach of Contract,212758.22,Check applicable law -> Compute damages -> Advise resolution,669453.66,0.52,0.98
FLC-2023-0684,Region D,2020,Commercial,Loss,True,324548.48,2.1,5.7,9.4,9.8,3.5,6.8,7.7,2.1,4,2.9,5.4,8.5,8,1,3,58.3,False,6,7.7,875757,9.4,7.2,Art. 25 CISG,Cross-Border Dispute,62697.93,Assess plaintiff claims -> Review evidence -> Determine outcome,239166.4,0.74,0.66
FLC-2024-0685,Region D,2017,Civil,Dismissed,False,709242.7,10.0,4.6,9.9,7.6,7.4,8.0,6.8,10.0,3,8.3,8.5,7.3,6,0,4,104.4,False,3,6.7,659272,6.6,9.3,Art. 45 Civil Code,Breach of Contract,0.0,Analyze treaty -> Evaluate cross-border compliance -> Recommend settlement,0.0,0.0,0.59
FLC-2025-0686,Region A,2015,Civil,Loss,True,788456.32,1.9,9.0,5.5,5.7,9.8,7.5,7.5,1.9,2,0.0,8.8,2.1,3,4,0,36.4,False,8,6.4,82823,9.7,7.8,Art. 45 Civil Code,Breach of Contract,48177.21,Check jurisdiction -> Assess contract clauses -> Compute liability,479652.77,0.61,0.92
FLC-2023-0687,Region C,2021,Civil,Dismissed,True,225842.2,7.4,4.5,6.1,8.4,9.3,4.2,9.1,7.4,3,6.0,7.7,9.6,6,3,4,83.7,True,3,5.2,630309,6.6,7.9,Art. 45 Civil Code,Breach of Contract,52429.8,Check jurisdiction -> Assess contract clauses -> Compute liability,49240.69,0.22,0.86
FLC-2024-0688,Region A,2024,Commercial,Win,False,253197.24,5.7,9.4,7.8,8.9,8.6,5.5,7.6,5.7,4,4.5,5.2,9.6,3,3,2,74.1,True,1,9.0,626703,8.7,6.2,Art. 25 CISG,Cross-Border Dispute,153324.79,Check applicable law -> Compute damages -> Advise resolution,90844.54,0.36,0.64
FLC-2025-0689,Region C,2018,Criminal,Loss,True,1025074.09,2.5,7.7,7.3,5.2,3.2,4.5,6.8,2.5,1,2.3,8.2,4.3,9,2,3,65.2,False,9,7.7,3594,5.6,8.8,Art. 12 Penal Code,Fraud,174451.25,Assess plaintiff claims -> Review evidence -> Determine outcome,797103.82,0.78,0.79
FLC-2023-0690,Region A,2019,Civil,Loss,True,706840.13,6.7,5.3,8.1,6.2,9.9,9.7,7.8,6.7,0,6.1,6.5,0.5,6,2,2,40.2,True,5,9.7,826307,8.3,8.7,Art. 45 Civil Code,Breach of Contract,155595.64,Check jurisdiction -> Assess contract clauses -> Compute liability,315323.13,0.45,0.8
FLC-2024-0691,Region D,2017,Criminal,Settlement,False,66941.24,5.7,7.7,8.9,6.7,8.8,7.7,8.5,5.7,0,3.3,7.7,6.3,3,1,0,47.5,False,1,7.8,518282,9.2,6.4,Art. 12 Penal Code,Fraud,201594.69,Assess plaintiff claims -> Review evidence -> Determine outcome,29236.91,0.44,0.47
FLC-2025-0692,Region B,2024,Civil,Dismissed,False,98117.11,7.7,8.1,6.1,5.0,9.5,5.8,6.0,7.7,1,6.8,5.0,2.0,8,4,0,83.4,True,6,6.5,922662,7.0,5.5,Art. 45 Civil Code,Breach of Contract,33404.67,Assess plaintiff claims -> Review evidence -> Determine outcome,15524.53,0.16,0.52
FLC-2023-0693,Region D,2015,Administrative,Dismissed,False,733361.01,8.2,7.3,8.2,9.8,5.6,7.7,9.4,8.2,1,8.0,5.6,3.8,1,3,2,62.9,False,1,5.7,796965,8.1,6.8,Art. 5 Admin Law,Regulatory Violation,87292.76,Assess plaintiff claims -> Review evidence -> Determine outcome,152284.98,0.21,0.61
FLC-2024-0694,Region B,2019,Administrative,Win,True,459969.67,5.2,6.4,9.1,9.3,7.9,4.6,5.1,5.2,4,5.5,6.1,4.0,2,1,1,34.2,True,8,6.0,561582,7.5,8.0,Art. 5 Admin Law,Regulatory Violation,272839.71,Check jurisdiction -> Assess contract clauses -> Compute liability,253467.8,0.55,0.82
FLC-2025-0695,Region E,2019,Criminal,Loss,True,605096.38,0.0,4.1,9.8,9.0,8.3,8.6,6.9,0.0,3,0.0,8.3,6.6,3,0,3,198.1,False,7,9.3,571272,6.8,6.2,Art. 12 Penal Code,Fraud,352552.25,Check applicable law -> Compute damages -> Advise resolution,505976.02,0.84,0.68
FLC-2023-0696,Region E,2021,International Treaty,Settlement,False,687571.92,6.9,5.6,7.4,7.3,6.0,7.0,9.9,6.9,1,5.0,8.1,2.4,2,3,4,120.5,False,4,9.4,859463,9.1,5.6,Art. 97,Cross-Border Dispute,140916.08,Analyze treaty -> Evaluate cross-border compliance -> Recommend settlement,236602.01,0.34,0.35
FLC-2024-0697,Region D,2017,Commercial,Win,True,120812.07,5.1,8.6,6.8,9.4,5.8,8.3,9.7,5.1,3,3.5,7.5,5.1,7,0,1,129.5,False,2,8.5,102980,6.9,5.0,Art. 25 CISG,Cross-Border Dispute,39792.25,Analyze treaty -> Evaluate cross-border compliance -> Recommend settlement,79842.29,0.66,0.47
FLC-2025-0698,Region A,2016,Administrative,Loss,False,310583.87,6.9,6.9,6.0,6.7,8.0,5.3,6.3,6.9,4,3.9,6.3,2.0,9,4,2,145.0,False,0,8.4,796460,8.3,7.2,Art. 5 Admin Law,Regulatory Violation,106257.25,Check jurisdiction -> Assess contract clauses -> Compute liability,95825.68,0.31,0.74
FLC-2023-0699,Region E,2019,Commercial,Settlement,True,638782.56,2.3,6.7,7.3,7.3,9.2,8.9,8.1,2.3,2,1.5,8.2,5.7,5,0,4,54.4,True,2,9.8,181161,5.8,5.2,Art. 25 CISG,Cross-Border Dispute,280574.38,Review charges -> Evaluate evidence -> Determine verdict,508888.71,0.8,0.84
FLC-2024-0700,Region B,2020,Commercial,Loss,True,179365.02,1.7,6.0,5.7,6.3,3.4,7.6,5.7,1.7,4,0.0,8.9,6.2,2,0,2,80.0,False,1,9.4,973091,5.7,7.4,Art. 25 CISG,Cross-Border Dispute,142819.34,Check applicable law -> Compute damages -> Advise resolution,140541.57,0.78,0.81
FLC-2025-0701,Region E,2021,Administrative,Win,True,1514523.36,4.0,6.7,8.4,7.7,6.5,4.4,5.7,4.0,0,2.8,5.6,4.7,8,4,2,49.3,True,6,5.4,961485,6.9,7.2,Art. 5 Admin Law,Regulatory Violation,4124.74,Review charges -> Evaluate evidence -> Determine verdict,879241.86,0.58,0.69
FLC-2023-0702,Region B,2019,Criminal,Win,False,175543.54,5.8,5.7,9.6,10.0,7.2,4.2,5.4,5.8,3,3.5,9.0,7.5,3,0,1,106.3,True,6,6.1,606265,8.9,8.4,Art. 12 Penal Code,Fraud,212040.25,Check applicable law -> Compute damages -> Advise resolution,94242.01,0.54,0.51
FLC-2024-0703,Region C,2022,Administrative,Dismissed,False,448715.33,6.7,7.2,9.7,7.0,3.5,6.3,5.7,6.7,0,6.2,6.8,1.4,4,2,2,193.0,False,2,9.9,434733,8.9,6.6,Art. 5 Admin Law,Regulatory Violation,2166.22,Analyze treaty -> Evaluate cross-border compliance -> Recommend settlement,35477.61,0.08,0.47
FLC-2025-0704,Region D,2015,International Treaty,Loss,True,41320.52,1.2,9.2,7.5,6.7,10.0,6.1,7.1,1.2,0,0.2,9.3,9.3,4,1,3,29.8,False,2,6.9,352230,7.4,8.0,Art. 97,Cross-Border Dispute,363653.78,Review charges -> Evaluate evidence -> Determine verdict,34994.1,0.85,0.68
FLC-2023-0705,Region D,2023,Criminal,Settlement,True,687458.51,0.5,7.7,8.4,7.5,7.9,5.0,9.3,0.5,4,0.0,5.4,5.5,5,1,1,153.1,False,2,9.7,711193,7.0,8.5,Art. 12 Penal Code,Fraud,41236.53,Check applicable law -> Compute damages -> Advise resolution,601276.87,0.87,0.8
FLC-2024-0706,Region A,2016,Administrative,Dismissed,False,386848.65,8.0,8.7,8.6,6.2,7.4,7.9,7.0,8.0,0,7.0,9.8,3.0,5,3,4,43.5,False,5,10.0,632180,7.5,8.1,Art. 5 Admin Law,Regulatory Violation,103153.16,Assess plaintiff claims -> Review evidence -> Determine outcome,101870.63,0.26,0.7
FLC-2025-0707,Region D,2024,Civil,Settlement,True,196406.9,6.5,4.1,8.9,5.2,8.8,7.2,7.6,6.5,0,7.2,9.3,9.4,3,3,3,128.4,True,8,9.0,8304,8.9,9.6,Art. 45 Civil Code,Breach of Contract,112548.26,Check applicable law -> Compute damages -> Advise resolution,75419.59,0.38,0.75
FLC-2023-0708,Region E,2023,International Treaty,Loss,True,454481.15,0.0,9.1,8.7,8.1,9.1,5.0,9.7,0.0,0,0.0,8.2,2.7,9,3,4,109.6,False,4,8.9,552299,5.1,6.8,Art. 97,Cross-Border Dispute,428492.81,Check jurisdiction -> Assess contract clauses -> Compute liability,416405.24,0.92,0.59
FLC-2024-0709,Region C,2016,International Treaty,Settlement,True,2564500.34,0.2,8.7,6.2,8.7,6.2,9.9,7.9,0.2,2,0.5,5.2,3.6,1,0,4,23.3,False,2,9.2,986701,7.8,9.8,Art. 97,Cross-Border Dispute,411163.5,Check applicable law -> Compute damages -> Advise resolution,2431240.32,0.95,0.65
FLC-2025-0710,Region C,2018,Civil,Win,True,764927.41,5.2,6.7,5.8,7.3,7.2,6.0,7.6,5.2,1,6.3,7.3,0.9,2,2,4,114.1,False,4,9.8,781331,5.2,9.4,Art. 45 Civil Code,Breach of Contract,193326.11,Check applicable law -> Compute damages -> Advise resolution,392531.73,0.51,0.9
FLC-2023-0711,Region A,2024,Commercial,Settlement,False,275422.57,5.9,9.9,5.4,7.0,3.3,5.2,9.5,5.9,0,5.2,10.0,6.5,5,3,0,115.2,True,8,7.8,731264,7.7,9.1,Art. 25 CISG,Cross-Border Dispute,726.22,Check jurisdiction -> Assess contract clauses -> Compute liability,92988.16,0.34,0.59
FLC-2024-0712,Region E,2017,Commercial,Settlement,False,1038846.39,3.9,7.0,8.9,8.5,3.8,7.5,9.8,3.9,3,2.8,9.3,7.0,9,1,4,178.1,False,5,5.3,47233,10.0,9.8,Art. 25 CISG,Cross-Border Dispute,160030.39,Assess plaintiff claims -> Review evidence -> Determine outcome,450411.79,0.43,0.63
FLC-2025-0713,Region D,2020,Civil,Settlement,True,666685.57,5.5,8.6,7.1,9.9,8.2,4.1,9.4,5.5,1,3.2,5.7,7.3,9,2,1,72.0,True,3,6.5,620140,6.6,6.2,Art. 45 Civil Code,Breach of Contract,195360.09,Analyze treaty -> Evaluate cross-border compliance -> Recommend settlement,301573.94,0.45,1.0
FLC-2023-0714,Region E,2020,Administrative,Loss,True,1018039.72,3.2,4.9,7.7,8.1,6.4,7.6,5.9,3.2,0,3.1,8.3,4.3,6,3,3,74.6,True,5,8.9,22169,8.3,9.2,Art. 5 Admin Law,Regulatory Violation,61846.25,Assess plaintiff claims -> Review evidence -> Determine outcome,633891.81,0.62,0.71
FLC-2024-0715,Region D,2019,Civil,Dismissed,False,888959.66,8.1,7.4,7.1,5.6,5.3,8.3,8.1,8.1,0,5.6,5.1,7.6,3,3,3,127.2,True,7,6.6,29037,9.8,6.0,Art. 45 Civil Code,Breach of Contract,59673.72,Analyze treaty -> Evaluate cross-border compliance -> Recommend settlement,140783.19,0.16,0.69
FLC-2025-0716,Region A,2022,Commercial,Loss,True,362401.79,1.7,9.0,5.1,6.8,8.2,4.5,7.8,1.7,1,0.0,10.0,5.6,4,3,2,63.6,True,6,6.0,510219,8.6,9.5,Art. 25 CISG,Cross-Border Dispute,298012.8,Check applicable law -> Compute damages -> Advise resolution,266124.82,0.73,0.69
FLC-2023-0717,Region E,2024,Administrative,Dismissed,False,786416.54,5.5,7.8,5.6,7.5,7.6,7.5,5.7,5.5,4,5.3,6.4,2.7,1,4,2,129.3,True,0,7.2,19733,9.2,6.1,Art. 5 Admin Law,Regulatory Violation,77545.78,Review charges -> Evaluate evidence -> Determine verdict,232291.6,0.3,0.56
FLC-2024-0718,Region D,2015,Civil,Settlement,True,253009.85,6.2,9.7,6.8,6.9,8.2,6.7,5.1,6.2,2,5.3,6.2,0.5,6,0,4,118.2,False,1,7.9,446185,9.3,5.0,Art. 45 Civil Code,Breach of Contract,275305.32,Review charges -> Evaluate evidence -> Determine verdict,143430.39,0.57,0.83
FLC-2025-0719,Region B,2018,International Treaty,Loss,True,237988.36,1.8,6.8,9.0,9.6,4.7,7.2,5.8,1.8,0,1.7,7.0,5.5,7,1,2,199.7,True,2,8.5,101513,5.4,6.5,Art. 97,Cross-Border Dispute,50495.0,Review charges -> Evaluate evidence -> Determine verdict,217341.09,0.91,0.55
FLC-2023-0720,Region D,2019,Administrative,Settlement,False,34543.47,8.2,8.7,8.8,8.9,9.5,4.7,5.8,8.2,3,5.8,6.6,5.3,7,0,3,130.9,False,7,7.7,658009,5.7,8.4,Art. 5 Admin Law,Regulatory Violation,108450.31,Review charges -> Evaluate evidence -> Determine verdict,11696.5,0.34,0.65
FLC-2024-0721,Region C,2020,Criminal,Dismissed,False,185319.54,7.2,6.8,9.7,7.0,6.0,7.5,7.3,7.2,4,5.2,9.7,3.0,4,4,3,58.0,False,8,7.1,106866,6.3,9.4,Art. 12 Penal Code,Fraud,62180.63,Check applicable law -> Compute damages -> Advise resolution,48331.67,0.26,0.63
FLC-2025-0722,Region E,2024,Criminal,Settlement,True,3079126.87,0.7,6.3,7.6,5.1,3.4,8.1,8.8,0.7,3,1.6,9.8,8.8,1,4,1,131.2,False,5,8.8,8826,6.5,7.0,Art. 12 Penal Code,Fraud,387294.75,Check applicable law -> Compute damages -> Advise resolution,2691861.54,0.87,0.92
FLC-2023-0723,Region B,2016,International Treaty,Win,False,323651.49,6.6,7.9,7.9,8.5,5.2,9.5,5.6,6.6,2,4.5,9.8,2.5,7,3,3,28.9,True,3,7.3,467966,9.2,7.0,Art. 97,Cross-Border Dispute,47131.54,Review charges -> Evaluate evidence -> Determine verdict,137488.33,0.42,0.58
FLC-2024-0724,Region B,2021,International Treaty,Win,False,142897.57,3.8,4.9,8.4,8.8,4.3,4.3,5.4,3.8,2,3.1,8.6,1.9,6,0,2,20.8,True,4,8.5,842618,7.0,8.0,Art. 97,Cross-Border Dispute,153135.11,Assess plaintiff claims -> Review evidence -> Determine outcome,82518.37,0.58,0.41
FLC-2025-0725,Region C,2022,International Treaty,Settlement,False,366702.46,3.4,5.1,8.0,8.0,6.6,4.0,7.8,3.4,3,3.8,9.4,2.7,5,0,1,91.7,False,7,8.3,170645,7.5,7.7,Art. 97,Cross-Border Dispute,227539.94,Check jurisdiction -> Assess contract clauses -> Compute liability,272181.63,0.74,0.31
FLC-2023-0726,Region C,2021,International Treaty,Loss,False,806115.41,4.0,9.3,7.3,8.9,8.9,8.3,7.5,4.0,3,2.4,6.3,4.1,4,3,4,119.4,False,7,7.7,242209,6.8,9.8,Art. 97,Cross-Border Dispute,241732.49,Review charges -> Evaluate evidence -> Determine verdict,458737.34,0.57,0.34
FLC-2024-0727,Region D,2021,Civil,Settlement,True,175486.81,5.4,9.0,8.7,5.3,4.5,7.3,8.4,5.4,4,5.2,5.4,8.9,3,1,3,155.2,True,4,8.3,321602,8.8,9.9,Art. 45 Civil Code,Breach of Contract,13693.83,Check jurisdiction -> Assess contract clauses -> Compute liability,83379.73,0.48,0.84
FLC-2025-0728,Region B,2016,Civil,Loss,True,217376.14,3.6,4.3,8.4,6.6,6.3,8.1,9.6,3.6,3,2.5,7.1,9.1,1,3,2,87.0,False,4,9.9,804063,6.9,9.2,Art. 45 Civil Code,Breach of Contract,240494.25,Assess plaintiff claims -> Review evidence -> Determine outcome,145501.61,0.67,0.95
FLC-2023-0729,Region C,2022,Commercial,Settlement,True,240710.03,2.5,7.5,5.7,5.2,5.7,7.7,5.6,2.5,0,0.9,7.1,1.6,2,2,1,102.9,True,5,6.8,474530,8.6,9.1,Art. 25 CISG,Cross-Border Dispute,253727.85,Check jurisdiction -> Assess contract clauses -> Compute liability,154190.45,0.64,0.42
FLC-2024-0730,Region D,2017,International Treaty,Loss,True,783503.41,0.0,6.5,7.5,6.8,8.2,9.2,9.4,0.0,2,1.8,6.7,3.1,4,4,4,109.3,True,8,8.6,233463,6.6,5.7,Art. 97,Cross-Border Dispute,324018.0,Assess plaintiff claims -> Review evidence -> Determine outcome,783503.41,1.0,0.49
FLC-2025-0731,Region D,2019,International Treaty,Loss,True,342040.18,0.8,6.6,8.6,5.1,5.2,8.7,8.4,0.8,4,1.2,8.7,0.4,2,3,0,193.5,True,3,6.9,380015,5.7,5.3,Art. 97,Cross-Border Dispute,240948.35,Review charges -> Evaluate evidence -> Determine verdict,306519.95,0.9,0.57
FLC-2023-0732,Region D,2020,Commercial,Win,True,2670260.34,5.4,8.8,9.6,5.3,5.8,9.9,8.0,5.4,4,4.8,5.3,7.6,7,4,3,140.7,False,0,8.7,67798,7.9,7.8,Art. 25 CISG,Cross-Border Dispute,263578.45,Check applicable law -> Compute damages -> Advise resolution,1699247.14,0.64,0.52
FLC-2024-0733,Region C,2018,Commercial,Settlement,True,770430.66,1.7,6.8,8.3,6.8,4.3,8.9,6.8,1.7,2,3.3,7.8,7.9,9,1,3,29.7,True,7,8.4,954420,5.1,6.1,Art. 25 CISG,Cross-Border Dispute,252974.59,Check jurisdiction -> Assess contract clauses -> Compute liability,597204.2,0.78,0.78
FLC-2025-0734,Region E,2021,Administrative,Win,True,567351.93,4.9,4.9,6.7,6.1,8.6,9.9,5.1,4.9,0,2.6,5.5,7.2,4,0,3,46.6,True,8,5.9,189812,5.5,6.5,Art. 5 Admin Law,Regulatory Violation,199758.49,Assess plaintiff claims -> Review evidence -> Determine outcome,277829.6,0.49,0.72
FLC-2023-0735,Region B,2023,Criminal,Settlement,False,280873.99,4.7,9.7,8.6,9.1,4.9,8.1,9.3,4.7,1,3.9,6.5,7.7,5,1,4,74.3,True,8,5.9,49196,7.7,8.9,Art. 12 Penal Code,Fraud,42482.86,Check applicable law -> Compute damages -> Advise resolution,120493.28,0.43,0.63
FLC-2024-0736,Region A,2020,Criminal,Loss,True,536017.46,0.0,5.3,5.3,7.7,7.8,5.5,8.7,0.0,1,0.0,9.8,2.6,5,2,1,174.2,False,2,7.0,134154,9.9,9.1,Art. 12 Penal Code,Fraud,147335.0,Check applicable law -> Compute damages -> Advise resolution,536017.46,1.0,0.82
FLC-2025-0737,Region B,2021,International Treaty,Win,False,142139.99,7.4,8.0,5.1,8.1,6.9,8.9,7.7,7.4,2,5.8,9.4,4.2,9,1,1,179.9,False,4,7.4,114398,6.5,7.2,Art. 97,Cross-Border Dispute,1535.25,Analyze treaty -> Evaluate cross-border compliance -> Recommend settlement,55119.99,0.39,0.32
FLC-2023-0738,Region A,2024,Commercial,Loss,False,215804.9,5.9,8.8,6.7,6.3,4.6,5.2,8.7,5.9,3,6.3,5.4,3.1,9,4,3,118.9,True,5,7.2,964098,10.0,6.5,Art. 25 CISG,Cross-Border Dispute,179425.89,Analyze treaty -> Evaluate cross-border compliance -> Recommend settlement,79367.75,0.37,0.65
FLC-2024-0739,Region C,2023,Commercial,Loss,True,140321.28,3.6,7.0,9.3,8.8,8.5,9.7,6.3,3.6,2,3.5,6.3,0.6,7,4,1,31.4,False,5,8.2,341492,7.5,5.8,Art. 25 CISG,Cross-Border Dispute,303086.42,Review charges -> Evaluate evidence -> Determine verdict,102446.35,0.73,0.65
FLC-2025-0740,Region C,2022,International Treaty,Settlement,False,105083.73,2.0,7.5,8.2,5.7,6.3,5.8,9.7,2.0,1,0.4,8.7,5.2,7,3,3,59.2,True,5,8.3,404065,6.9,8.8,Art. 97,Cross-Border Dispute,71374.63,Check jurisdiction -> Assess contract clauses -> Compute liability,77005.26,0.73,0.37
FLC-2023-0741,Region B,2019,International Treaty,Loss,True,127773.53,2.2,7.2,8.5,5.4,3.3,5.6,6.5,2.2,3,2.7,9.1,0.1,6,3,2,49.4,False,0,7.9,874394,7.8,8.2,Art. 97,Cross-Border Dispute,248058.88,Review charges -> Evaluate evidence -> Determine verdict,110927.65,0.87,0.6
FLC-2024-0742,Region C,2015,International Treaty,Loss,False,167487.2,5.6,5.3,9.2,8.5,9.7,7.4,5.4,5.6,3,4.3,6.1,3.9,5,1,3,87.5,True,8,6.7,33827,8.8,5.0,Art. 97,Cross-Border Dispute,210621.84,Check jurisdiction -> Assess contract clauses -> Compute liability,76001.63,0.45,0.32
FLC-2025-0743,Region C,2020,Criminal,Loss,False,1726933.93,3.2,8.6,5.9,8.4,9.4,5.9,9.5,3.2,4,4.8,6.6,9.0,2,3,3,139.5,False,7,9.4,354435,9.8,8.5,Art. 12 Penal Code,Fraud,66719.09,Assess plaintiff claims -> Review evidence -> Determine outcome,997329.31,0.58,0.69
FLC-2023-0744,Region A,2019,International Treaty,Settlement,False,383939.66,4.1,7.4,5.5,6.9,4.7,7.1,9.2,4.1,0,3.6,7.2,9.1,9,2,2,129.4,True,0,7.3,463342,10.0,9.4,Art. 97,Cross-Border Dispute,224132.0,Review charges -> Evaluate evidence -> Determine verdict,244666.61,0.64,0.48
FLC-2024-0745,Region E,2022,Commercial,Settlement,False,400040.45,4.4,4.7,8.4,10.0,7.7,5.6,6.0,4.4,1,3.4,9.4,9.9,2,3,2,167.1,True,6,9.3,512606,8.8,7.7,Art. 25 CISG,Cross-Border Dispute,9298.93,Analyze treaty -> Evaluate cross-border compliance -> Recommend settlement,169806.29,0.42,0.66
FLC-2025-0746,Region D,2018,Commercial,Loss,False,185940.29,3.7,6.3,8.6,7.0,4.6,6.1,5.4,3.7,3,3.9,8.0,8.4,3,4,1,123.7,False,2,8.4,614280,9.9,5.7,Art. 25 CISG,Cross-Border Dispute,116059.33,Check jurisdiction -> Assess contract clauses -> Compute liability,75922.4,0.41,0.62
FLC-2023-0747,Region C,2022,Commercial,Settlement,True,405174.66,2.8,5.7,6.6,9.5,4.6,7.3,8.5,2.8,3,1.8,8.4,4.6,6,4,1,178.8,False,8,8.7,293317,7.5,6.8,Art. 25 CISG,Cross-Border Dispute,196574.27,Review charges -> Evaluate evidence -> Determine verdict,310847.56,0.77,0.69
FLC-2024-0748,Region C,2018,Civil,Dismissed,False,2425198.03,7.5,8.5,8.3,7.5,4.0,6.0,5.7,7.5,4,5.0,5.2,2.8,9,0,2,102.7,True,8,8.3,808594,8.5,5.6,Art. 45 Civil Code,Breach of Contract,141712.4,Analyze treaty -> Evaluate cross-border compliance -> Recommend settlement,689933.33,0.28,0.62
FLC-2025-0749,Region E,2019,Civil,Win,True,314435.15,5.1,4.9,6.2,6.8,8.6,8.4,9.6,5.1,0,3.2,6.1,7.8,7,4,1,118.4,True,3,6.9,431703,8.2,9.2,Art. 45 Civil Code,Breach of Contract,181954.77,Review charges -> Evaluate evidence -> Determine verdict,173534.09,0.55,0.97
FLC-2023-0750,Region D,2018,Civil,Win,True,994241.83,3.6,9.5,6.9,6.1,7.3,7.7,7.2,3.6,0,4.3,9.8,7.3,9,1,2,74.7,True,9,6.6,997173,8.1,7.4,Art. 45 Civil Code,Breach of Contract,55030.15,Analyze treaty -> Evaluate cross-border compliance -> Recommend settlement,502962.62,0.51,0.95
FLC-2024-0751,Region B,2024,International Treaty,Settlement,False,271752.52,4.0,8.5,9.6,5.1,5.6,5.3,9.1,4.0,4,3.6,9.8,7.8,5,2,3,24.7,True,2,9.8,811463,9.2,7.6,Art. 97,Cross-Border Dispute,154106.89,Check jurisdiction -> Assess contract clauses -> Compute liability,173220.95,0.64,0.44
FLC-2025-0752,Region A,2015,Commercial,Settlement,True,87204.47,2.3,8.6,5.6,8.8,6.1,9.1,8.7,2.3,0,2.3,8.6,6.2,3,2,4,150.4,True,6,7.3,208070,9.6,5.1,Art. 25 CISG,Cross-Border Dispute,75417.78,Check jurisdiction -> Assess contract clauses -> Compute liability,69728.98,0.8,0.58
FLC-2023-0753,Region B,2024,Commercial,Settlement,True,643821.06,1.0,9.1,6.6,8.5,3.3,6.3,6.7,1.0,0,1.1,9.5,0.7,3,0,2,145.9,False,4,9.1,368167,9.9,6.0,Art. 25 CISG,Cross-Border Dispute,159361.06,Review charges -> Evaluate evidence -> Determine verdict,477840.53,0.74,0.76
FLC-2024-0754,Region D,2017,Administrative,Dismissed,False,295742.05,7.2,4.1,6.4,5.2,3.7,5.3,7.5,7.2,3,7.2,8.1,4.4,1,3,3,191.7,False,5,6.4,658782,8.9,7.3,Art. 5 Admin Law,Regulatory Violation,2008.08,Check applicable law -> Compute damages -> Advise resolution,60261.2,0.2,0.72
FLC-2025-0755,Region A,2017,Administrative,Win,True,329785.83,3.0,6.7,8.4,7.3,3.8,4.4,9.8,3.0,3,3.5,5.5,8.6,2,4,2,183.2,True,7,8.7,558004,7.2,6.7,Art. 5 Admin Law,Regulatory Violation,243467.86,Review charges -> Evaluate evidence -> Determine verdict,202073.91,0.61,0.81
FLC-2023-0756,Region C,2019,International Treaty,Loss,True,563804.57,1.8,9.7,9.6,5.4,8.8,6.7,9.3,1.8,3,2.3,9.1,4.7,3,0,0,25.2,True,9,7.2,959234,5.7,9.7,Art. 97,Cross-Border Dispute,142613.36,Check jurisdiction -> Assess contract clauses -> Compute liability,525677.57,0.93,0.45
FLC-2024-0757,Region D,2019,Commercial,Win,True,716333.87,4.4,4.5,7.4,5.6,3.6,5.1,6.3,4.4,1,4.0,7.6,8.3,8,1,3,197.4,False,7,6.9,368554,9.1,8.1,Art. 25 CISG,Cross-Border Dispute,145070.3,Assess plaintiff claims -> Review evidence -> Determine outcome,499242.22,0.7,0.72
FLC-2025-0758,Region E,2015,Civil,Win,False,436357.26,8.4,5.7,7.2,9.5,7.7,7.7,8.5,8.4,1,6.4,6.3,0.7,9,3,3,116.4,True,2,8.6,326396,7.7,9.5,Art. 45 Civil Code,Breach of Contract,8828.42,Analyze treaty -> Evaluate cross-border compliance -> Recommend settlement,53133.59,0.12,0.68
FLC-2023-0759,Region C,2016,Administrative,Win,False,286307.37,7.3,8.6,7.8,9.5,3.2,5.6,8.7,7.3,0,6.8,6.2,6.0,5,2,2,65.4,False,6,7.1,373947,5.2,7.0,Art. 5 Admin Law,Regulatory Violation,144344.11,Analyze treaty -> Evaluate cross-border compliance -> Recommend settlement,82853.57,0.29,0.55
FLC-2024-0760,Region A,2015,Civil,Settlement,True,848863.54,6.8,8.6,7.4,6.5,4.1,7.7,8.3,6.8,1,5.6,6.1,6.0,7,4,1,57.9,True,7,8.6,275353,6.3,5.5,Art. 45 Civil Code,Breach of Contract,98592.54,Check jurisdiction -> Assess contract clauses -> Compute liability,277796.97,0.33,0.87
FLC-2025-0761,Region E,2016,International Treaty,Settlement,False,121237.04,7.2,7.5,5.6,7.4,5.5,6.9,9.6,7.2,4,6.2,5.6,1.2,9,3,1,64.4,True,6,7.3,970205,5.8,8.7,Art. 97,Cross-Border Dispute,86770.24,Review charges -> Evaluate evidence -> Determine verdict,65443.82,0.54,0.24
FLC-2023-0762,Region D,2024,Criminal,Settlement,False,679873.87,3.3,4.4,8.4,5.2,4.8,6.1,8.7,3.3,1,1.8,5.1,6.2,5,4,3,73.4,True,0,8.8,35533,8.8,9.2,Art. 12 Penal Code,Fraud,58865.01,Analyze treaty -> Evaluate cross-border compliance -> Recommend settlement,468704.27,0.69,0.51
FLC-2024-0763,Region C,2023,Criminal,Settlement,True,388760.47,2.1,4.3,8.6,7.9,6.5,9.8,5.6,2.1,4,1.6,7.9,4.8,2,3,0,97.3,True,7,5.2,806897,9.3,8.2,Art. 12 Penal Code,Fraud,48183.37,Review charges -> Evaluate evidence -> Determine verdict,306601.0,0.79,0.7
FLC-2025-0764,Region D,2017,Criminal,Loss,True,650705.67,1.6,8.6,5.4,8.3,4.9,5.5,6.3,1.6,2,1.5,7.5,6.7,7,1,2,64.5,True,3,8.3,516182,5.7,7.1,Art. 12 Penal Code,Fraud,108514.73,Review charges -> Evaluate evidence -> Determine verdict,460352.37,0.71,0.76
FLC-2023-0765,Region B,2019,Civil,Win,False,102474.17,9.4,6.3,9.0,6.9,4.4,4.4,5.4,9.4,2,7.6,5.8,8.6,4,4,4,44.4,False,4,5.9,718648,6.9,5.4,Art. 45 Civil Code,Breach of Contract,88762.77,Check jurisdiction -> Assess contract clauses -> Compute liability,18196.15,0.18,0.62
FLC-2024-0766,Region B,2018,Commercial,Settlement,False,164404.43,6.3,7.1,6.3,8.3,9.6,6.7,8.7,6.3,4,6.4,7.0,7.1,5,3,0,24.6,True,9,8.9,475514,5.9,7.6,Art. 25 CISG,Cross-Border Dispute,57029.5,Analyze treaty -> Evaluate cross-border compliance -> Recommend settlement,62301.26,0.38,0.57
FLC-2025-0767,Region C,2020,International Treaty,Loss,True,141292.04,1.7,4.0,8.7,6.4,7.9,9.9,5.2,1.7,0,0.1,8.4,0.7,7,2,3,133.4,False,6,7.5,185391,5.2,5.9,Art. 97,Cross-Border Dispute,186694.2,Analyze treaty -> Evaluate cross-border compliance -> Recommend settlement,111175.57,0.79,0.6
FLC-2023-0768,Region B,2024,Commercial,Settlement,False,169422.3,5.0,6.4,9.8,7.2,8.0,7.9,5.8,5.0,2,3.6,6.1,8.3,5,3,4,146.9,False,3,6.2,142696,5.2,9.0,Art. 25 CISG,Cross-Border Dispute,160239.71,Review charges -> Evaluate evidence -> Determine verdict,63958.28,0.38,0.48
FLC-2024-0769,Region A,2017,Commercial,Win,False,55550.08,4.8,4.6,8.3,9.6,4.1,7.6,6.7,4.8,2,4.3,6.7,9.7,6,3,3,199.1,False,6,6.9,292687,9.1,7.7,Art. 25 CISG,Cross-Border Dispute,47235.64,Analyze treaty -> Evaluate cross-border compliance -> Recommend settlement,20173.94,0.36,0.45
FLC-2025-0770,Region C,2016,Criminal,Win,False,1366067.08,7.5,9.0,8.0,9.6,6.1,9.9,6.5,7.5,2,6.6,8.2,3.8,5,3,2,113.0,True,4,5.3,114944,6.9,7.8,Art. 12 Penal Code,Fraud,148423.41,Assess plaintiff claims -> Review evidence -> Determine outcome,567476.01,0.42,0.6
FLC-2023-0771,Region D,2018,Commercial,Loss,False,731402.32,5.8,9.5,7.6,8.6,3.8,5.6,9.8,5.8,3,5.0,5.9,6.1,2,0,2,119.7,False,6,5.6,569376,5.1,6.9,Art. 25 CISG,Cross-Border Dispute,169675.94,Check applicable law -> Compute damages -> Advise resolution,304766.88,0.42,0.55
FLC-2024-0772,Region A,2022,Commercial,Win,False,694916.86,4.2,6.8,9.5,6.9,5.8,7.7,8.8,4.2,2,2.9,9.1,5.7,6,0,2,148.3,True,2,8.7,147718,6.4,8.4,Art. 25 CISG,Cross-Border Dispute,144828.78,Review charges -> Evaluate evidence -> Determine verdict,296487.78,0.43,0.47
FLC-2025-0773,Region B,2021,International Treaty,Loss,True,140568.45,1.4,8.6,5.1,7.6,3.4,7.3,8.6,1.4,4,0.7,7.2,8.1,3,3,4,176.9,True,5,8.1,365561,7.0,5.2,Art. 97,Cross-Border Dispute,131703.4,Assess plaintiff claims -> Review evidence -> Determine outcome,133179.93,0.95,0.4
FLC-2023-0774,Region E,2016,Civil,Loss,True,1202514.59,6.1,8.3,9.4,9.7,3.2,9.9,9.4,6.1,3,3.6,5.7,9.1,3,0,1,24.7,True,8,9.8,61403,9.3,5.3,Art. 45 Civil Code,Breach of Contract,196957.93,Check jurisdiction -> Assess contract clauses -> Compute liability,554596.3,0.46,0.82
FLC-2024-0775,Region B,2024,International Treaty,Settlement,False,304472.44,3.5,8.3,7.2,9.4,5.2,4.3,8.2,3.5,0,4.1,7.0,10.0,8,3,0,178.8,True,5,6.1,881658,8.3,8.8,Art. 97,Cross-Border Dispute,177770.63,Review charges -> Evaluate evidence -> Determine verdict,186517.5,0.61,0.45
FLC-2025-0776,Region C,2018,Commercial,Settlement,False,575655.97,3.8,9.8,8.0,8.2,8.0,8.6,8.2,3.8,2,3.2,9.0,2.3,9,1,2,191.3,False,4,5.4,42104,7.9,6.6,Art. 25 CISG,Cross-Border Dispute,47195.62,Analyze treaty -> Evaluate cross-border compliance -> Recommend settlement,230092.83,0.4,0.39
FLC-2023-0777,Region D,2021,International Treaty,Win,False,979346.9,4.4,9.8,9.7,5.8,3.1,6.6,8.6,4.4,0,2.6,6.7,3.8,8,4,1,168.6,True,9,9.9,245985,9.3,7.8,Art. 97,Cross-Border Dispute,135423.08,Analyze treaty -> Evaluate cross-border compliance -> Recommend settlement,634486.97,0.65,0.46
FLC-2024-0778,Region E,2015,Commercial,Settlement,True,329839.98,3.3,4.5,9.3,8.0,9.3,8.1,9.9,3.3,4,3.3,6.9,1.3,1,2,4,82.7,True,7,8.9,547278,7.0,5.8,Art. 25 CISG,Cross-Border Dispute,240335.06,Analyze treaty -> Evaluate cross-border compliance -> Recommend settlement,199179.16,0.6,0.72
FLC-2025-0779,Region B,2015,International Treaty,Settlement,True,293805.04,3.2,6.4,9.1,9.2,8.2,9.4,6.6,3.2,1,1.2,5.3,8.5,5,0,1,41.4,True,7,6.9,455048,5.1,8.9,Art. 97,Cross-Border Dispute,214376.5,Check applicable law -> Compute damages -> Advise resolution,211405.53,0.72,0.63
FLC-2023-0780,Region C,2016,International Treaty,Loss,True,253322.28,0.3,8.7,7.9,6.4,8.1,7.5,5.1,0.3,3,0.0,8.7,0.5,6,0,1,111.4,True,1,6.6,706443,9.5,8.9,Art. 97,Cross-Border Dispute,111403.03,Check applicable law -> Compute damages -> Advise resolution,243863.57,0.96,0.59
FLC-2024-0781,Region C,2021,Administrative,Settlement,True,351383.71,4.4,5.4,8.2,6.2,6.2,6.9,5.9,4.4,2,4.2,7.6,8.7,4,4,4,23.2,False,3,7.1,199250,9.6,9.7,Art. 5 Admin Law,Regulatory Violation,77719.09,Check jurisdiction -> Assess contract clauses -> Compute liability,220782.29,0.63,0.7
FLC-2025-0782,Region C,2017,Civil,Loss,True,437896.86,4.5,4.0,7.2,6.8,7.7,9.6,5.4,4.5,2,4.0,6.3,3.6,1,4,1,59.6,False,6,7.6,232224,7.5,8.2,Art. 45 Civil Code,Breach of Contract,137910.93,Review charges -> Evaluate evidence -> Determine verdict,244255.73,0.56,0.79
FLC-2023-0783,Region C,2016,Administrative,Loss,True,269243.06,5.9,6.3,8.1,7.2,5.7,7.4,6.2,5.9,0,4.1,9.9,8.7,3,1,1,142.8,True,6,8.1,882827,9.3,8.5,Art. 5 Admin Law,Regulatory Violation,177336.55,Check jurisdiction -> Assess contract clauses -> Compute liability,129058.91,0.48,0.76
FLC-2024-0784,Region E,2023,International Treaty,Settlement,False,318475.63,1.9,7.3,9.0,8.6,9.8,8.7,6.5,1.9,0,1.4,5.6,6.5,4,2,1,48.0,True,4,5.9,979139,8.3,9.0,Art. 97,Cross-Border Dispute,130723.62,Assess plaintiff claims -> Review evidence -> Determine outcome,209757.69,0.66,0.52
FLC-2025-0785,Region A,2019,Administrative,Settlement,False,627655.79,5.4,9.3,9.6,7.1,7.6,5.0,7.2,5.4,1,5.1,6.7,9.3,8,0,1,164.8,False,7,8.6,212945,8.6,7.7,Art. 5 Admin Law,Regulatory Violation,94235.44,Review charges -> Evaluate evidence -> Determine verdict,298266.41,0.48,0.41
FLC-2023-0786,Region C,2018,Criminal,Win,False,2434687.65,4.6,8.2,6.0,5.3,7.3,7.1,8.8,4.6,4,4.4,7.8,7.9,4,1,4,136.1,False,2,5.5,41765,5.8,7.1,Art. 12 Penal Code,Fraud,243487.09,Assess plaintiff claims -> Review evidence -> Determine outcome,1423052.03,0.58,0.69
FLC-2024-0787,Region B,2021,Administrative,Settlement,True,599444.07,3.9,6.5,9.4,8.8,7.2,4.1,9.4,3.9,4,2.2,8.3,0.4,3,2,2,191.3,False,1,6.8,16009,9.5,9.2,Art. 5 Admin Law,Regulatory Violation,51522.59,Review charges -> Evaluate evidence -> Determine verdict,351664.22,0.59,0.7
FLC-2025-0788,Region C,2016,Criminal,Settlement,True,80110.53,1.0,6.7,8.9,6.0,6.9,4.4,6.7,1.0,3,0.5,9.3,0.5,3,0,2,54.5,True,3,6.6,493558,8.8,8.8,Art. 12 Penal Code,Fraud,62640.35,Review charges -> Evaluate evidence -> Determine verdict,62908.54,0.79,0.8
FLC-2023-0789,Region E,2023,Criminal,Loss,True,661733.64,2.1,6.6,8.6,8.5,4.4,4.4,7.7,2.1,4,1.2,6.8,9.0,4,3,2,38.6,True,2,5.4,53097,9.7,6.5,Art. 12 Penal Code,Fraud,268506.18,Assess plaintiff claims -> Review evidence -> Determine outcome,511144.85,0.77,0.77
FLC-2024-0790,Region A,2020,Criminal,Settlement,False,367121.83,7.7,5.7,9.0,5.9,5.0,5.1,8.4,7.7,4,5.6,8.3,4.2,9,2,2,111.4,False,4,6.8,242372,6.0,5.7,Art. 12 Penal Code,Fraud,109024.75,Assess plaintiff claims -> Review evidence -> Determine outcome,112743.06,0.31,0.58
FLC-2025-0791,Region E,2021,Administrative,Win,False,276526.68,8.8,6.2,7.9,9.5,5.9,8.8,7.2,8.8,2,6.8,6.5,4.8,3,1,4,116.3,True,5,6.3,926922,9.3,9.3,Art. 5 Admin Law,Regulatory Violation,54433.2,Analyze treaty -> Evaluate cross-border compliance -> Recommend settlement,44225.75,0.16,0.55
FLC-2023-0792,Region A,2020,Administrative,Settlement,True,702785.12,2.4,4.0,6.6,6.0,7.6,4.8,6.5,2.4,0,1.5,5.0,0.5,2,3,0,41.0,True,0,9.2,920567,9.6,5.5,Art. 5 Admin Law,Regulatory Violation,180137.95,Analyze treaty -> Evaluate cross-border compliance -> Recommend settlement,419655.37,0.6,0.94
FLC-2024-0793,Region E,2021,International Treaty,Settlement,True,4303711.78,5.3,4.4,5.2,7.0,8.0,5.2,8.2,5.3,4,3.9,8.3,2.7,2,2,1,140.0,True,5,9.9,360057,5.9,8.0,Art. 97,Cross-Border Dispute,275553.73,Analyze treaty -> Evaluate cross-border compliance -> Recommend settlement,2533798.5,0.59,0.62
FLC-2025-0794,Region B,2018,International Treaty,Settlement,True,631184.11,2.4,4.1,9.1,9.6,4.5,7.2,6.4,2.4,2,1.1,9.3,3.3,9,2,3,163.5,False,0,5.9,485296,7.2,7.0,Art. 97,Cross-Border Dispute,484627.0,Check jurisdiction -> Assess contract clauses -> Compute liability,631184.11,1.0,0.63
FLC-2023-0795,Region E,2019,Criminal,Loss,False,47303.63,2.7,9.0,5.6,5.6,3.6,9.1,5.4,2.7,4,3.2,9.8,1.6,5,0,0,58.2,True,2,6.6,520764,8.6,9.9,Art. 12 Penal Code,Fraud,387022.77,Review charges -> Evaluate evidence -> Determine verdict,39661.91,0.84,0.6
FLC-2024-0796,Region D,2021,Commercial,Settlement,True,325463.62,0.9,9.5,6.6,7.1,8.8,5.0,9.3,0.9,1,0.0,6.9,5.2,3,0,0,131.8,False,2,7.8,338651,7.8,8.2,Art. 25 CISG,Cross-Border Dispute,345648.07,Analyze treaty -> Evaluate cross-border compliance -> Recommend settlement,246855.22,0.76,0.59
FLC-2025-0797,Region D,2020,Administrative,Settlement,True,354135.51,3.5,4.4,8.0,9.0,8.2,5.2,9.3,3.5,4,3.3,9.7,0.7,1,2,0,120.1,True,1,8.1,185821,7.6,5.1,Art. 5 Admin Law,Regulatory Violation,245718.04,Analyze treaty -> Evaluate cross-border compliance -> Recommend settlement,208371.7,0.59,0.89
FLC-2023-0798,Region E,2015,International Treaty,Loss,True,249026.65,0.0,6.4,9.7,7.6,6.3,8.0,6.3,0.0,4,0.0,5.9,5.3,7,2,0,149.8,False,4,6.2,581615,7.6,6.9,Art. 97,Cross-Border Dispute,88934.0,Review charges -> Evaluate evidence -> Determine verdict,249026.65,1.0,0.68
FLC-2024-0799,Region E,2016,Commercial,Win,False,119417.66,6.5,6.6,9.7,6.8,8.3,7.5,5.3,6.5,2,5.6,7.6,2.7,1,0,2,124.2,True,7,7.9,761169,8.7,9.7,Art. 25 CISG,Cross-Border Dispute,48915.22,Review charges -> Evaluate evidence -> Determine verdict,48081.63,0.4,0.52
FLC-2025-0800,Region A,2023,Administrative,Win,False,933109.27,4.0,7.7,5.9,6.1,3.0,8.3,7.4,4.0,4,4.4,5.3,9.5,3,1,1,110.3,True,5,8.0,790966,9.1,6.6,Art. 5 Admin Law,Regulatory Violation,41772.79,Analyze treaty -> Evaluate cross-border compliance -> Recommend settlement,363986.44,0.39,0.67
FLC-2023-0801,Region E,2016,International Treaty,Settlement,False,2037650.98,3.7,4.6,5.6,8.7,4.9,7.8,9.6,3.7,3,2.5,8.0,5.1,2,0,3,35.8,True,9,7.0,380887,8.5,9.4,Art. 97,Cross-Border Dispute,60956.26,Analyze treaty -> Evaluate cross-border compliance -> Recommend settlement,1321076.21,0.65,0.37
FLC-2024-0802,Region E,2016,Administrative,Settlement,True,519014.95,1.9,7.0,7.2,5.9,4.2,7.8,6.9,1.9,2,0.9,8.7,0.6,8,3,3,67.2,True,4,9.8,476354,5.9,9.5,Art. 5 Admin Law,Regulatory Violation,37315.22,Review charges -> Evaluate evidence -> Determine verdict,388446.31,0.75,0.83
FLC-2025-0803,Region E,2016,Administrative,Win,True,350909.99,3.7,5.7,10.0,6.7,4.5,4.7,6.9,3.7,4,3.3,5.8,4.8,2,2,2,128.7,True,4,8.0,535234,10.0,8.9,Art. 5 Admin Law,Regulatory Violation,265865.32,Review charges -> Evaluate evidence -> Determine verdict,197964.64,0.56,0.74
FLC-2023-0804,Region A,2019,Administrative,Loss,False,353457.26,6.4,9.8,7.8,6.3,3.9,9.5,6.8,6.4,3,5.7,9.1,5.5,5,2,0,176.3,False,9,6.2,706195,6.3,5.8,Art. 5 Admin Law,Regulatory Violation,48381.42,Assess plaintiff claims -> Review evidence -> Determine outcome,140960.5,0.4,0.95
FLC-2024-0805,Region E,2018,Administrative,Win,False,166848.93,6.4,9.7,7.1,6.7,7.8,8.8,6.0,6.4,2,4.3,7.5,9.0,6,0,2,196.2,True,5,10.0,165097,5.9,6.7,Art. 5 Admin Law,Regulatory Violation,103957.39,Assess plaintiff claims -> Review evidence -> Determine outcome,77406.88,0.46,0.62
FLC-2025-0806,Region B,2017,Criminal,Loss,False,351482.51,2.3,5.9,6.7,9.5,8.2,9.8,8.0,2.3,2,1.4,9.7,6.8,2,0,1,81.3,True,5,5.7,716143,5.7,6.2,Art. 12 Penal Code,Fraud,106117.51,Check applicable law -> Compute damages -> Advise resolution,249466.26,0.71,0.64
FLC-2023-0807,Region B,2023,International Treaty,Settlement,False,104953.25,4.5,8.9,7.9,6.2,9.3,4.3,6.0,4.5,4,1.8,10.0,1.0,1,1,0,76.5,True,6,9.5,612786,9.6,5.2,Art. 97,Cross-Border Dispute,228339.8,Assess plaintiff claims -> Review evidence -> Determine outcome,64284.16,0.61,0.61
FLC-2024-0808,Region A,2016,Civil,Win,True,664080.62,3.0,5.9,5.6,9.7,5.4,8.3,7.9,3.0,3,1.7,8.0,4.2,2,2,4,144.6,False,9,5.8,589103,6.1,8.3,Art. 45 Civil Code,Breach of Contract,223353.78,Review charges -> Evaluate evidence -> Determine verdict,430964.1,0.65,1.0
FLC-2025-0809,Region C,2021,Criminal,Settlement,False,2951629.88,3.9,6.2,7.8,9.7,9.6,4.4,8.1,3.9,2,1.1,7.1,6.0,9,0,4,24.0,True,5,5.3,171097,7.5,8.0,Art. 12 Penal Code,Fraud,47078.49,Check applicable law -> Compute damages -> Advise resolution,1691560.07,0.57,0.44
FLC-2023-0810,Region E,2018,Administrative,Win,False,925392.04,8.1,7.5,6.7,7.3,3.5,6.1,8.5,8.1,1,5.8,9.8,5.6,4,4,4,115.1,False,0,6.4,647203,9.8,9.2,Art. 5 Admin Law,Regulatory Violation,99278.35,Assess plaintiff claims -> Review evidence -> Determine outcome,309280.28,0.33,0.64
FLC-2024-0811,Region B,2018,Commercial,Win,False,309191.16,7.5,5.1,8.9,6.6,8.6,5.0,7.5,7.5,3,6.0,9.2,0.8,2,1,1,108.9,False,1,8.2,595191,5.3,6.2,Art. 25 CISG,Cross-Border Dispute,99740.02,Check applicable law -> Compute damages -> Advise resolution,106171.68,0.34,0.4
FLC-2025-0812,Region C,2022,International Treaty,Settlement,False,114148.82,1.9,9.3,6.4,8.2,5.8,7.2,7.8,1.9,4,0.1,9.0,4.6,7,4,0,196.0,False,9,6.9,786254,7.9,5.2,Art. 97,Cross-Border Dispute,90491.75,Analyze treaty -> Evaluate cross-border compliance -> Recommend settlement,77056.12,0.68,0.38
FLC-2023-0813,Region B,2018,Commercial,Settlement,False,834771.17,3.5,9.8,7.5,6.2,4.4,5.3,8.5,3.5,4,4.4,8.7,5.3,5,2,1,116.1,True,1,6.2,388194,9.8,5.3,Art. 25 CISG,Cross-Border Dispute,166363.15,Check applicable law -> Compute damages -> Advise resolution,353308.99,0.42,0.48
FLC-2024-0814,Region A,2019,Criminal,Win,False,333879.97,6.7,4.3,6.2,6.7,8.8,6.2,8.8,6.7,1,6.4,8.1,1.2,8,4,2,131.9,True,5,9.5,194059,7.1,6.1,Art. 12 Penal Code,Fraud,68228.0,Analyze treaty -> Evaluate cross-border compliance -> Recommend settlement,85153.01,0.26,0.69
FLC-2025-0815,Region E,2017,Administrative,Loss,False,2359494.86,7.9,5.8,8.9,9.4,7.4,9.6,6.9,7.9,1,5.8,5.9,6.7,2,4,4,72.6,True,4,6.2,645645,5.0,9.6,Art. 5 Admin Law,Regulatory Violation,26121.15,Review charges -> Evaluate evidence -> Determine verdict,722769.35,0.31,0.52
FLC-2023-0816,Region B,2019,Administrative,Loss,True,160019.27,5.2,6.3,8.0,8.5,7.2,9.5,8.1,5.2,1,2.8,7.9,3.3,3,1,4,79.1,False,3,8.8,424735,8.0,10.0,Art. 5 Admin Law,Regulatory Violation,257191.08,Check jurisdiction -> Assess contract clauses -> Compute liability,84609.39,0.53,0.88
FLC-2024-0817,Region A,2019,International Treaty,Loss,False,913303.94,3.8,6.4,9.0,8.8,8.2,8.5,5.7,3.8,4,1.9,7.1,8.3,5,2,1,184.1,False,6,8.3,829245,8.5,7.7,Art. 97,Cross-Border Dispute,62227.55,Check jurisdiction -> Assess contract clauses -> Compute liability,484626.79,0.53,0.49
FLC-2025-0818,Region A,2024,Commercial,Loss,True,272659.86,2.3,6.7,9.6,8.8,5.3,7.0,6.9,2.3,2,3.4,6.8,0.0,6,0,0,197.3,False,6,7.1,492471,6.9,9.5,Art. 25 CISG,Cross-Border Dispute,381611.96,Review charges -> Evaluate evidence -> Determine verdict,212805.23,0.78,0.67
FLC-2023-0819,Region A,2019,Administrative,Win,False,950071.55,8.2,6.6,9.4,8.7,7.7,6.8,5.0,8.2,4,6.0,8.8,0.3,7,0,0,56.9,True,7,6.4,320080,5.3,9.4,Art. 5 Admin Law,Regulatory Violation,73544.52,Review charges -> Evaluate evidence -> Determine verdict,207523.55,0.22,0.5
FLC-2024-0820,Region B,2022,Administrative,Win,False,61585.69,6.1,5.6,9.4,5.6,7.2,6.4,6.0,6.1,2,3.6,9.7,7.8,4,3,2,156.9,False,9,7.6,346123,5.6,6.7,Art. 5 Admin Law,Regulatory Violation,43063.89,Check jurisdiction -> Assess contract clauses -> Compute liability,25723.01,0.42,0.42
FLC-2025-0821,Region B,2020,Civil,Win,True,189367.67,8.4,5.9,9.1,7.8,5.1,5.8,6.8,8.4,0,5.2,6.3,1.8,7,3,2,185.6,True,4,7.9,347482,5.1,6.4,Art. 45 Civil Code,Breach of Contract,72248.83,Review charges -> Evaluate evidence -> Determine verdict,72157.64,0.38,0.99
FLC-2023-0822,Region A,2015,Criminal,Loss,True,163602.32,1.9,9.7,8.9,6.0,6.9,4.7,6.8,1.9,1,2.9,7.1,2.2,4,3,2,57.5,False,7,9.7,75726,6.6,7.0,Art. 12 Penal Code,Fraud,321012.16,Analyze treaty -> Evaluate cross-border compliance -> Recommend settlement,128164.46,0.78,0.92
FLC-2024-0823,Region D,2017,Administrative,Win,False,918965.85,7.4,7.8,9.3,7.3,9.1,4.6,8.3,7.4,2,6.0,8.0,6.1,4,3,4,49.8,True,3,7.5,288506,6.3,6.4,Art. 5 Admin Law,Regulatory Violation,92359.15,Check applicable law -> Compute damages -> Advise resolution,311529.27,0.34,0.73
FLC-2025-0824,Region E,2022,Civil,Loss,True,146586.21,4.6,9.0,5.2,6.3,9.4,9.2,8.9,4.6,2,3.7,7.7,3.9,6,0,1,103.4,False,4,5.3,756667,8.3,8.7,Art. 45 Civil Code,Breach of Contract,216331.65,Check jurisdiction -> Assess contract clauses -> Compute liability,83077.87,0.57,0.84
FLC-2023-0825,Region C,2015,International Treaty,Win,False,135924.98,4.5,7.5,8.0,6.0,5.4,9.1,5.4,4.5,3,3.1,5.6,3.8,6,3,3,81.0,True,4,9.6,801629,5.4,5.3,Art. 97,Cross-Border Dispute,194708.8,Assess plaintiff claims -> Review evidence -> Determine outcome,82988.53,0.61,0.35
FLC-2024-0826,Region E,2024,Criminal,Settlement,False,2114418.23,4.8,9.7,5.5,5.2,9.8,4.5,6.9,4.8,1,3.9,9.4,2.5,5,0,4,199.0,True,9,9.4,235477,7.0,6.6,Art. 12 Penal Code,Fraud,78196.37,Check applicable law -> Compute damages -> Advise resolution,1199027.02,0.57,0.59
FLC-2025-0827,Region A,2022,Criminal,Loss,False,317244.13,6.4,9.5,7.7,6.4,3.9,5.8,6.8,6.4,3,5.5,6.0,4.2,6,2,0,102.6,True,7,5.1,979943,9.4,6.4,Art. 12 Penal Code,Fraud,83056.81,Review charges -> Evaluate evidence -> Determine verdict,99504.48,0.31,0.6
FLC-2023-0828,Region E,2019,Commercial,Settlement,False,47782.84,7.2,8.6,7.0,8.4,3.7,4.8,5.7,7.2,1,6.1,5.7,5.9,3,2,3,123.5,False,8,7.9,50887,6.6,8.6,Art. 25 CISG,Cross-Border Dispute,206013.07,Check jurisdiction -> Assess contract clauses -> Compute liability,21384.19,0.45,0.41
FLC-2024-0829,Region D,2023,International Treaty,Win,False,504340.43,4.7,6.8,9.9,5.7,7.8,6.4,7.6,4.7,2,4.3,9.4,3.5,1,4,0,107.0,False,8,7.7,883593,8.9,5.8,Art. 97,Cross-Border Dispute,267737.12,Check applicable law -> Compute damages -> Advise resolution,333669.36,0.66,0.41
FLC-2025-0830,Region D,2015,Criminal,Loss,False,381859.7,3.8,5.9,9.8,8.4,5.8,8.2,5.1,3.8,2,1.6,7.0,1.6,5,4,1,188.5,True,2,8.2,860280,6.5,7.9,Art. 12 Penal Code,Fraud,162815.64,Check applicable law -> Compute damages -> Advise resolution,245072.68,0.64,0.66
FLC-2023-0831,Region D,2024,Civil,Win,False,270896.07,10.0,7.6,8.5,6.9,3.2,9.6,9.7,10.0,2,8.4,6.7,7.1,5,4,2,172.0,True,2,8.8,28020,7.0,9.9,Art. 45 Civil Code,Breach of Contract,30392.2,Check jurisdiction -> Assess contract clauses -> Compute liability,23133.46,0.09,0.62
FLC-2024-0832,Region C,2024,Criminal,Settlement,False,1078778.18,4.7,8.6,5.4,5.2,5.3,8.4,7.6,4.7,4,3.3,6.9,2.1,9,2,4,44.9,True,1,6.2,594170,9.9,6.0,Art. 12 Penal Code,Fraud,170924.6,Check applicable law -> Compute damages -> Advise resolution,500474.26,0.46,0.57
FLC-2025-0833,Region A,2019,Commercial,Loss,True,380792.37,2.9,6.3,5.4,7.0,7.2,5.7,9.2,2.9,3,2.7,5.3,2.7,5,0,1,104.8,False,9,9.8,669516,7.6,7.5,Art. 25 CISG,Cross-Border Dispute,252256.82,Assess plaintiff claims -> Review evidence -> Determine outcome,271187.15,0.71,0.57
FLC-2023-0834,Region B,2023,Commercial,Win,True,1115210.41,4.1,7.8,9.4,6.6,5.8,9.4,8.8,4.1,4,1.8,7.2,9.7,3,0,2,119.3,False,5,7.7,141921,5.5,8.7,Art. 25 CISG,Cross-Border Dispute,107370.02,Review charges -> Evaluate evidence -> Determine verdict,723247.7,0.65,0.5
FLC-2024-0835,Region C,2018,Commercial,Loss,True,197367.46,3.1,5.8,8.2,5.0,7.2,6.7,7.7,3.1,4,3.9,9.9,5.0,7,1,3,104.9,True,5,6.7,44347,6.9,7.6,Art. 25 CISG,Cross-Border Dispute,337304.53,Review charges -> Evaluate evidence -> Determine verdict,133798.28,0.68,0.61
FLC-2025-0836,Region B,2023,Criminal,Settlement,False,161511.83,7.5,6.8,9.5,7.8,5.0,8.5,7.5,7.5,3,7.8,6.7,3.6,4,3,0,73.1,True,7,5.4,716123,7.2,6.9,Art. 12 Penal Code,Fraud,175386.89,Analyze treaty -> Evaluate cross-border compliance -> Recommend settlement,61772.86,0.38,0.7
FLC-2023-0837,Region B,2024,Commercial,Loss,True,781955.17,5.0,7.7,5.6,9.2,10.0,6.2,7.3,5.0,4,3.7,7.9,3.0,7,1,4,144.0,True,8,7.5,228243,8.9,5.5,Art. 25 CISG,Cross-Border Dispute,314737.79,Analyze treaty -> Evaluate cross-border compliance -> Recommend settlement,560004.65,0.72,0.83
FLC-2024-0838,Region A,2017,International Treaty,Settlement,False,339258.89,2.4,6.2,8.4,8.0,6.7,9.3,5.0,2.4,1,2.4,9.1,1.3,1,3,0,83.0,True,0,9.1,871149,6.0,5.0,Art. 97,Cross-Border Dispute,312019.52,Analyze treaty -> Evaluate cross-border compliance -> Recommend settlement,218961.48,0.65,0.43
FLC-2025-0839,Region A,2022,Civil,Win,False,170314.95,9.8,6.8,6.0,9.6,3.4,9.2,7.6,9.8,1,8.5,6.5,9.7,5,2,0,172.2,True,0,5.2,600911,10.0,8.5,Art. 45 Civil Code,Breach of Contract,24703.51,Review charges -> Evaluate evidence -> Determine verdict,9442.03,0.06,0.61
FLC-2023-0840,Region C,2019,Administrative,Win,False,287290.4,7.0,5.8,10.0,9.8,9.6,8.9,6.1,7.0,0,6.1,9.8,6.7,4,2,4,61.2,False,9,6.9,179615,9.7,7.2,Art. 5 Admin Law,Regulatory Violation,78697.04,Review charges -> Evaluate evidence -> Determine verdict,47913.01,0.17,0.48
FLC-2024-0841,Region B,2015,International Treaty,Settlement,False,1937525.15,5.6,5.4,8.9,8.4,4.6,5.7,7.1,5.6,1,5.6,9.6,7.4,4,4,2,189.2,False,8,6.1,942069,8.8,7.5,Art. 97,Cross-Border Dispute,121345.3,Check applicable law -> Compute damages -> Advise resolution,1121689.91,0.58,0.45
FLC-2025-0842,Region E,2020,Criminal,Settlement,True,347942.02,2.0,8.9,9.4,7.7,9.6,4.0,5.7,2.0,0,0.8,9.7,7.8,8,3,2,52.6,False,2,10.0,809886,5.5,5.2,Art. 12 Penal Code,Fraud,224862.34,Check jurisdiction -> Assess contract clauses -> Compute liability,310747.43,0.89,0.85
FLC-2023-0843,Region C,2019,International Treaty,Settlement,True,197718.25,0.1,9.7,8.5,6.2,5.3,9.5,9.4,0.1,0,0.0,5.2,0.5,8,4,0,125.2,False,1,7.5,565952,5.1,5.5,Art. 97,Cross-Border Dispute,417159.8,Review charges -> Evaluate evidence -> Determine verdict,182438.96,0.92,0.76
FLC-2024-0844,Region E,2017,Criminal,Loss,False,162049.92,4.8,7.1,6.9,8.0,6.6,10.0,7.5,4.8,2,4.4,9.9,9.9,1,2,1,194.7,False,0,5.7,411492,6.6,6.7,Art. 12 Penal Code,Fraud,76438.21,Check jurisdiction -> Assess contract clauses -> Compute liability,74398.8,0.46,0.62
FLC-2025-0845,Region D,2024,Civil,Loss,True,909350.7,5.1,9.5,7.3,8.9,4.1,4.6,9.4,5.1,2,4.7,6.3,9.1,6,3,3,150.2,True,9,8.6,849644,9.6,9.0,Art. 45 Civil Code,Breach of Contract,84458.17,Analyze treaty -> Evaluate cross-border compliance -> Recommend settlement,447507.31,0.49,0.91
FLC-2023-0846,Region E,2015,Commercial,Win,False,656593.26,7.8,7.1,7.6,6.8,3.9,6.3,6.7,7.8,4,6.2,9.3,3.8,7,3,3,33.2,False,4,5.4,464890,9.7,5.4,Art. 25 CISG,Cross-Border Dispute,43537.22,Analyze treaty -> Evaluate cross-border compliance -> Recommend settlement,228089.64,0.35,0.52
FLC-2024-0847,Region C,2020,Commercial,Win,False,3538299.13,6.6,8.7,9.6,8.6,9.8,4.3,5.2,6.6,3,4.3,9.5,1.1,6,4,2,43.1,False,4,6.5,364321,9.9,9.0,Art. 25 CISG,Cross-Border Dispute,27306.04,Review charges -> Evaluate evidence -> Determine verdict,991726.3,0.28,0.67
FLC-2025-0848,Region D,2023,Administrative,Win,False,228207.59,6.2,7.5,9.9,10.0,9.1,8.6,6.9,6.2,0,4.9,5.1,5.4,6,1,4,119.2,False,5,9.9,240276,6.6,7.2,Art. 5 Admin Law,Regulatory Violation,80171.73,Analyze treaty -> Evaluate cross-border compliance -> Recommend settlement,95089.54,0.42,0.52
FLC-2023-0849,Region B,2018,Administrative,Win,False,564220.32,10.0,9.8,6.4,8.6,7.4,4.1,9.4,10.0,4,6.3,5.4,2.4,5,0,4,195.5,True,8,8.1,254033,9.0,6.5,Art. 5 Admin Law,Regulatory Violation,36954.7,Check applicable law -> Compute damages -> Advise resolution,68829.05,0.12,0.58
FLC-2024-0850,Region B,2019,Criminal,Loss,True,354566.73,2.5,4.2,5.6,8.9,8.3,7.6,6.0,2.5,1,3.3,8.2,6.9,8,1,1,132.7,False,4,8.3,661667,7.9,6.2,Art. 12 Penal Code,Fraud,384797.57,Assess plaintiff claims -> Review evidence -> Determine outcome,303224.38,0.86,0.79
FLC-2025-0851,Region B,2020,Administrative,Win,True,1466369.89,2.5,7.8,7.1,6.2,6.6,8.8,9.2,2.5,1,1.2,6.4,4.0,4,3,2,190.7,False,5,6.3,126154,8.2,8.5,Art. 5 Admin Law,Regulatory Violation,292066.61,Analyze treaty -> Evaluate cross-border compliance -> Recommend settlement,1011515.5,0.69,0.89
FLC-2023-0852,Region D,2023,Civil,Loss,True,146171.99,6.0,8.2,9.6,8.4,7.8,5.3,7.7,6.0,1,3.9,5.1,1.8,9,0,1,125.6,True,4,5.7,591230,6.9,5.7,Art. 45 Civil Code,Breach of Contract,252513.7,Check applicable law -> Compute damages -> Advise resolution,78644.94,0.54,1.0
FLC-2024-0853,Region C,2016,International Treaty,Settlement,False,2182496.0,6.4,4.7,5.9,9.9,8.1,4.3,8.5,6.4,4,5.6,9.4,7.0,4,1,2,171.3,False,1,9.5,246258,7.5,5.1,Art. 97,Cross-Border Dispute,117099.13,Check applicable law -> Compute damages -> Advise resolution,864218.33,0.4,0.39
FLC-2025-0854,Region A,2021,International Treaty,Settlement,True,655647.35,0.0,5.0,5.7,7.8,3.4,8.0,6.2,0.0,0,2.6,9.3,5.8,3,0,2,145.9,True,6,8.8,758370,5.1,7.0,Art. 97,Cross-Border Dispute,28642.04,Check applicable law -> Compute damages -> Advise resolution,578244.88,0.88,0.5
FLC-2023-0855,Region A,2023,Criminal,Settlement,False,142940.68,3.8,5.3,9.8,7.3,7.0,6.7,6.3,3.8,3,4.2,5.1,6.9,1,0,4,43.4,False,4,8.3,546785,7.2,5.5,Art. 12 Penal Code,Fraud,261145.29,Check applicable law -> Compute damages -> Advise resolution,95375.83,0.67,0.67
FLC-2024-0856,Region C,2021,Commercial,Loss,False,986224.92,6.0,8.7,7.3,9.3,9.5,6.0,6.1,6.0,0,4.0,5.9,1.6,4,2,4,127.0,False,8,6.2,307230,10.0,5.9,Art. 25 CISG,Cross-Border Dispute,84250.34,Assess plaintiff claims -> Review evidence -> Determine outcome,457976.62,0.46,0.41
FLC-2025-0857,Region C,2023,Civil,Win,False,88417.94,9.5,8.2,5.4,8.6,9.8,7.2,7.5,9.5,2,7.4,8.0,6.5,1,4,4,183.2,True,9,6.0,348466,9.0,5.0,Art. 45 Civil Code,Breach of Contract,84184.97,Check jurisdiction -> Assess contract clauses -> Compute liability,24530.5,0.28,0.77
FLC-2023-0858,Region C,2023,International Treaty,Loss,True,849558.89,1.5,5.1,9.0,6.4,5.3,6.5,7.2,1.5,4,0.1,7.5,8.1,8,0,3,28.3,False,3,5.6,468565,8.3,5.2,Art. 97,Cross-Border Dispute,342705.65,Assess plaintiff claims -> Review evidence -> Determine outcome,822579.24,0.97,0.54
FLC-2024-0859,Region A,2016,International Treaty,Settlement,False,125065.88,3.5,8.6,6.7,5.7,5.2,6.2,9.8,3.5,3,3.5,8.3,8.2,5,0,4,192.1,False,7,6.2,53239,6.2,9.5,Art. 97,Cross-Border Dispute,239006.18,Check applicable law -> Compute damages -> Advise resolution,92619.1,0.74,0.39
FLC-2025-0860,Region B,2021,Commercial,Loss,False,455848.33,5.5,6.1,7.3,9.5,7.8,4.4,5.2,5.5,1,3.4,7.8,1.9,6,4,4,58.1,False,6,5.7,642583,5.9,6.4,Art. 25 CISG,Cross-Border Dispute,82229.42,Analyze treaty -> Evaluate cross-border compliance -> Recommend settlement,168731.21,0.37,0.45
FLC-2023-0861,Region A,2016,International Treaty,Loss,False,219278.13,1.9,7.3,8.9,8.4,5.1,7.2,9.2,1.9,2,1.8,9.3,2.8,3,4,0,136.5,True,7,8.2,832331,9.3,5.5,Art. 97,Cross-Border Dispute,109328.8,Check jurisdiction -> Assess contract clauses -> Compute liability,132334.28,0.6,0.39
FLC-2024-0862,Region C,2023,Criminal,Settlement,False,676041.6,4.3,5.3,8.7,5.2,8.8,9.0,9.2,4.3,3,4.0,5.1,6.4,9,3,4,151.5,False,0,9.7,27844,6.5,9.9,Art. 12 Penal Code,Fraud,204878.1,Assess plaintiff claims -> Review evidence -> Determine outcome,435012.12,0.64,0.64
FLC-2025-0863,Region C,2022,Administrative,Loss,False,83699.09,6.4,7.4,9.0,8.8,8.1,6.3,5.7,6.4,0,5.6,5.6,5.4,7,4,0,33.0,False,9,5.8,644859,6.5,6.1,Art. 5 Admin Law,Regulatory Violation,74920.47,Check applicable law -> Compute damages -> Advise resolution,28758.56,0.34,0.67
FLC-2023-0864,Region B,2018,Criminal,Loss,True,55134.34,0.4,5.9,6.0,7.4,3.5,8.2,7.6,0.4,4,0.0,9.8,2.3,8,4,1,176.6,True,8,7.0,798505,8.6,5.5,Art. 12 Penal Code,Fraud,325583.72,Check jurisdiction -> Assess contract clauses -> Compute liability,51569.55,0.94,0.58
FLC-2024-0865,Region B,2021,Commercial,Settlement,True,182703.48,3.9,5.8,9.4,7.5,9.0,5.5,5.9,3.9,4,4.3,6.8,7.3,2,3,4,154.7,False,7,8.2,90567,6.8,6.8,Art. 25 CISG,Cross-Border Dispute,41302.3,Analyze treaty -> Evaluate cross-border compliance -> Recommend settlement,137186.38,0.75,0.79
FLC-2025-0866,Region E,2024,Civil,Loss,True,484605.67,4.5,4.3,8.7,5.6,7.7,8.7,8.6,4.5,3,4.1,8.6,2.3,8,2,4,186.5,True,4,7.1,946784,6.6,5.7,Art. 45 Civil Code,Breach of Contract,6574.79,Check applicable law -> Compute damages -> Advise resolution,214963.07,0.44,0.92
FLC-2023-0867,Region C,2020,Administrative,Win,True,531823.39,4.9,8.6,6.0,6.6,3.7,4.9,9.4,4.9,0,4.6,5.5,9.4,8,4,4,25.7,True,0,5.7,999359,5.6,7.9,Art. 5 Admin Law,Regulatory Violation,24754.58,Check jurisdiction -> Assess contract clauses -> Compute liability,291243.21,0.55,0.87
FLC-2024-0868,Region B,2019,Administrative,Dismissed,False,530057.21,9.0,9.2,7.7,5.2,6.3,8.9,8.6,9.0,2,6.9,7.9,8.2,4,4,0,147.5,False,5,7.5,216078,8.4,7.8,Art. 5 Admin Law,Regulatory Violation,52713.19,Analyze treaty -> Evaluate cross-border compliance -> Recommend settlement,119742.22,0.23,0.56
FLC-2025-0869,Region B,2018,Criminal,Loss,True,308437.71,0.7,9.4,5.5,8.5,4.5,5.8,9.7,0.7,2,0.0,5.9,0.9,7,0,4,175.4,True,1,5.1,600885,7.2,9.7,Art. 12 Penal Code,Fraud,17328.0,Review charges -> Evaluate evidence -> Determine verdict,275055.82,0.89,0.61
FLC-2023-0870,Region D,2022,Commercial,Win,False,123301.52,8.7,5.1,9.1,8.1,3.7,9.4,7.9,8.7,3,8.0,9.5,8.5,8,0,3,116.2,False,6,9.3,187342,6.8,6.9,Art. 25 CISG,Cross-Border Dispute,57704.83,Check applicable law -> Compute damages -> Advise resolution,24654.25,0.2,0.58
FLC-2024-0871,Region B,2021,Administrative,Settlement,True,387530.88,2.6,8.2,9.6,5.4,9.0,8.8,6.6,2.6,3,3.5,5.2,0.2,3,2,0,156.6,False,8,7.9,376876,5.6,9.2,Art. 5 Admin Law,Regulatory Violation,224819.21,Review charges -> Evaluate evidence -> Determine verdict,262541.47,0.68,0.81
FLC-2025-0872,Region E,2023,International Treaty,Win,False,1421937.9,5.4,4.1,5.8,9.4,4.7,9.8,8.0,5.4,0,6.1,7.5,2.2,6,4,1,47.7,False,3,8.0,563970,5.4,8.4,Art. 97,Cross-Border Dispute,309498.18,Review charges -> Evaluate evidence -> Determine verdict,921577.16,0.65,0.25
FLC-2023-0873,Region B,2016,Commercial,Win,False,1580174.72,6.9,5.9,8.9,5.5,8.3,6.2,7.8,6.9,2,5.7,5.3,8.4,9,0,2,147.4,True,3,6.3,883848,5.4,7.3,Art. 25 CISG,Cross-Border Dispute,65250.76,Review charges -> Evaluate evidence -> Determine verdict,443164.79,0.28,0.56
FLC-2024-0874,Region C,2020,Commercial,Loss,False,1068425.29,4.4,8.9,6.7,7.1,4.8,8.6,6.9,4.4,1,2.2,6.7,8.6,2,2,1,85.4,True,8,9.3,333991,9.5,6.5,Art. 25 CISG,Cross-Border Dispute,73132.94,Check applicable law -> Compute damages -> Advise resolution,487871.91,0.46,0.45
FLC-2025-0875,Region B,2019,Civil,Loss,True,1186494.84,3.4,6.8,9.9,9.4,4.3,8.3,9.7,3.4,3,4.0,7.7,3.3,8,4,0,92.0,False,8,8.2,920531,6.2,7.2,Art. 45 Civil Code,Breach of Contract,92458.78,Review charges -> Evaluate evidence -> Determine verdict,724841.5,0.61,0.89
FLC-2023-0876,Region D,2019,Administrative,Settlement,True,1187089.22,7.2,6.4,7.8,6.5,9.9,5.8,7.2,7.2,2,7.7,6.5,4.8,9,0,2,83.2,False,5,6.8,63976,6.0,9.6,Art. 5 Admin Law,Regulatory Violation,2591.35,Check applicable law -> Compute damages -> Advise resolution,531472.04,0.45,0.85
FLC-2024-0877,Region B,2015,Administrative,Dismissed,False,325797.57,8.7,6.1,8.0,9.9,10.0,8.6,7.0,8.7,1,7.1,8.2,3.7,1,2,4,100.8,True,4,5.1,505460,9.9,7.6,Art. 5 Admin Law,Regulatory Violation,64071.74,Review charges -> Evaluate evidence -> Determine verdict,72374.81,0.22,0.49
FLC-2025-0878,Region E,2020,Commercial,Win,True,854968.79,4.9,8.8,5.6,8.8,5.7,6.8,5.8,4.9,4,4.9,5.2,9.3,5,0,2,127.7,False,1,6.7,475200,5.5,5.0,Art. 25 CISG,Cross-Border Dispute,140814.24,Check applicable law -> Compute damages -> Advise resolution,578909.61,0.68,0.74
FLC-2023-0879,Region D,2018,Criminal,Loss,True,4594177.12,2.1,6.4,7.6,8.6,6.3,4.1,5.1,2.1,4,0.6,8.9,3.1,3,0,3,154.8,True,3,8.4,177549,6.5,6.8,Art. 12 Penal Code,Fraud,99408.48,Check applicable law -> Compute damages -> Advise resolution,3288522.77,0.72,0.76
FLC-2024-0880,Region E,2022,Civil,Win,False,81085.88,9.1,8.7,5.5,6.4,4.8,9.6,7.4,9.1,4,7.1,5.1,6.1,8,0,3,45.1,False,3,6.4,693669,5.6,8.3,Art. 45 Civil Code,Breach of Contract,8377.93,Analyze treaty -> Evaluate cross-border compliance -> Recommend settlement,4521.28,0.06,0.44
FLC-2025-0881,Region B,2019,International Treaty,Loss,False,1592915.26,3.7,4.7,7.4,5.9,7.2,8.2,7.3,3.7,4,3.7,6.7,7.6,5,3,0,162.3,True,6,5.7,833229,8.9,5.1,Art. 97,Cross-Border Dispute,61337.95,Check applicable law -> Compute damages -> Advise resolution,1011105.48,0.63,0.64
FLC-2023-0882,Region D,2019,Criminal,Settlement,False,12888175.41,5.2,9.7,5.3,9.9,9.0,8.0,8.7,5.2,1,4.0,9.4,9.6,7,0,4,118.5,False,4,7.3,661222,7.2,8.5,Art. 12 Penal Code,Fraud,67390.17,Check jurisdiction -> Assess contract clauses -> Compute liability,6045104.04,0.47,0.59
FLC-2024-0883,Region C,2019,International Treaty,Loss,False,773052.94,4.6,7.4,6.2,7.2,5.7,4.3,7.6,4.6,1,2.4,9.6,7.5,5,4,4,102.9,True,6,9.7,400056,6.5,5.2,Art. 97,Cross-Border Dispute,37797.87,Analyze treaty -> Evaluate cross-border compliance -> Recommend settlement,361764.96,0.47,0.51
FLC-2025-0884,Region A,2023,Civil,Settlement,True,425528.1,3.1,5.4,7.5,8.1,5.7,6.1,6.1,3.1,0,3.5,6.7,6.9,4,0,3,44.9,False,5,8.1,467568,6.9,5.3,Art. 45 Civil Code,Breach of Contract,84249.52,Analyze treaty -> Evaluate cross-border compliance -> Recommend settlement,252228.79,0.59,1.0
FLC-2023-0885,Region B,2020,Criminal,Win,False,937852.03,1.6,8.1,8.5,9.9,3.5,6.6,6.2,1.6,4,2.0,9.8,4.5,4,0,0,45.6,True,7,6.2,809054,5.6,5.6,Art. 12 Penal Code,Fraud,54246.87,Check jurisdiction -> Assess contract clauses -> Compute liability,635936.28,0.68,0.51
FLC-2024-0886,Region C,2019,Civil,Settlement,False,137779.69,4.5,9.5,9.6,7.0,6.0,8.2,8.3,4.5,2,6.4,7.1,3.5,3,3,1,129.0,False,4,8.9,947149,7.3,9.5,Art. 45 Civil Code,Breach of Contract,63696.1,Analyze treaty -> Evaluate cross-border compliance -> Recommend settlement,53396.79,0.39,0.66
FLC-2025-0887,Region A,2021,Administrative,Win,False,262741.29,6.9,8.2,7.9,5.2,5.6,7.4,9.0,6.9,1,6.1,7.5,5.2,8,0,0,107.5,False,6,7.1,665893,7.6,7.6,Art. 5 Admin Law,Regulatory Violation,12936.18,Check applicable law -> Compute damages -> Advise resolution,78933.32,0.3,0.29
FLC-2023-0888,Region D,2016,Criminal,Loss,True,501516.09,2.9,7.5,9.9,9.9,3.9,8.6,9.0,2.9,3,1.0,5.8,8.9,9,1,3,157.0,True,6,7.9,674241,7.3,7.2,Art. 12 Penal Code,Fraud,211250.84,Assess plaintiff claims -> Review evidence -> Determine outcome,370712.99,0.74,0.81
FLC-2024-0889,Region C,2022,Administrative,Settlement,True,479280.49,5.0,8.1,8.6,6.4,8.5,9.1,9.6,5.0,2,5.0,6.5,8.6,7,1,0,149.5,False,2,5.4,559642,8.1,9.8,Art. 5 Admin Law,Regulatory Violation,213088.42,Analyze treaty -> Evaluate cross-border compliance -> Recommend settlement,234649.05,0.49,0.83
FLC-2025-0890,Region D,2015,Civil,Loss,True,419746.87,4.6,6.8,9.6,10.0,4.8,9.6,6.3,4.6,3,3.2,8.0,5.9,3,4,1,76.4,False,3,7.8,602518,5.8,6.6,Art. 45 Civil Code,Breach of Contract,61003.74,Analyze treaty -> Evaluate cross-border compliance -> Recommend settlement,196089.33,0.47,0.87
FLC-2023-0891,Region A,2016,Civil,Loss,True,172946.53,5.8,9.5,9.6,7.5,3.9,8.9,7.9,5.8,0,6.2,6.0,0.2,9,3,4,193.2,True,3,7.2,933724,9.2,5.4,Art. 45 Civil Code,Breach of Contract,123485.07,Check applicable law -> Compute damages -> Advise resolution,85804.17,0.5,1.0
FLC-2024-0892,Region B,2017,Administrative,Win,False,71168.39,7.2,8.3,7.1,5.6,5.6,7.5,8.5,7.2,1,5.2,8.0,7.8,4,3,4,149.0,True,4,7.1,293228,6.3,6.4,Art. 5 Admin Law,Regulatory Violation,69640.89,Assess plaintiff claims -> Review evidence -> Determine outcome,12661.21,0.18,0.47
FLC-2025-0893,Region D,2017,International Treaty,Loss,True,271986.41,1.8,5.4,7.0,5.8,6.8,5.8,7.4,1.8,0,0.6,6.0,5.0,2,1,4,187.4,False,0,5.8,336676,9.5,6.7,Art. 97,Cross-Border Dispute,82909.92,Assess plaintiff claims -> Review evidence -> Determine outcome,214381.61,0.79,0.64
FLC-2023-0894,Region A,2022,Commercial,Loss,True,714662.53,2.6,5.4,6.3,6.2,7.6,4.7,6.9,2.6,0,1.8,7.2,8.7,3,4,3,42.7,True,5,8.8,77552,5.3,7.0,Art. 25 CISG,Cross-Border Dispute,259127.52,Analyze treaty -> Evaluate cross-border compliance -> Recommend settlement,556413.05,0.78,0.68
FLC-2024-0895,Region B,2018,Administrative,Settlement,False,1782329.06,4.3,8.5,9.4,9.7,3.4,8.4,8.6,4.3,1,6.0,7.9,2.5,9,2,4,175.4,False,5,7.1,124569,5.6,7.1,Art. 5 Admin Law,Regulatory Violation,110043.2,Check jurisdiction -> Assess contract clauses -> Compute liability,637729.92,0.36,0.44
FLC-2025-0896,Region A,2015,Civil,Win,False,145711.87,8.8,7.3,6.7,9.6,8.0,6.9,8.2,8.8,4,7.5,5.1,9.4,1,4,4,199.9,True,7,5.5,276798,8.9,6.9,Art. 45 Civil Code,Breach of Contract,46218.17,Analyze treaty -> Evaluate cross-border compliance -> Recommend settlement,22033.42,0.15,0.78
FLC-2023-0897,Region A,2024,Administrative,Settlement,True,283131.63,4.0,8.9,6.2,8.8,9.2,8.0,6.6,4.0,4,4.3,7.7,6.2,9,0,0,199.5,True,7,9.0,243248,7.1,9.4,Art. 5 Admin Law,Regulatory Violation,52415.4,Assess plaintiff claims -> Review evidence -> Determine outcome,177349.86,0.63,0.76
FLC-2024-0898,Region C,2018,Administrative,Settlement,True,1648602.41,4.4,4.1,6.3,9.6,7.8,8.4,6.6,4.4,2,4.3,8.6,2.0,5,2,2,86.4,True,3,8.1,425574,9.2,5.2,Art. 5 Admin Law,Regulatory Violation,19173.29,Review charges -> Evaluate evidence -> Determine verdict,977430.65,0.59,0.83
FLC-2025-0899,Region A,2019,Commercial,Loss,True,691835.88,4.9,7.7,5.0,7.1,6.1,8.9,6.5,4.9,1,2.9,7.4,9.8,3,1,3,123.6,True,5,5.6,932914,7.5,5.1,Art. 25 CISG,Cross-Border Dispute,180859.64,Review charges -> Evaluate evidence -> Determine verdict,487304.54,0.7,0.71
FLC-2023-0900,Region C,2023,Criminal,Win,False,320326.34,7.1,8.6,5.3,9.6,4.2,5.0,9.2,7.1,0,4.8,9.6,9.0,9,4,0,131.4,False,6,7.2,248889,7.3,8.0,Art. 12 Penal Code,Fraud,145945.93,Review charges -> Evaluate evidence -> Determine verdict,121302.76,0.38,0.57
FLC-2024-0901,Region C,2021,Criminal,Settlement,True,45207.26,5.1,6.9,6.6,9.7,5.0,5.7,6.2,5.1,3,3.3,6.8,6.8,4,2,4,55.6,True,2,7.3,430791,5.1,9.8,Art. 12 Penal Code,Fraud,71753.52,Check applicable law -> Compute damages -> Advise resolution,24493.0,0.54,0.97
FLC-2025-0902,Region E,2017,Civil,Win,False,128246.96,9.1,7.0,7.1,9.5,3.1,9.9,8.1,9.1,2,7.6,5.2,5.4,3,4,4,43.1,False,4,8.3,267996,8.4,9.8,Art. 45 Civil Code,Breach of Contract,43935.79,Check applicable law -> Compute damages -> Advise resolution,19732.69,0.15,0.85
FLC-2023-0903,Region B,2017,Administrative,Win,True,309109.96,1.6,7.9,7.8,7.6,3.2,9.6,8.2,1.6,4,3.4,7.9,6.9,2,2,1,115.7,False,9,5.1,12179,5.3,9.5,Art. 5 Admin Law,Regulatory Violation,118298.01,Review charges -> Evaluate evidence -> Determine verdict,214217.22,0.69,0.8
FLC-2024-0904,Region E,2022,Administrative,Dismissed,False,894299.39,9.6,7.4,6.4,8.1,4.5,8.6,6.1,9.6,3,8.4,6.9,8.5,7,3,1,69.5,True,7,5.4,403550,9.9,7.9,Art. 5 Admin Law,Regulatory Violation,9768.12,Review charges -> Evaluate evidence -> Determine verdict,235391.83,0.26,0.5
FLC-2025-0905,Region C,2019,International Treaty,Loss,True,189459.98,0.8,8.0,6.5,5.2,7.1,5.3,9.8,0.8,1,0.5,8.0,8.2,9,3,3,140.5,False,2,8.4,895236,8.4,7.0,Art. 97,Cross-Border Dispute,269570.12,Check applicable law -> Compute damages -> Advise resolution,179229.67,0.95,0.65
FLC-2023-0906,Region E,2016,Commercial,Loss,False,1453207.08,4.9,8.2,9.4,6.2,7.9,6.4,5.6,4.9,3,2.7,7.1,1.1,5,2,0,139.9,False,8,5.9,540610,7.0,5.7,Art. 25 CISG,Cross-Border Dispute,205682.48,Check jurisdiction -> Assess contract clauses -> Compute liability,775059.16,0.53,0.51
FLC-2024-0907,Region C,2024,Criminal,Settlement,True,1197544.19,1.5,8.7,6.1,8.9,6.2,4.6,6.4,1.5,0,2.5,8.7,0.7,1,3,0,137.7,True,3,8.0,980418,7.9,9.7,Art. 12 Penal Code,Fraud,118228.09,Review charges -> Evaluate evidence -> Determine verdict,837097.7,0.7,0.74
FLC-2025-0908,Region E,2021,Civil,Settlement,False,2034155.19,7.7,6.7,9.3,9.1,9.2,9.6,7.2,7.7,3,6.7,7.0,3.5,2,0,0,166.5,False,9,9.4,648940,8.2,7.2,Art. 45 Civil Code,Breach of Contract,141588.25,Analyze treaty -> Evaluate cross-border compliance -> Recommend settlement,715621.14,0.35,0.61
FLC-2023-0909,Region C,2019,International Treaty,Settlement,True,564676.13,1.0,9.5,9.2,7.4,7.3,5.7,9.0,1.0,2,0.9,9.9,5.4,5,4,3,77.9,False,1,9.7,534838,7.4,7.6,Art. 97,Cross-Border Dispute,215855.0,Review charges -> Evaluate evidence -> Determine verdict,564676.13,1.0,0.58
FLC-2024-0910,Region E,2020,Commercial,Loss,True,1835073.69,2.3,4.6,8.4,8.9,6.9,5.1,7.2,2.3,0,3.8,9.5,8.2,8,3,1,199.4,True,7,9.9,317798,7.9,9.9,Art. 25 CISG,Cross-Border Dispute,17931.86,Check jurisdiction -> Assess contract clauses -> Compute liability,1373900.37,0.75,0.71
FLC-2025-0911,Region B,2019,Criminal,Loss,True,897222.23,5.2,7.4,7.0,9.4,6.2,5.8,8.1,5.2,3,4.2,6.8,9.4,8,2,4,53.1,True,8,6.4,883391,9.3,9.1,Art. 12 Penal Code,Fraud,170346.1,Check jurisdiction -> Assess contract clauses -> Compute liability,598256.21,0.67,0.84
FLC-2023-0912,Region E,2021,Criminal,Settlement,True,136787.24,4.1,5.8,7.6,7.6,5.5,8.3,8.0,4.1,4,2.5,8.3,4.3,1,1,1,113.0,False,7,6.7,420154,5.4,6.0,Art. 12 Penal Code,Fraud,218777.99,Check jurisdiction -> Assess contract clauses -> Compute liability,86506.44,0.63,0.74
FLC-2024-0913,Region C,2017,Administrative,Win,False,310232.92,8.0,8.1,9.2,6.1,8.3,9.3,5.9,8.0,2,6.4,5.0,7.4,1,4,2,157.8,True,4,6.4,870722,6.8,7.9,Art. 5 Admin Law,Regulatory Violation,72912.82,Check jurisdiction -> Assess contract clauses -> Compute liability,70977.04,0.23,0.57
FLC-2025-0914,Region D,2016,Civil,Win,True,95893.54,6.5,6.8,8.8,10.0,8.5,9.3,8.7,6.5,1,4.4,9.6,4.0,9,0,0,152.4,True,5,7.9,165750,6.9,7.8,Art. 45 Civil Code,Breach of Contract,101037.21,Analyze treaty -> Evaluate cross-border compliance -> Recommend settlement,39321.97,0.41,0.94
FLC-2023-0915,Region D,2020,Civil,Win,False,64556.52,8.4,7.4,5.2,9.0,3.5,9.7,6.1,8.4,0,6.0,6.9,5.9,6,2,3,46.3,False,6,8.5,292725,8.9,6.6,Art. 45 Civil Code,Breach of Contract,34565.26,Review charges -> Evaluate evidence -> Determine verdict,5345.79,0.08,0.65
FLC-2024-0916,Region A,2024,Civil,Win,False,269784.7,9.7,7.3,5.8,5.0,9.1,8.0,5.5,9.7,1,8.6,7.1,3.4,6,4,4,48.1,True,5,6.6,881162,9.7,6.0,Art. 45 Civil Code,Breach of Contract,91880.56,Review charges -> Evaluate evidence -> Determine verdict,56529.65,0.21,0.72
FLC-2025-0917,Region E,2021,Commercial,Loss,True,876156.56,1.4,4.5,9.3,7.1,7.9,8.1,8.4,1.4,1,1.1,8.1,9.6,8,4,2,84.7,True,5,8.9,782052,7.5,7.2,Art. 25 CISG,Cross-Border Dispute,49902.48,Analyze treaty -> Evaluate cross-border compliance -> Recommend settlement,808610.7,0.92,0.71
FLC-2023-0918,Region B,2022,Criminal,Settlement,False,977149.6,3.7,8.0,7.2,6.6,8.2,5.2,6.0,3.7,0,2.3,7.1,3.2,7,2,0,131.7,True,3,9.0,345472,9.3,7.9,Art. 12 Penal Code,Fraud,179750.42,Analyze treaty -> Evaluate cross-border compliance -> Recommend settlement,585754.1,0.6,0.53
FLC-2024-0919,Region E,2019,Criminal,Settlement,False,298738.94,4.5,4.9,5.9,9.7,7.3,9.4,7.2,4.5,4,2.4,5.7,5.1,3,1,3,23.0,False,7,6.5,406880,5.8,9.7,Art. 12 Penal Code,Fraud,199488.39,Check jurisdiction -> Assess contract clauses -> Compute liability,168049.2,0.56,0.62
FLC-2025-0920,Region B,2020,Administrative,Settlement,False,1261360.64,5.8,8.9,5.5,7.3,4.4,5.0,6.0,5.8,0,4.1,8.1,8.2,6,2,1,94.4,True,5,6.7,56443,5.2,6.5,Art. 5 Admin Law,Regulatory Violation,97367.56,Check jurisdiction -> Assess contract clauses -> Compute liability,424468.12,0.34,0.68
FLC-2023-0921,Region E,2022,Administrative,Win,False,1700581.14,9.3,4.5,6.4,6.3,4.3,5.9,5.2,9.3,2,8.6,7.7,7.6,8,2,2,122.9,False,7,8.4,987411,6.1,7.1,Art. 5 Admin Law,Regulatory Violation,68060.63,Analyze treaty -> Evaluate cross-border compliance -> Recommend settlement,236000.9,0.14,0.72
FLC-2024-0922,Region C,2020,Commercial,Dismissed,False,381723.23,8.1,7.7,5.4,8.6,8.0,8.7,5.6,8.1,1,5.9,9.4,6.4,8,2,2,73.1,False,5,7.7,182796,5.6,8.3,Art. 25 CISG,Cross-Border Dispute,43944.45,Review charges -> Evaluate evidence -> Determine verdict,77236.18,0.2,0.57
FLC-2025-0923,Region B,2019,Administrative,Loss,False,282218.78,7.1,6.4,6.7,8.9,5.9,8.1,8.0,7.1,3,5.4,6.1,2.5,4,1,3,70.5,True,2,5.3,331051,5.6,7.7,Art. 5 Admin Law,Regulatory Violation,72956.34,Review charges -> Evaluate evidence -> Determine verdict,104177.01,0.37,0.54
FLC-2023-0924,Region D,2019,International Treaty,Loss,False,75645.2,4.4,9.6,8.1,9.4,3.9,8.8,5.6,4.4,3,4.3,6.4,9.9,8,3,0,86.1,False,8,6.1,403137,6.1,6.7,Art. 97,Cross-Border Dispute,127377.95,Assess plaintiff claims -> Review evidence -> Determine outcome,46061.36,0.61,0.36
FLC-2024-0925,Region E,2022,Civil,Settlement,True,57598.9,7.5,5.3,6.4,5.3,5.1,5.9,9.8,7.5,2,6.5,8.9,0.5,8,1,4,132.2,True,1,8.4,505120,9.2,5.3,Art. 45 Civil Code,Breach of Contract,126716.84,Assess plaintiff claims -> Review evidence -> Determine outcome,26796.6,0.47,1.0
FLC-2025-0926,Region C,2020,Criminal,Loss,False,2138642.62,3.3,4.8,6.9,9.8,3.5,6.5,8.2,3.3,0,3.4,9.1,1.3,3,4,1,171.4,True,3,5.4,853719,9.6,8.8,Art. 12 Penal Code,Fraud,64793.58,Check jurisdiction -> Assess contract clauses -> Compute liability,1219497.72,0.57,0.7
FLC-2023-0927,Region E,2017,Commercial,Win,True,1090422.99,2.0,8.4,5.5,6.5,9.5,6.6,9.7,2.0,4,3.5,6.1,2.9,4,0,2,194.3,True,2,6.0,285728,6.0,8.3,Art. 25 CISG,Cross-Border Dispute,34149.19,Assess plaintiff claims -> Review evidence -> Determine outcome,738347.05,0.68,0.67
FLC-2024-0928,Region B,2022,Civil,Dismissed,False,242693.12,6.9,10.0,8.4,7.9,8.0,8.6,8.7,6.9,0,6.9,5.4,7.5,8,3,4,82.0,True,6,8.7,884796,6.0,8.5,Art. 45 Civil Code,Breach of Contract,33202.13,Assess plaintiff claims -> Review evidence -> Determine outcome,57585.43,0.24,0.61
FLC-2025-0929,Region C,2017,Commercial,Loss,True,239575.62,2.6,8.9,9.5,5.2,4.3,5.8,5.7,2.6,2,0.1,6.8,9.1,4,2,2,92.5,False,9,8.2,349625,7.7,9.4,Art. 25 CISG,Cross-Border Dispute,35124.35,Analyze treaty -> Evaluate cross-border compliance -> Recommend settlement,171090.94,0.71,0.82
FLC-2023-0930,Region B,2020,International Treaty,Loss,False,179832.2,3.5,8.6,8.0,8.1,8.5,9.7,6.9,3.5,0,3.2,6.1,6.5,2,3,1,151.6,True,8,9.5,829147,6.3,5.5,Art. 97,Cross-Border Dispute,214577.53,Review charges -> Evaluate evidence -> Determine verdict,101450.06,0.56,0.45
FLC-2024-0931,Region D,2015,Commercial,Loss,False,1087586.16,5.1,8.5,5.8,7.0,7.6,9.0,9.0,5.1,3,3.6,8.7,4.6,6,2,4,142.7,True,7,7.7,7037,7.4,7.7,Art. 25 CISG,Cross-Border Dispute,119944.04,Analyze treaty -> Evaluate cross-border compliance -> Recommend settlement,416675.63,0.38,0.83
FLC-2025-0932,Region D,2019,Commercial,Settlement,True,74518.48,0.1,9.4,9.2,6.3,3.9,5.2,9.9,0.1,3,0.0,5.9,8.4,4,4,2,57.0,True,6,7.0,279963,7.4,5.6,Art. 25 CISG,Cross-Border Dispute,302704.9,Review charges -> Evaluate evidence -> Determine verdict,55016.27,0.74,0.66
FLC-2023-0933,Region D,2024,Civil,Settlement,False,478722.78,6.8,8.7,7.2,7.7,6.0,8.2,9.3,6.8,3,5.1,5.2,7.7,4,0,1,189.1,False,3,8.5,478364,8.6,9.0,Art. 45 Civil Code,Breach of Contract,151762.67,Assess plaintiff claims -> Review evidence -> Determine outcome,148659.45,0.31,0.87
FLC-2024-0934,Region A,2019,Civil,Loss,True,523958.04,5.0,10.0,8.3,9.6,6.1,8.3,7.3,5.0,3,4.9,7.1,1.6,6,4,1,109.3,False,0,8.3,581034,5.3,7.3,Art. 45 Civil Code,Breach of Contract,16448.45,Review charges -> Evaluate evidence -> Determine verdict,293358.85,0.56,1.0
FLC-2025-0935,Region E,2024,Commercial,Settlement,True,183268.26,2.8,6.1,8.6,8.1,3.6,7.8,7.4,2.8,2,1.5,5.5,1.4,3,0,1,123.9,True,7,7.5,741594,5.4,8.6,Art. 25 CISG,Cross-Border Dispute,108564.06,Assess plaintiff claims -> Review evidence -> Determine outcome,115439.51,0.63,0.75
FLC-2023-0936,Region A,2023,International Treaty,Settlement,True,311552.89,1.0,6.1,5.5,6.1,4.6,9.6,7.2,1.0,1,0.4,5.7,0.8,2,1,0,156.0,False,1,9.0,761780,9.8,9.3,Art. 97,Cross-Border Dispute,199997.58,Analyze treaty -> Evaluate cross-border compliance -> Recommend settlement,265565.18,0.85,0.57
FLC-2024-0937,Region D,2017,International Treaty,Loss,True,594633.68,3.7,6.9,9.5,6.6,9.8,4.6,9.5,3.7,4,2.6,6.5,8.8,5,4,2,138.6,False,8,5.6,146979,7.4,7.3,Art. 97,Cross-Border Dispute,295908.18,Analyze treaty -> Evaluate cross-border compliance -> Recommend settlement,425754.19,0.72,0.77
FLC-2025-0938,Region C,2020,Administrative,Win,True,311667.31,3.7,8.8,5.7,5.4,4.3,8.5,8.0,3.7,0,3.5,6.2,3.3,8,2,2,124.5,True,1,7.9,605275,9.7,7.1,Art. 5 Admin Law,Regulatory Violation,166829.22,Analyze treaty -> Evaluate cross-border compliance -> Recommend settlement,207578.98,0.67,0.96
FLC-2023-0939,Region D,2017,International Treaty,Settlement,True,495265.08,2.6,7.8,5.0,6.3,5.0,4.6,6.4,2.6,3,2.3,8.4,7.9,2,1,2,173.9,False,7,7.4,385624,6.5,7.4,Art. 97,Cross-Border Dispute,39188.23,Review charges -> Evaluate evidence -> Determine verdict,425579.71,0.86,0.66
FLC-2024-0940,Region B,2022,Administrative,Settlement,False,173636.1,8.0,5.8,8.1,7.1,4.0,8.1,5.6,8.0,0,6.5,9.1,6.6,8,3,0,91.3,False,1,5.6,676060,7.6,9.8,Art. 5 Admin Law,Regulatory Violation,108284.52,Analyze treaty -> Evaluate cross-border compliance -> Recommend settlement,63902.3,0.37,0.63
FLC-2025-0941,Region E,2017,Criminal,Win,False,181170.84,5.3,7.4,8.6,8.9,7.5,5.2,7.0,5.3,4,5.5,6.6,5.8,6,1,2,47.8,True,8,5.3,176407,9.5,5.1,Art. 12 Penal Code,Fraud,144562.36,Check applicable law -> Compute damages -> Advise resolution,88717.24,0.49,0.65
FLC-2023-0942,Region A,2015,International Treaty,Loss,True,97256.44,0.7,9.9,5.1,7.0,8.7,6.0,8.2,0.7,1,0.0,8.2,1.1,1,4,0,62.9,False,2,9.8,250750,8.6,9.2,Art. 97,Cross-Border Dispute,383126.82,Analyze treaty -> Evaluate cross-border compliance -> Recommend settlement,91270.96,0.94,0.57
FLC-2024-0943,Region A,2022,Administrative,Win,False,715556.45,6.2,9.2,5.8,7.4,6.3,9.4,5.0,6.2,3,3.2,8.3,8.0,2,1,4,81.5,True,7,9.6,556185,9.1,6.7,Art. 5 Admin Law,Regulatory Violation,81098.08,Review charges -> Evaluate evidence -> Determine verdict,164303.69,0.23,0.69
FLC-2025-0944,Region C,2021,Administrative,Loss,False,1249122.96,6.1,4.3,7.6,5.5,4.4,9.4,7.5,6.1,2,3.6,5.3,4.2,8,0,0,137.2,True,8,9.6,658500,9.9,9.2,Art. 5 Admin Law,Regulatory Violation,68841.09,Assess plaintiff claims -> Review evidence -> Determine outcome,508344.14,0.41,0.6
FLC-2023-0945,Region B,2019,Commercial,Settlement,True,376672.45,0.2,4.3,9.7,5.0,9.8,8.4,6.6,0.2,1,0.7,6.2,7.7,4,2,0,68.2,False,7,8.4,696796,9.4,6.3,Art. 25 CISG,Cross-Border Dispute,234625.16,Assess plaintiff claims -> Review evidence -> Determine outcome,272703.2,0.72,0.81
FLC-2024-0946,Region A,2020,Administrative,Settlement,True,3610112.59,5.8,7.1,7.7,9.3,5.1,8.8,9.9,5.8,0,5.6,6.4,2.8,3,4,3,49.7,True,0,8.2,567829,7.2,5.4,Art. 5 Admin Law,Regulatory Violation,55950.98,Check applicable law -> Compute damages -> Advise resolution,1911112.97,0.53,0.81
FLC-2025-0947,Region A,2017,Commercial,Loss,True,318757.11,2.1,8.9,7.4,8.9,9.5,8.4,8.9,2.1,3,0.1,8.8,7.6,5,1,0,86.1,True,1,6.8,574696,6.6,9.6,Art. 25 CISG,Cross-Border Dispute,83179.46,Check jurisdiction -> Assess contract clauses -> Compute liability,206452.27,0.65,0.71
FLC-2023-0948,Region A,2019,International Treaty,Loss,True,254577.61,1.5,7.2,8.3,9.5,10.0,8.3,9.6,1.5,1,2.1,9.8,2.3,6,2,0,79.4,False,2,6.2,255062,7.7,9.0,Art. 97,Cross-Border Dispute,364748.0,Assess plaintiff claims -> Review evidence -> Determine outcome,254577.61,1.0,0.52
FLC-2024-0949,Region D,2016,Civil,Win,False,2993494.23,8.8,5.1,7.0,5.3,7.2,9.8,5.2,8.8,0,5.4,6.0,6.6,7,0,0,56.3,True,6,5.6,991755,9.3,6.9,Art. 45 Civil Code,Breach of Contract,45748.15,Check applicable law -> Compute damages -> Advise resolution,782562.16,0.26,0.69
FLC-2025-0950,Region E,2022,Criminal,Loss,True,345351.68,1.4,5.7,7.3,8.3,8.9,5.5,6.4,1.4,0,2.7,8.2,5.2,6,1,4,155.5,False,3,8.1,733172,7.8,8.2,Art. 12 Penal Code,Fraud,249793.24,Analyze treaty -> Evaluate cross-border compliance -> Recommend settlement,298780.22,0.87,0.82
FLC-2023-0951,Region D,2017,Administrative,Settlement,True,168025.16,1.8,4.4,7.5,8.0,3.0,4.6,6.0,1.8,0,2.8,5.9,8.6,3,3,0,46.1,True,3,6.9,869964,8.1,8.6,Art. 5 Admin Law,Regulatory Violation,80966.91,Check jurisdiction -> Assess contract clauses -> Compute liability,100824.69,0.6,0.8
FLC-2024-0952,Region B,2015,Criminal,Settlement,True,313042.82,3.5,5.2,6.2,9.5,4.4,9.3,7.2,3.5,3,2.7,6.7,6.8,9,1,4,94.1,False,4,5.8,90440,9.8,8.0,Art. 12 Penal Code,Fraud,22921.95,Assess plaintiff claims -> Review evidence -> Determine outcome,248883.25,0.8,0.93
FLC-2025-0953,Region D,2019,Administrative,Loss,True,165208.38,3.7,4.1,7.2,9.9,7.7,8.6,5.6,3.7,1,3.6,8.7,3.2,6,2,2,125.8,False,2,7.1,646736,6.2,6.9,Art. 5 Admin Law,Regulatory Violation,221477.34,Check jurisdiction -> Assess contract clauses -> Compute liability,104964.56,0.64,0.84
FLC-2023-0954,Region C,2020,Commercial,Loss,True,508734.71,1.5,4.1,8.3,7.5,8.5,8.2,9.9,1.5,4,2.2,7.6,7.3,4,3,3,120.4,False,4,6.7,639132,8.8,8.6,Art. 25 CISG,Cross-Border Dispute,103298.82,Check jurisdiction -> Assess contract clauses -> Compute liability,430053.65,0.85,0.66
FLC-2024-0955,Region D,2018,Administrative,Settlement,True,622109.12,8.0,7.3,9.9,8.5,6.4,8.7,8.7,8.0,1,5.7,7.8,1.4,3,4,4,148.1,True,4,9.8,978912,7.2,6.3,Art. 5 Admin Law,Regulatory Violation,34584.68,Assess plaintiff claims -> Review evidence -> Determine outcome,217908.84,0.35,0.81
FLC-2025-0956,Region A,2017,Criminal,Loss,False,469800.95,5.2,8.7,6.1,6.5,3.7,7.9,5.9,5.2,2,4.5,6.5,0.0,4,4,3,97.3,True,3,6.8,470118,5.4,9.3,Art. 12 Penal Code,Fraud,63870.23,Review charges -> Evaluate evidence -> Determine verdict,229574.4,0.49,0.63
FLC-2023-0957,Region D,2023,International Treaty,Settlement,False,522756.06,3.1,8.8,7.0,9.1,6.6,5.7,6.5,3.1,2,3.3,9.6,3.2,6,0,1,188.9,False,9,5.9,269422,6.1,5.4,Art. 97,Cross-Border Dispute,188026.61,Assess plaintiff claims -> Review evidence -> Determine outcome,251209.64,0.48,0.63
FLC-2024-0958,Region C,2021,Criminal,Settlement,True,456303.7,2.7,10.0,6.2,6.2,7.8,9.2,6.9,2.7,0,4.8,6.2,2.2,8,4,4,120.2,False,5,8.5,113761,8.7,5.5,Art. 12 Penal Code,Fraud,324502.96,Assess plaintiff claims -> Review evidence -> Determine outcome,450338.96,0.99,0.7
FLC-2025-0959,Region C,2023,Commercial,Settlement,True,232136.22,3.0,7.9,8.6,8.9,8.1,6.7,5.8,3.0,2,1.7,6.0,3.6,5,3,3,192.7,True,2,8.9,637746,10.0,9.4,Art. 25 CISG,Cross-Border Dispute,272421.38,Review charges -> Evaluate evidence -> Determine verdict,192159.92,0.83,0.72
FLC-2023-0960,Region E,2020,Commercial,Settlement,False,385509.0,6.9,6.3,7.6,7.5,8.3,5.1,9.7,6.9,4,5.1,6.5,0.7,4,0,4,44.1,False,6,8.8,73146,8.0,7.5,Art. 25 CISG,Cross-Border Dispute,38371.33,Check jurisdiction -> Assess contract clauses -> Compute liability,124025.25,0.32,0.39
FLC-2024-0961,Region B,2024,Criminal,Settlement,False,622501.76,4.9,7.5,8.6,6.2,4.8,5.4,8.4,4.9,0,2.5,7.0,7.1,3,2,3,55.1,True,7,6.5,492392,7.9,8.0,Art. 12 Penal Code,Fraud,154282.26,Check applicable law -> Compute damages -> Advise resolution,250320.54,0.4,0.63
FLC-2025-0962,Region B,2024,Administrative,Win,True,301022.45,3.8,7.5,6.2,8.4,8.7,8.8,6.8,3.8,1,3.1,9.0,0.6,4,0,2,102.0,True,7,9.3,294218,6.9,6.5,Art. 5 Admin Law,Regulatory Violation,130631.7,Check applicable law -> Compute damages -> Advise resolution,175088.26,0.58,0.68
FLC-2023-0963,Region E,2018,Commercial,Win,False,114717.03,6.2,6.3,9.3,5.8,9.2,6.1,5.6,6.2,0,7.1,8.6,4.8,7,0,1,140.3,True,1,9.9,871792,6.9,8.0,Art. 25 CISG,Cross-Border Dispute,29937.74,Check applicable law -> Compute damages -> Advise resolution,31392.77,0.27,0.46
FLC-2024-0964,Region C,2015,Criminal,Loss,True,1102473.08,0.0,8.5,9.9,9.4,3.8,6.0,6.3,0.0,0,0.1,5.2,3.3,6,0,2,111.0,True,5,5.1,25680,9.2,7.3,Art. 12 Penal Code,Fraud,222680.35,Analyze treaty -> Evaluate cross-border compliance -> Recommend settlement,1083991.28,0.98,0.78
FLC-2025-0965,Region A,2024,Criminal,Settlement,True,144003.21,1.2,4.4,6.9,9.3,3.5,7.5,8.5,1.2,4,1.7,7.0,2.8,6,3,0,72.7,True,6,6.7,357539,9.5,8.2,Art. 12 Penal Code,Fraud,95326.08,Assess plaintiff claims -> Review evidence -> Determine outcome,140736.13,0.98,0.74
FLC-2023-0966,Region C,2020,Commercial,Loss,True,304209.17,0.1,7.0,8.1,5.9,7.6,6.7,8.1,0.1,3,0.0,9.8,7.1,6,0,4,60.5,False,9,7.6,208835,6.1,9.9,Art. 25 CISG,Cross-Border Dispute,197265.58,Check jurisdiction -> Assess contract clauses -> Compute liability,277036.56,0.91,0.82
FLC-2024-0967,Region B,2020,Commercial,Dismissed,False,750430.94,6.6,6.7,6.7,6.1,9.4,9.3,7.3,6.6,0,6.1,6.8,2.6,1,2,3,57.3,True,6,6.0,719317,5.3,5.6,Art. 25 CISG,Cross-Border Dispute,12416.14,Assess plaintiff claims -> Review evidence -> Determine outcome,163527.31,0.22,0.53
FLC-2025-0968,Region E,2021,Criminal,Settlement,True,797665.26,2.5,6.7,6.6,5.4,6.2,8.9,5.1,2.5,4,2.8,6.6,2.2,2,3,0,61.1,False,5,7.1,306607,9.4,8.1,Art. 12 Penal Code,Fraud,278957.34,Check jurisdiction -> Assess contract clauses -> Compute liability,698608.77,0.88,0.87
FLC-2023-0969,Region B,2017,International Treaty,Loss,True,513533.67,0.0,5.0,9.8,8.5,4.6,5.2,9.3,0.0,4,0.0,10.0,5.3,6,0,0,55.1,True,9,10.0,360873,6.4,5.8,Art. 97,Cross-Border Dispute,356722.8,Review charges -> Evaluate evidence -> Determine verdict,506911.41,0.99,0.36
FLC-2024-0970,Region D,2023,Civil,Win,False,484397.02,10.0,4.2,8.0,9.4,5.9,5.6,7.5,10.0,2,8.2,7.6,0.1,5,1,1,92.0,True,4,5.3,358794,7.9,9.5,Art. 45 Civil Code,Breach of Contract,771.92,Check jurisdiction -> Assess contract clauses -> Compute liability,1414.4,0.0,0.71
FLC-2025-0971,Region B,2022,International Treaty,Loss,False,298387.86,4.8,4.6,8.8,6.6,8.0,5.2,7.3,4.8,3,4.8,8.3,1.3,1,0,4,187.1,False,8,6.2,159349,8.0,6.7,Art. 97,Cross-Border Dispute,139333.28,Assess plaintiff claims -> Review evidence -> Determine outcome,160734.25,0.54,0.42
FLC-2023-0972,Region B,2017,Administrative,Settlement,True,1916452.11,3.1,9.4,6.5,8.0,4.8,5.5,6.8,3.1,3,1.7,7.0,8.2,9,4,2,134.9,True,9,7.7,274604,5.8,8.2,Art. 5 Admin Law,Regulatory Violation,8920.93,Analyze treaty -> Evaluate cross-border compliance -> Recommend settlement,955274.09,0.5,0.86
FLC-2024-0973,Region D,2020,Administrative,Settlement,True,262939.43,4.6,7.2,5.3,7.1,3.9,4.3,9.8,4.6,1,3.7,8.9,6.2,9,1,2,22.3,True,4,8.6,271649,9.4,6.6,Art. 5 Admin Law,Regulatory Violation,221324.55,Assess plaintiff claims -> Review evidence -> Determine outcome,149136.37,0.57,0.8
FLC-2025-0974,Region B,2016,Criminal,Loss,True,1421011.35,2.6,4.6,9.7,6.7,10.0,9.9,8.9,2.6,4,1.5,9.8,0.4,8,2,0,162.1,False,7,5.9,473671,7.6,7.6,Art. 12 Penal Code,Fraud,368301.74,Check jurisdiction -> Assess contract clauses -> Compute liability,1148666.0,0.81,0.95
FLC-2023-0975,Region D,2018,International Treaty,Win,False,282103.55,5.2,6.5,7.3,9.8,8.8,5.0,9.0,5.2,0,4.4,9.2,9.8,4,3,4,136.8,True,0,5.6,217233,7.1,5.5,Art. 97,Cross-Border Dispute,120704.48,Assess plaintiff claims -> Review evidence -> Determine outcome,151229.62,0.54,0.17
FLC-2024-0976,Region D,2022,Administrative,Loss,True,410301.59,5.5,6.8,8.1,5.5,6.9,4.4,7.7,5.5,2,4.0,8.1,0.2,5,1,0,74.0,False,9,5.8,463073,5.9,7.9,Art. 5 Admin Law,Regulatory Violation,135275.2,Review charges -> Evaluate evidence -> Determine verdict,267296.72,0.65,0.84
FLC-2025-0977,Region A,2020,International Treaty,Settlement,True,650014.88,0.0,9.3,7.1,6.7,6.5,4.4,5.8,0.0,3,0.0,6.0,3.9,5,4,1,77.6,False,8,7.6,524469,7.1,6.2,Art. 97,Cross-Border Dispute,229731.83,Review charges -> Evaluate evidence -> Determine verdict,620789.72,0.96,0.55
FLC-2023-0978,Region E,2024,Civil,Win,True,787293.2,7.5,9.3,7.0,6.3,4.4,7.0,8.3,7.5,2,7.4,9.8,1.1,2,2,3,97.4,False,0,6.9,971956,7.3,9.9,Art. 45 Civil Code,Breach of Contract,102706.21,Review charges -> Evaluate evidence -> Determine verdict,209243.1,0.27,1.0
FLC-2024-0979,Region A,2021,Civil,Win,False,182413.24,9.7,4.1,5.8,9.7,7.0,8.8,7.4,9.7,2,6.9,6.8,0.7,8,3,2,101.1,True,9,7.1,341737,5.3,8.8,Art. 45 Civil Code,Breach of Contract,13163.37,Review charges -> Evaluate evidence -> Determine verdict,15626.44,0.09,0.73
FLC-2025-0980,Region C,2019,Administrative,Win,False,209076.14,9.7,7.3,7.4,8.3,8.6,9.8,8.1,9.7,4,8.1,5.6,1.6,2,4,0,115.8,False,1,9.3,589699,8.4,7.4,Art. 5 Admin Law,Regulatory Violation,11873.88,Assess plaintiff claims -> Review evidence -> Determine outcome,28119.36,0.13,0.4
FLC-2023-0981,Region A,2024,Administrative,Win,False,582834.48,7.2,9.9,9.7,7.7,8.2,7.4,8.0,7.2,0,4.5,8.9,8.9,2,3,1,75.7,True,3,6.0,520805,8.5,6.4,Art. 5 Admin Law,Regulatory Violation,30733.47,Review charges -> Evaluate evidence -> Determine verdict,73397.54,0.13,0.55
FLC-2024-0982,Region A,2022,Administrative,Loss,True,798315.78,2.3,5.3,7.7,9.3,8.4,8.8,7.2,2.3,3,1.6,8.8,7.9,9,3,2,126.1,True,5,8.6,26940,8.5,6.3,Art. 5 Admin Law,Regulatory Violation,305923.4,Review charges -> Evaluate evidence -> Determine verdict,596716.37,0.75,0.87
FLC-2025-0983,Region D,2024,International Treaty,Loss,True,1246438.49,2.5,7.5,6.2,5.1,7.9,5.4,9.3,2.5,1,2.2,7.7,7.5,9,2,3,188.9,False,0,6.7,911213,9.1,8.5,Art. 97,Cross-Border Dispute,207597.72,Check applicable law -> Compute damages -> Advise resolution,1089992.97,0.87,0.65
FLC-2023-0984,Region E,2024,Civil,Loss,True,214081.58,3.6,8.6,5.7,9.0,7.3,9.9,8.3,3.6,2,3.6,9.0,5.3,7,2,1,111.4,True,2,5.6,861119,6.3,9.7,Art. 45 Civil Code,Breach of Contract,245728.47,Check applicable law -> Compute damages -> Advise resolution,113446.02,0.53,0.88
FLC-2024-0985,Region C,2021,Administrative,Settlement,True,251611.01,3.9,5.1,6.0,5.5,6.0,4.5,9.5,3.9,2,4.4,9.2,9.8,6,2,0,44.4,True,0,7.0,402853,7.4,8.2,Art. 5 Admin Law,Regulatory Violation,250190.58,Assess plaintiff claims -> Review evidence -> Determine outcome,166697.22,0.66,0.88
FLC-2025-0986,Region D,2023,Civil,Loss,True,346225.58,6.7,6.5,8.7,7.8,9.4,7.5,7.0,6.7,1,5.3,5.2,9.0,7,1,1,89.7,False,5,9.0,852623,5.4,8.2,Art. 45 Civil Code,Breach of Contract,19486.65,Check jurisdiction -> Assess contract clauses -> Compute liability,147551.18,0.43,0.97
FLC-2023-0987,Region E,2020,International Treaty,Loss,False,285395.96,6.7,6.4,9.6,6.2,4.8,6.2,9.3,6.7,4,4.9,9.5,6.8,6,0,3,171.5,True,6,5.0,835775,5.9,8.2,Art. 97,Cross-Border Dispute,99601.12,Review charges -> Evaluate evidence -> Determine verdict,142459.3,0.5,0.55
FLC-2024-0988,Region B,2021,International Treaty,Settlement,False,544603.56,5.8,8.0,9.3,9.8,3.9,4.6,9.0,5.8,3,4.8,6.8,6.5,2,3,4,58.9,False,1,8.8,965947,8.1,5.1,Art. 97,Cross-Border Dispute,159101.79,Check jurisdiction -> Assess contract clauses -> Compute liability,291271.35,0.53,0.35
FLC-2025-0989,Region B,2022,Criminal,Loss,True,280823.0,2.3,8.2,5.9,8.0,9.0,6.3,8.6,2.3,1,1.1,5.1,2.5,4,0,2,49.6,True,6,6.8,226300,8.1,8.6,Art. 12 Penal Code,Fraud,187438.58,Analyze treaty -> Evaluate cross-border compliance -> Recommend settlement,238197.24,0.85,0.81
FLC-2023-0990,Region C,2017,Commercial,Win,False,332547.06,4.6,8.6,8.2,6.5,6.5,4.3,6.0,4.6,4,3.6,9.7,6.0,2,4,3,56.5,True,4,9.9,277030,9.5,5.3,Art. 25 CISG,Cross-Border Dispute,33894.92,Check applicable law -> Compute damages -> Advise resolution,179966.43,0.54,0.53
FLC-2024-0991,Region E,2021,Criminal,Win,True,686134.54,4.2,6.0,9.2,5.5,3.3,7.0,5.3,4.2,3,4.0,9.5,2.4,7,4,1,198.6,False,3,5.2,283790,7.0,8.1,Art. 12 Penal Code,Fraud,5093.5,Check jurisdiction -> Assess contract clauses -> Compute liability,472274.14,0.69,0.81
FLC-2025-0992,Region E,2019,Administrative,Settlement,False,503792.07,6.0,4.4,5.5,6.7,5.6,6.8,6.7,6.0,1,6.5,7.3,5.2,6,0,3,69.9,True,1,6.2,342434,8.2,7.9,Art. 5 Admin Law,Regulatory Violation,101663.8,Check applicable law -> Compute damages -> Advise resolution,160175.55,0.32,0.66
FLC-2023-0993,Region E,2017,Administrative,Settlement,True,448186.15,5.5,7.4,8.5,9.4,10.0,8.4,6.6,5.5,4,4.1,6.9,0.9,6,2,0,53.3,False,9,7.8,770208,5.2,5.8,Art. 5 Admin Law,Regulatory Violation,123499.35,Analyze treaty -> Evaluate cross-border compliance -> Recommend settlement,231700.49,0.52,0.61
FLC-2024-0994,Region E,2022,Administrative,Win,False,855144.68,8.2,5.5,5.9,5.9,7.3,7.4,5.9,8.2,0,6.0,6.4,8.1,6,1,3,177.8,True,5,7.2,216116,8.5,8.8,Art. 5 Admin Law,Regulatory Violation,18605.72,Check jurisdiction -> Assess contract clauses -> Compute liability,123051.68,0.14,0.7
FLC-2025-0995,Region E,2019,International Treaty,Loss,False,593893.09,3.3,7.6,6.4,7.1,6.4,8.1,8.9,3.3,1,2.7,7.7,2.0,3,0,0,76.5,True,6,7.2,529199,8.9,9.3,Art. 97,Cross-Border Dispute,19738.35,Review charges -> Evaluate evidence -> Determine verdict,439917.12,0.74,0.37
FLC-2023-0996,Region C,2023,Criminal,Win,True,837295.19,3.2,9.0,6.6,9.8,6.3,9.7,9.4,3.2,0,1.8,7.3,5.9,8,1,2,152.9,True,0,7.2,683742,7.7,6.0,Art. 12 Penal Code,Fraud,49755.13,Check jurisdiction -> Assess contract clauses -> Compute liability,539508.06,0.64,0.74
FLC-2024-0997,Region A,2019,Civil,Dismissed,False,679428.2,6.9,6.4,9.7,5.2,7.8,9.1,9.8,6.9,0,5.4,7.0,0.3,6,1,0,195.8,True,7,7.6,430390,7.2,6.2,Art. 45 Civil Code,Breach of Contract,13669.04,Assess plaintiff claims -> Review evidence -> Determine outcome,159880.33,0.24,0.68
FLC-2025-0998,Region C,2019,Administrative,Settlement,True,155581.46,2.9,5.8,6.2,9.6,8.2,6.0,8.5,2.9,3,2.5,5.4,2.6,3,0,2,75.5,True,8,6.7,993422,9.0,7.0,Art. 5 Admin Law,Regulatory Violation,154097.36,Analyze treaty -> Evaluate cross-border compliance -> Recommend settlement,100007.89,0.64,0.89
FLC-2023-0999,Region A,2019,International Treaty,Win,False,435560.75,2.4,5.8,5.0,7.6,4.1,4.3,8.5,2.4,1,1.1,6.0,8.3,5,0,0,55.9,False,4,5.2,346053,7.2,8.9,Art. 97,Cross-Border Dispute,111062.88,Check jurisdiction -> Assess contract clauses -> Compute liability,284137.14,0.65,0.4
FLC-2024-1000,Region D,2017,Commercial,Win,False,154029.34,5.7,4.5,5.7,8.2,9.0,4.6,8.7,5.7,0,4.4,10.0,6.2,7,2,0,141.4,True,8,9.5,171719,6.4,7.3,Art. 25 CISG,Cross-Border Dispute,55405.03,Check jurisdiction -> Assess contract clauses -> Compute liability,55226.24,0.36,0.42
FLC-2025-1001,Region C,2020,Administrative,Settlement,True,2497535.97,1.6,7.3,8.4,7.3,8.8,9.5,5.2,1.6,0,1.7,6.6,4.3,8,4,4,145.3,False,4,9.1,390213,9.4,8.9,Art. 5 Admin Law,Regulatory Violation,193705.48,Check jurisdiction -> Assess contract clauses -> Compute liability,1744461.98,0.7,0.82
FLC-2023-1002,Region E,2023,Administrative,Settlement,True,205842.24,4.3,9.2,8.1,5.0,5.5,9.1,5.1,4.3,3,4.4,7.8,9.5,4,1,0,166.7,True,7,7.4,516009,9.1,5.1,Art. 5 Admin Law,Regulatory Violation,37468.94,Analyze treaty -> Evaluate cross-border compliance -> Recommend settlement,132281.79,0.64,0.92
FLC-2024-1003,Region E,2022,International Treaty,Loss,True,525402.99,1.2,8.3,9.1,5.4,5.1,4.3,6.9,1.2,2,0.5,8.3,2.3,5,2,0,55.5,False,6,5.8,218011,8.9,5.5,Art. 97,Cross-Border Dispute,194898.33,Check applicable law -> Compute damages -> Advise resolution,455316.22,0.87,0.63
FLC-2025-1004,Region E,2022,International Treaty,Settlement,False,480719.01,4.9,5.5,7.1,6.8,7.9,7.6,5.1,4.9,1,4.2,5.4,1.3,9,0,0,65.7,False,5,9.4,810289,8.1,5.6,Art. 97,Cross-Border Dispute,312802.11,Assess plaintiff claims -> Review evidence -> Determine outcome,308723.43,0.64,0.49
FLC-2023-1005,Region D,2021,Criminal,Win,False,151842.28,6.0,4.3,6.5,6.4,9.1,9.2,7.7,6.0,2,5.1,6.5,5.0,4,0,1,22.2,False,8,9.2,961278,6.3,9.1,Art. 12 Penal Code,Fraud,209775.88,Review charges -> Evaluate evidence -> Determine verdict,75016.01,0.49,0.79
FLC-2024-1006,Region B,2019,Criminal,Loss,True,841747.54,1.6,5.2,6.9,7.2,9.4,9.3,9.1,1.6,4,1.7,5.0,6.8,5,2,0,133.0,True,0,9.6,773856,6.9,8.4,Art. 12 Penal Code,Fraud,52834.34,Assess plaintiff claims -> Review evidence -> Determine outcome,706214.84,0.84,0.85
FLC-2025-1007,Region B,2015,Civil,Win,False,392599.62,7.3,9.2,7.8,6.9,5.9,6.8,5.4,7.3,0,4.9,7.5,4.9,5,4,0,139.3,False,1,6.7,364557,8.6,5.8,Art. 45 Civil Code,Breach of Contract,27260.16,Check jurisdiction -> Assess contract clauses -> Compute liability,49076.15,0.13,0.62
FLC-2023-1008,Region E,2022,Civil,Settlement,False,260468.73,7.0,6.0,8.6,9.6,7.5,9.7,5.5,7.0,0,8.3,8.0,9.7,7,0,3,59.8,True,0,6.7,629577,5.4,6.7,Art. 45 Civil Code,Breach of Contract,2129.37,Assess plaintiff claims -> Review evidence -> Determine outcome,80114.58,0.31,0.95
FLC-2024-1009,Region A,2020,Criminal,Loss,False,281268.12,2.8,6.7,9.7,5.5,8.5,6.2,8.5,2.8,0,2.4,6.5,4.2,4,4,1,116.8,False,2,8.2,573402,9.0,7.8,Art. 12 Penal Code,Fraud,95753.42,Assess plaintiff claims -> Review evidence -> Determine outcome,169990.11,0.6,0.48
FLC-2025-1010,Region A,2020,International Treaty,Win,False,344257.55,6.0,8.4,6.3,5.6,6.8,4.9,9.7,6.0,3,4.9,7.7,6.0,3,4,3,191.5,False,2,9.7,872399,7.6,7.2,Art. 97,Cross-Border Dispute,81761.95,Check jurisdiction -> Assess contract clauses -> Compute liability,156398.36,0.45,0.49
FLC-2023-1011,Region B,2019,Administrative,Settlement,True,708392.25,3.9,5.7,6.9,9.5,9.0,7.1,6.2,3.9,4,2.2,9.3,8.4,3,3,3,197.4,False,6,5.1,54475,9.8,6.1,Art. 5 Admin Law,Regulatory Violation,296513.53,Analyze treaty -> Evaluate cross-border compliance -> Recommend settlement,479381.89,0.68,0.75
FLC-2024-1012,Region A,2016,Commercial,Settlement,False,144293.06,6.8,9.3,6.8,6.0,6.2,5.2,7.5,6.8,0,5.8,5.7,3.1,7,3,1,190.3,True,2,8.7,826116,5.4,7.9,Art. 25 CISG,Cross-Border Dispute,86072.05,Check applicable law -> Compute damages -> Advise resolution,49003.71,0.34,0.6
FLC-2025-1013,Region C,2021,Criminal,Settlement,False,126031.86,6.7,4.7,6.1,5.9,5.5,9.3,7.2,6.7,4,3.9,9.7,8.7,3,3,1,93.7,False,1,6.4,812355,7.4,9.7,Art. 12 Penal Code,Fraud,188177.82,Review charges -> Evaluate evidence -> Determine verdict,57559.05,0.46,0.83
FLC-2023-1014,Region C,2018,Administrative,Settlement,True,2984003.08,3.3,7.9,5.8,6.6,6.7,9.1,9.8,3.3,2,3.5,5.8,0.4,5,2,3,116.9,False,8,8.6,666004,5.4,7.3,Art. 5 Admin Law,Regulatory Violation,195507.9,Review charges -> Evaluate evidence -> Determine verdict,1997439.56,0.67,0.86
FLC-2024-1015,Region E,2020,International Treaty,Loss,True,320421.38,2.5,7.5,5.6,5.9,3.9,5.8,6.9,2.5,3,2.4,9.2,4.7,4,3,4,114.7,False,5,6.7,15248,6.8,7.9,Art. 97,Cross-Border Dispute,329046.99,Analyze treaty -> Evaluate cross-border compliance -> Recommend settlement,250921.48,0.78,0.69
FLC-2025-1016,Region C,2023,Commercial,Loss,True,227979.28,5.3,8.5,8.6,6.4,3.2,5.0,6.7,5.3,0,4.3,9.6,2.0,5,3,1,29.0,True,6,8.2,463643,8.3,6.5,Art. 25 CISG,Cross-Border Dispute,114642.29,Analyze treaty -> Evaluate cross-border compliance -> Recommend settlement,146164.25,0.64,0.62
FLC-2023-1017,Region E,2021,Administrative,Loss,True,426530.46,3.3,5.8,9.0,8.0,9.8,6.9,8.9,3.3,0,1.5,7.5,8.0,5,2,4,170.4,False,3,7.5,23469,6.4,8.7,Art. 5 Admin Law,Regulatory Violation,58737.43,Review charges -> Evaluate evidence -> Determine verdict,252451.65,0.59,0.87
FLC-2024-1018,Region C,2020,International Treaty,Loss,True,868159.93,0.9,8.7,9.8,6.6,7.8,5.5,9.6,0.9,3,0.6,9.7,7.5,7,0,3,72.7,True,8,6.8,803325,9.0,5.4,Art. 97,Cross-Border Dispute,143342.0,Assess plaintiff claims -> Review evidence -> Determine outcome,868159.93,1.0,0.68
FLC-2025-1019,Region B,2016,Administrative,Settlement,True,231384.74,3.0,6.8,9.8,6.8,8.2,5.5,7.5,3.0,4,2.9,8.3,9.7,1,4,0,146.0,False,9,7.0,53175,5.0,9.9,Art. 5 Admin Law,Regulatory Violation,156767.6,Check applicable law -> Compute damages -> Advise resolution,152455.69,0.66,0.7
FLC-2023-1020,Region C,2022,Commercial,Settlement,True,304198.75,2.2,7.4,7.3,9.5,4.5,8.4,5.8,2.2,4,2.6,5.9,6.2,5,3,0,183.0,True,9,8.5,702329,6.8,8.7,Art. 25 CISG,Cross-Border Dispute,48835.95,Review charges -> Evaluate evidence -> Determine verdict,248255.14,0.82,0.71
FLC-2024-1021,Region A,2022,Commercial,Settlement,True,1366101.23,3.1,8.2,5.2,5.4,3.4,6.5,5.2,3.1,2,1.7,7.7,6.4,4,4,2,160.5,False,2,7.2,379442,6.3,8.2,Art. 25 CISG,Cross-Border Dispute,171634.53,Analyze treaty -> Evaluate cross-border compliance -> Recommend settlement,880519.99,0.64,0.75
FLC-2025-1022,Region B,2019,Civil,Win,False,4384644.84,7.7,8.0,9.7,5.4,6.6,4.5,6.9,7.7,4,7.2,5.5,5.5,6,0,4,89.3,True,7,6.9,68799,8.7,9.9,Art. 45 Civil Code,Breach of Contract,50565.9,Review charges -> Evaluate evidence -> Determine verdict,1236426.51,0.28,0.61
FLC-2023-1023,Region B,2021,Administrative,Loss,False,180948.46,6.3,8.5,9.1,8.8,5.7,9.6,8.3,6.3,4,6.1,8.5,0.4,5,2,3,49.0,True,1,7.1,235788,6.8,7.8,Art. 5 Admin Law,Regulatory Violation,171041.91,Assess plaintiff claims -> Review evidence -> Determine outcome,71636.85,0.4,0.46
FLC-2024-1024,Region A,2024,International Treaty,Loss,True,1216261.18,0.4,8.8,8.4,9.9,4.2,8.6,7.0,0.4,1,0.9,6.1,9.2,7,1,1,94.5,False,9,9.0,788416,8.0,6.0,Art. 97,Cross-Border Dispute,200192.16,Analyze treaty -> Evaluate cross-border compliance -> Recommend settlement,1192348.7,0.98,0.51
FLC-2025-1025,Region C,2017,International Treaty,Settlement,True,485027.78,1.2,8.0,6.4,8.4,7.7,7.6,8.6,1.2,4,1.1,6.7,6.2,6,1,1,105.8,True,4,8.5,412973,6.4,6.1,Art. 97,Cross-Border Dispute,351396.61,Check jurisdiction -> Assess contract clauses -> Compute liability,471846.57,0.97,0.59
FLC-2023-1026,Region D,2018,International Treaty,Loss,True,187730.0,4.5,5.4,9.1,8.5,3.0,10.0,8.8,4.5,1,2.4,7.0,5.6,6,4,2,23.7,True,1,9.5,504034,8.6,10.0,Art. 97,Cross-Border Dispute,43680.48,Assess plaintiff claims -> Review evidence -> Determine outcome,148944.45,0.79,0.53
FLC-2024-1027,Region E,2024,International Treaty,Settlement,False,99493.54,6.3,4.6,7.8,8.8,8.5,4.9,7.6,6.3,4,4.8,6.0,6.8,2,3,0,55.9,False,4,7.9,997599,6.2,5.4,Art. 97,Cross-Border Dispute,200968.19,Check jurisdiction -> Assess contract clauses -> Compute liability,59519.49,0.6,0.49
FLC-2025-1028,Region B,2022,Criminal,Settlement,False,582388.49,6.8,7.8,6.7,7.1,3.1,4.7,7.8,6.8,2,7.2,9.0,6.7,1,3,4,193.1,False,3,5.8,341740,6.5,8.7,Art. 12 Penal Code,Fraud,64535.86,Analyze treaty -> Evaluate cross-border compliance -> Recommend settlement,257353.55,0.44,0.31
FLC-2023-1029,Region A,2021,International Treaty,Win,False,239809.5,5.4,7.9,9.6,7.2,6.4,5.4,6.9,5.4,4,2.7,6.2,2.1,7,0,0,179.4,False,2,8.0,205106,9.3,5.1,Art. 97,Cross-Border Dispute,45363.28,Check applicable law -> Compute damages -> Advise resolution,137204.65,0.57,0.53
FLC-2024-1030,Region A,2016,Criminal,Settlement,False,724165.73,6.0,4.0,5.9,7.4,4.9,9.2,5.7,6.0,1,3.0,7.8,2.5,7,1,4,180.7,True,8,6.8,481469,7.1,8.4,Art. 12 Penal Code,Fraud,42535.48,Check jurisdiction -> Assess contract clauses -> Compute liability,281802.82,0.39,0.57
FLC-2025-1031,Region C,2017,International Treaty,Loss,False,1846544.48,6.0,6.0,7.5,6.4,6.1,6.2,8.7,6.0,2,5.3,8.3,2.1,8,4,1,197.4,False,1,5.3,401880,8.0,7.0,Art. 97,Cross-Border Dispute,34397.17,Review charges -> Evaluate evidence -> Determine verdict,844446.83,0.46,0.46
FLC-2023-1032,Region A,2023,Commercial,Loss,True,629452.95,0.0,8.3,7.7,9.4,6.1,4.9,9.2,0.0,3,0.0,5.3,0.2,4,4,2,66.8,False,7,9.7,135961,7.9,8.9,Art. 25 CISG,Cross-Border Dispute,276061.79,Analyze treaty -> Evaluate cross-border compliance -> Recommend settlement,538771.78,0.86,0.79
FLC-2024-1033,Region B,2021,Commercial,Settlement,False,126346.5,6.6,6.8,5.5,5.6,6.2,8.4,9.2,6.6,1,3.3,5.5,4.8,4,0,0,153.3,True,5,7.6,726748,6.6,9.7,Art. 25 CISG,Cross-Border Dispute,78682.32,Check jurisdiction -> Assess contract clauses -> Compute liability,40117.82,0.32,0.59
FLC-2025-1034,Region A,2019,Civil,Loss,True,15029.73,3.4,5.8,5.8,8.4,3.2,6.7,7.8,3.4,3,0.8,7.4,4.5,7,2,3,178.8,True,3,9.4,399629,5.1,8.4,Art. 45 Civil Code,Breach of Contract,119723.25,Check applicable law -> Compute damages -> Advise resolution,8011.97,0.53,0.79
FLC-2023-1035,Region E,2022,Administrative,Settlement,True,502922.07,4.3,9.9,8.5,5.9,6.3,6.8,7.5,4.3,3,2.0,9.2,2.8,7,2,3,61.5,False,4,9.3,658082,9.9,7.2,Art. 5 Admin Law,Regulatory Violation,207740.44,Review charges -> Evaluate evidence -> Determine verdict,322335.3,0.64,0.61
FLC-2024-1036,Region B,2024,Commercial,Settlement,False,222302.1,5.3,6.2,5.8,5.5,6.7,9.9,8.4,5.3,2,6.1,6.0,6.9,7,2,2,22.9,True,5,5.2,351762,8.4,7.9,Art. 25 CISG,Cross-Border Dispute,170560.81,Assess plaintiff claims -> Review evidence -> Determine outcome,78208.98,0.35,0.4
FLC-2025-1037,Region D,2016,Administrative,Loss,True,178750.75,4.8,9.2,8.8,9.0,8.2,5.7,9.3,4.8,2,3.8,6.2,0.5,1,4,4,26.7,True,0,5.6,271084,8.3,7.3,Art. 5 Admin Law,Regulatory Violation,143211.84,Check jurisdiction -> Assess contract clauses -> Compute liability,106727.03,0.6,0.8
FLC-2023-1038,Region B,2019,Commercial,Loss,False,2071581.32,5.6,9.4,5.4,6.7,7.3,7.4,5.5,5.6,2,5.4,6.2,0.0,6,1,1,51.7,True,1,9.6,478049,9.4,8.4,Art. 25 CISG,Cross-Border Dispute,28714.24,Check applicable law -> Compute damages -> Advise resolution,779084.45,0.38,0.29
FLC-2024-1039,Region D,2020,International Treaty,Settlement,False,92453.76,5.6,9.0,6.7,5.4,9.4,6.3,6.7,5.6,0,5.7,7.2,5.7,4,3,2,178.5,True,0,5.1,978893,7.1,8.3,Art. 97,Cross-Border Dispute,177847.49,Assess plaintiff claims -> Review evidence -> Determine outcome,44705.58,0.48,0.35
FLC-2025-1040,Region D,2015,Commercial,Settlement,False,1908132.72,7.3,7.0,6.8,8.3,5.4,6.1,8.7,7.3,4,7.1,8.5,3.3,5,1,0,114.8,True,5,6.8,995667,10.0,5.7,Art. 25 CISG,Cross-Border Dispute,10743.68,Check applicable law -> Compute damages -> Advise resolution,581241.1,0.3,0.46
FLC-2023-1041,Region D,2021,Administrative,Settlement,True,298446.37,3.8,9.1,7.0,8.5,4.0,8.5,7.7,3.8,4,3.4,5.1,5.3,9,1,1,59.7,False,5,9.9,293976,6.4,7.4,Art. 5 Admin Law,Regulatory Violation,308197.54,Assess plaintiff claims -> Review evidence -> Determine outcome,206965.04,0.69,0.82
FLC-2024-1042,Region E,2016,Criminal,Settlement,False,735660.48,3.8,9.1,7.7,9.8,8.6,9.7,8.7,3.8,4,4.8,9.2,2.5,7,4,3,107.4,True,0,7.0,435361,7.0,7.2,Art. 12 Penal Code,Fraud,139239.03,Assess plaintiff claims -> Review evidence -> Determine outcome,383196.54,0.52,0.57
FLC-2025-1043,Region C,2018,Civil,Win,False,281557.36,9.4,9.2,7.7,7.8,3.0,9.9,9.0,9.4,1,7.0,5.9,7.7,4,1,4,129.6,True,2,9.4,578486,8.3,5.3,Art. 45 Civil Code,Breach of Contract,0.0,Check jurisdiction -> Assess contract clauses -> Compute liability,0.0,0.0,0.78
FLC-2023-1044,Region E,2021,Commercial,Loss,False,3312855.11,5.4,6.6,6.6,7.2,3.2,9.3,7.8,5.4,0,4.1,5.2,1.5,5,4,2,22.0,False,4,5.2,935598,6.5,9.2,Art. 25 CISG,Cross-Border Dispute,43831.73,Check applicable law -> Compute damages -> Advise resolution,1151696.27,0.35,0.4
FLC-2024-1045,Region B,2022,International Treaty,Settlement,True,162190.67,1.8,9.9,9.5,8.0,6.8,10.0,7.7,1.8,2,2.7,9.5,2.3,8,1,0,87.2,False,4,6.8,499559,6.1,6.9,Art. 97,Cross-Border Dispute,154843.95,Review charges -> Evaluate evidence -> Determine verdict,124186.54,0.77,0.59
FLC-2025-1046,Region E,2020,Civil,Win,False,591102.09,10.0,9.2,9.9,9.4,5.8,8.9,8.6,10.0,4,8.7,8.7,9.0,3,0,3,154.4,False,3,7.9,373009,6.7,6.6,Art. 45 Civil Code,Breach of Contract,41625.59,Analyze treaty -> Evaluate cross-border compliance -> Recommend settlement,59690.96,0.1,0.69
FLC-2023-1047,Region B,2018,Administrative,Dismissed,False,112517.87,9.0,7.5,5.2,8.6,7.7,6.2,7.1,9.0,3,7.2,8.7,3.8,3,2,1,184.5,True,4,6.5,260534,5.9,8.4,Art. 5 Admin Law,Regulatory Violation,75877.81,Review charges -> Evaluate evidence -> Determine verdict,24505.26,0.22,0.47
FLC-2024-1048,Region E,2020,Civil,Win,False,257208.36,6.4,9.1,6.8,7.1,8.8,4.5,6.8,6.4,3,5.8,7.4,5.3,8,2,1,108.4,False,3,8.8,877952,8.9,5.1,Art. 45 Civil Code,Breach of Contract,36117.35,Check jurisdiction -> Assess contract clauses -> Compute liability,54138.54,0.21,0.75
FLC-2025-1049,Region B,2022,International Treaty,Loss,True,684751.33,1.0,9.9,6.1,9.2,8.8,9.3,9.6,1.0,1,0.9,8.0,0.3,2,0,4,81.5,False,6,8.8,934705,9.5,8.1,Art. 97,Cross-Border Dispute,189421.43,Check applicable law -> Compute damages -> Advise resolution,606808.72,0.89,0.53
FLC-2023-1050,Region D,2021,Civil,Settlement,True,477423.4,3.1,4.6,6.3,7.5,9.9,4.4,6.0,3.1,2,2.0,8.2,5.4,6,0,3,179.8,False,4,7.9,477120,9.0,9.0,Art. 45 Civil Code,Breach of Contract,157638.38,Review charges -> Evaluate evidence -> Determine verdict,289292.27,0.61,0.89
FLC-2024-1051,Region B,2021,Civil,Settlement,True,728697.3,5.5,7.9,8.2,9.7,9.0,8.8,9.8,5.5,1,4.4,8.7,0.6,1,1,0,38.1,True,0,9.6,268097,6.9,8.7,Art. 45 Civil Code,Breach of Contract,180851.28,Analyze treaty -> Evaluate cross-border compliance -> Recommend settlement,331181.78,0.45,1.0
FLC-2025-1052,Region E,2022,Criminal,Loss,True,373684.75,1.9,8.7,7.6,9.8,6.4,8.1,7.5,1.9,0,2.1,7.1,5.8,3,2,1,142.1,False,2,7.7,744305,8.1,8.5,Art. 12 Penal Code,Fraud,177224.17,Check applicable law -> Compute damages -> Advise resolution,322325.53,0.86,0.83
FLC-2023-1053,Region B,2016,International Treaty,Settlement,False,747781.88,5.5,4.3,5.6,7.2,4.5,5.7,8.2,5.5,3,4.6,6.4,1.3,1,4,3,62.5,False,3,9.6,76127,9.0,6.7,Art. 97,Cross-Border Dispute,86092.18,Analyze treaty -> Evaluate cross-border compliance -> Recommend settlement,407078.03,0.54,0.44
FLC-2024-1054,Region C,2023,International Treaty,Win,False,1452345.18,4.1,8.4,8.0,8.5,8.1,8.4,9.7,4.1,4,5.5,5.5,5.9,8,0,1,91.9,True,0,5.8,809334,6.3,7.3,Art. 97,Cross-Border Dispute,170901.21,Check applicable law -> Compute damages -> Advise resolution,809770.27,0.56,0.36
FLC-2025-1055,Region C,2022,Civil,Win,False,449981.68,8.2,8.1,7.4,6.6,4.9,9.6,6.5,8.2,0,6.2,9.0,0.2,4,1,2,147.6,True,3,7.8,163022,8.2,8.0,Art. 45 Civil Code,Breach of Contract,43411.99,Analyze treaty -> Evaluate cross-border compliance -> Recommend settlement,100394.19,0.22,0.73
FLC-2023-1056,Region E,2023,International Treaty,Loss,True,175982.76,0.5,8.3,6.9,7.1,5.1,4.9,7.3,0.5,2,0.3,9.6,2.5,7,2,1,169.3,False,9,6.7,436232,9.1,5.9,Art. 97,Cross-Border Dispute,58152.51,Check jurisdiction -> Assess contract clauses -> Compute liability,174898.55,0.99,0.45
FLC-2024-1057,Region D,2024,Commercial,Loss,True,1533326.63,0.1,4.5,8.7,5.9,8.6,9.1,8.2,0.1,1,0.0,7.0,6.6,7,1,0,37.4,False,7,6.7,371862,8.2,5.3,Art. 25 CISG,Cross-Border Dispute,262952.67,Analyze treaty -> Evaluate cross-border compliance -> Recommend settlement,1226283.89,0.8,0.77
FLC-2025-1058,Region D,2023,Commercial,Loss,False,578035.93,3.2,6.9,5.2,6.3,3.5,4.8,5.6,3.2,4,2.4,6.1,3.6,7,4,1,90.4,False,4,9.3,73858,7.9,7.6,Art. 25 CISG,Cross-Border Dispute,151624.03,Check applicable law -> Compute damages -> Advise resolution,305594.29,0.53,0.58
FLC-2023-1059,Region B,2018,Criminal,Settlement,True,174768.34,0.3,6.1,5.6,7.4,5.8,8.3,9.8,0.3,4,0.6,5.8,8.2,6,0,1,95.9,True,1,6.7,977383,7.9,6.7,Art. 12 Penal Code,Fraud,271290.82,Check applicable law -> Compute damages -> Advise resolution,162262.31,0.93,0.81
FLC-2024-1060,Region B,2017,Administrative,Win,False,100899.28,5.9,9.2,5.1,6.3,3.8,4.2,6.4,5.9,0,5.9,7.6,6.7,2,3,2,111.3,False,8,6.5,753579,7.0,6.0,Art. 5 Admin Law,Regulatory Violation,114126.38,Check applicable law -> Compute damages -> Advise resolution,25111.59,0.25,0.51
FLC-2025-1061,Region A,2024,Criminal,Loss,True,172438.79,2.1,5.9,6.4,9.3,6.0,6.0,8.0,2.1,1,1.3,6.1,5.2,5,1,3,113.7,True,1,6.2,763996,6.2,8.0,Art. 12 Penal Code,Fraud,72810.73,Check jurisdiction -> Assess contract clauses -> Compute liability,164133.53,0.95,0.86
FLC-2023-1062,Region A,2018,Administrative,Loss,False,335769.49,5.1,8.8,8.7,7.2,8.7,8.2,5.6,5.1,0,3.6,5.6,0.3,6,1,3,168.4,True,7,6.7,940167,7.9,7.0,Art. 5 Admin Law,Regulatory Violation,137635.51,Analyze treaty -> Evaluate cross-border compliance -> Recommend settlement,136840.6,0.41,0.53
FLC-2024-1063,Region D,2016,Administrative,Win,False,264762.66,9.7,4.8,8.1,7.5,5.1,4.7,8.7,9.7,2,8.1,7.7,3.3,5,2,2,51.9,True,8,5.5,971137,5.1,5.3,Art. 5 Admin Law,Regulatory Violation,49645.79,Review charges -> Evaluate evidence -> Determine verdict,54943.72,0.21,0.64
FLC-2025-1064,Region D,2017,International Treaty,Loss,False,631346.81,0.2,6.7,7.5,7.2,6.8,9.3,8.2,0.2,2,1.6,5.2,7.3,1,2,0,24.8,False,1,7.0,912630,7.1,9.0,Art. 97,Cross-Border Dispute,147014.57,Review charges -> Evaluate evidence -> Determine verdict,495598.55,0.78,0.44
FLC-2023-1065,Region E,2020,Criminal,Settlement,True,3234411.07,3.6,6.3,9.9,5.6,6.4,6.5,5.5,3.6,0,1.5,6.2,9.3,3,0,2,113.9,True,7,8.4,375315,5.5,6.7,Art. 12 Penal Code,Fraud,214868.81,Check applicable law -> Compute damages -> Advise resolution,2286053.79,0.71,0.71
FLC-2024-1066,Region C,2015,Administrative,Win,True,349764.91,4.8,5.9,8.6,7.5,7.7,4.7,7.6,4.8,1,4.2,6.7,2.6,6,3,2,72.3,False,9,9.4,180549,6.8,6.4,Art. 5 Admin Law,Regulatory Violation,282867.54,Review charges -> Evaluate evidence -> Determine verdict,203245.65,0.58,0.79
FLC-2025-1067,Region A,2016,International Treaty,Loss,False,263833.04,3.1,8.4,9.9,8.5,3.7,5.5,8.0,3.1,2,1.6,7.4,1.6,8,1,0,190.2,False,3,6.9,953893,7.4,9.5,Art. 97,Cross-Border Dispute,209140.8,Check jurisdiction -> Assess contract clauses -> Compute liability,148904.65,0.56,0.41
FLC-2023-1068,Region D,2022,Commercial,Loss,True,1157230.47,2.7,6.5,7.5,9.2,3.6,7.2,6.1,2.7,3,2.4,9.8,7.0,2,3,2,71.0,True,1,9.2,341278,8.7,8.2,Art. 25 CISG,Cross-Border Dispute,54587.23,Review charges -> Evaluate evidence -> Determine verdict,836755.38,0.72,0.56
FLC-2024-1069,Region E,2019,International Treaty,Settlement,False,2579144.71,3.7,9.1,6.7,6.5,3.2,9.7,7.5,3.7,0,3.1,6.9,9.3,1,0,4,161.3,True,1,8.7,400046,7.9,9.3,Art. 97,Cross-Border Dispute,195445.04,Check applicable law -> Compute damages -> Advise resolution,1830432.78,0.71,0.57
FLC-2025-1070,Region D,2017,International Treaty,Loss,True,96822.4,1.1,4.1,5.3,8.4,5.6,9.2,8.7,1.1,0,0.0,9.5,6.0,9,2,4,132.5,True,9,7.3,605903,9.4,6.8,Art. 97,Cross-Border Dispute,333802.09,Analyze treaty -> Evaluate cross-border compliance -> Recommend settlement,89863.56,0.93,0.78
FLC-2023-1071,Region A,2020,International Treaty,Settlement,False,922438.88,4.3,9.6,5.4,7.7,6.8,6.2,7.8,4.3,1,3.6,8.7,1.6,3,4,1,73.3,False,3,8.3,613403,9.5,5.5,Art. 97,Cross-Border Dispute,129093.96,Review charges -> Evaluate evidence -> Determine verdict,423007.58,0.46,0.3
FLC-2024-1072,Region E,2020,Civil,Dismissed,False,397129.04,8.8,6.3,6.5,8.9,5.3,7.8,8.4,8.8,4,4.3,5.7,3.0,4,4,3,121.8,False,8,6.9,481293,5.3,8.8,Art. 45 Civil Code,Breach of Contract,64616.96,Check applicable law -> Compute damages -> Advise resolution,84992.76,0.21,0.79
FLC-2025-1073,Region C,2024,Commercial,Settlement,False,336979.65,5.4,6.1,7.4,9.0,4.2,4.7,5.8,5.4,2,3.8,5.7,6.3,1,0,1,191.4,False,7,8.9,260158,6.8,7.6,Art. 25 CISG,Cross-Border Dispute,46204.5,Assess plaintiff claims -> Review evidence -> Determine outcome,175294.13,0.52,0.53
FLC-2023-1074,Region C,2016,Civil,Win,False,5450034.78,7.5,8.0,7.4,6.0,9.2,8.1,5.8,7.5,3,6.4,8.7,8.9,5,3,0,97.9,True,3,5.2,722688,7.5,5.6,Art. 45 Civil Code,Breach of Contract,65527.2,Review charges -> Evaluate evidence -> Determine verdict,1079144.19,0.2,0.67
FLC-2024-1075,Region A,2024,Administrative,Settlement,True,651206.83,3.7,8.0,6.8,9.6,8.9,6.4,10.0,3.7,0,4.3,9.0,5.8,7,0,0,112.7,False,5,5.9,126373,6.2,8.6,Art. 5 Admin Law,Regulatory Violation,243846.71,Review charges -> Evaluate evidence -> Determine verdict,373551.83,0.57,0.81
FLC-2025-1076,Region D,2017,International Treaty,Settlement,True,1875809.34,1.0,7.2,9.3,9.0,7.9,7.6,8.1,1.0,1,0.9,7.5,4.2,6,2,0,190.4,True,9,6.3,481519,8.1,5.9,Art. 97,Cross-Border Dispute,64988.87,Assess plaintiff claims -> Review evidence -> Determine outcome,1806293.26,0.96,0.52
FLC-2023-1077,Region C,2021,International Treaty,Loss,True,970445.5,0.8,7.3,9.0,8.1,7.5,9.8,8.1,0.8,2,0.7,8.5,6.6,4,2,2,99.6,True,7,8.2,469836,7.3,9.9,Art. 97,Cross-Border Dispute,323855.0,Assess plaintiff claims -> Review evidence -> Determine outcome,970445.5,1.0,0.57
FLC-2024-1078,Region A,2022,Commercial,Win,False,259927.07,4.0,7.8,8.9,8.8,5.6,7.4,7.2,4.0,0,1.9,7.7,6.2,7,2,4,50.2,True,6,5.0,210290,7.0,9.8,Art. 25 CISG,Cross-Border Dispute,118454.1,Assess plaintiff claims -> Review evidence -> Determine outcome,96951.37,0.37,0.64
FLC-2025-1079,Region C,2017,Criminal,Loss,True,214170.63,2.8,9.2,6.8,7.1,7.2,7.1,8.6,2.8,2,2.8,8.0,7.9,9,0,3,45.0,True,3,6.5,540520,9.5,5.1,Art. 12 Penal Code,Fraud,106843.58,Check applicable law -> Compute damages -> Advise resolution,165851.93,0.77,0.79
FLC-2023-1080,Region E,2023,Criminal,Settlement,False,3277296.89,3.2,8.7,9.1,10.0,6.0,9.2,9.8,3.2,4,1.2,7.4,0.6,6,1,2,56.7,True,3,5.2,323036,8.5,7.2,Art. 12 Penal Code,Fraud,105410.97,Analyze treaty -> Evaluate cross-border compliance -> Recommend settlement,1911264.94,0.58,0.48
FLC-2024-1081,Region B,2016,Civil,Settlement,True,424357.83,6.8,9.5,5.2,9.1,3.5,4.8,5.6,6.8,4,3.4,9.3,4.0,6,4,0,89.1,False,9,8.9,878866,7.0,5.8,Art. 45 Civil Code,Breach of Contract,183834.26,Review charges -> Evaluate evidence -> Determine verdict,197166.55,0.46,0.94
FLC-2025-1082,Region D,2023,Administrative,Win,False,1944218.69,8.1,6.1,8.4,6.8,8.0,8.9,8.3,8.1,0,6.2,8.2,3.3,9,2,1,63.1,True,9,9.0,532658,8.9,6.1,Art. 5 Admin Law,Regulatory Violation,29441.71,Analyze treaty -> Evaluate cross-border compliance -> Recommend settlement,513147.78,0.26,0.53
FLC-2023-1083,Region C,2015,International Treaty,Loss,False,775129.1,3.1,9.0,5.2,8.0,7.5,7.6,8.3,3.1,4,1.4,6.5,1.6,9,4,3,23.2,True,1,5.8,135979,6.2,8.0,Art. 97,Cross-Border Dispute,20611.96,Check jurisdiction -> Assess contract clauses -> Compute liability,559867.15,0.72,0.45
FLC-2024-1084,Region D,2015,Criminal,Settlement,False,81795.55,4.7,6.7,9.3,5.7,7.5,8.1,8.3,4.7,1,5.7,8.4,2.4,7,1,3,160.2,False,2,9.4,320858,7.4,9.5,Art. 12 Penal Code,Fraud,131378.4,Check applicable law -> Compute damages -> Advise resolution,42864.65,0.52,0.69
FLC-2025-1085,Region D,2023,International Treaty,Loss,True,149875.31,1.5,8.9,8.8,9.1,4.3,5.6,6.5,1.5,3,1.3,6.0,0.7,9,1,4,147.1,False,1,7.8,735818,6.7,9.9,Art. 97,Cross-Border Dispute,138691.0,Check applicable law -> Compute damages -> Advise resolution,149875.31,1.0,0.63
FLC-2023-1086,Region C,2018,Criminal,Win,False,759826.1,6.2,8.8,6.1,5.8,7.4,4.5,5.2,6.2,4,4.6,5.0,7.0,7,3,4,157.9,False,8,8.5,510957,5.0,6.8,Art. 12 Penal Code,Fraud,86660.26,Check jurisdiction -> Assess contract clauses -> Compute liability,327139.93,0.43,0.46
FLC-2024-1087,Region E,2018,Commercial,Loss,True,2166294.01,3.9,9.6,9.4,6.0,5.5,8.6,6.0,3.9,4,3.3,9.1,9.8,2,4,3,59.2,False,8,8.5,989829,5.1,6.4,Art. 25 CISG,Cross-Border Dispute,326910.71,Check jurisdiction -> Assess contract clauses -> Compute liability,1596362.49,0.74,0.66
FLC-2025-1088,Region C,2017,Administrative,Win,False,509360.29,7.5,9.5,8.0,6.2,5.2,7.7,8.0,7.5,2,6.7,7.6,3.6,8,4,2,117.3,False,2,5.7,668292,5.3,6.4,Art. 5 Admin Law,Regulatory Violation,108758.04,Assess plaintiff claims -> Review evidence -> Determine outcome,131383.41,0.26,0.58
FLC-2023-1089,Region D,2019,Civil,Dismissed,False,675577.65,9.2,8.2,9.8,5.8,9.0,6.5,8.7,9.2,4,8.8,9.5,9.6,1,0,1,140.6,False,3,5.6,231888,6.9,8.3,Art. 45 Civil Code,Breach of Contract,88972.1,Review charges -> Evaluate evidence -> Determine verdict,147919.57,0.22,0.67
FLC-2024-1090,Region C,2022,Criminal,Loss,True,430388.71,2.7,8.4,8.8,5.2,5.8,8.6,9.5,2.7,2,1.2,5.2,8.8,7,0,0,31.4,True,2,6.7,200965,7.0,7.3,Art. 12 Penal Code,Fraud,116045.45,Review charges -> Evaluate evidence -> Determine verdict,302249.73,0.7,0.66
FLC-2025-1091,Region A,2024,International Treaty,Loss,True,221542.91,0.0,6.9,8.6,7.8,8.6,6.7,7.5,0.0,0,0.5,6.1,3.9,2,2,2,65.7,True,3,8.0,389183,5.1,6.6,Art. 97,Cross-Border Dispute,176105.79,Check jurisdiction -> Assess contract clauses -> Compute liability,180114.63,0.81,0.74
FLC-2023-1092,Region C,2021,Civil,Win,True,495796.45,3.1,8.5,5.6,7.6,6.1,5.9,9.2,3.1,0,3.3,5.3,2.7,7,1,4,122.1,True,1,7.8,247740,5.6,7.5,Art. 45 Civil Code,Breach of Contract,220003.6,Check applicable law -> Compute damages -> Advise resolution,286111.12,0.58,0.92
FLC-2024-1093,Region A,2020,Commercial,Settlement,False,1130545.82,5.9,9.5,9.5,9.2,5.8,5.0,6.7,5.9,1,4.5,7.5,2.1,3,2,1,139.1,True,0,7.9,362741,7.5,5.5,Art. 25 CISG,Cross-Border Dispute,147786.44,Analyze treaty -> Evaluate cross-border compliance -> Recommend settlement,512919.24,0.45,0.61
FLC-2025-1094,Region B,2015,Civil,Win,True,206007.45,6.9,9.0,8.5,8.3,4.1,4.3,7.5,6.9,3,4.8,8.1,0.7,1,0,2,91.2,True,8,5.4,427669,9.4,9.9,Art. 45 Civil Code,Breach of Contract,140060.06,Review charges -> Evaluate evidence -> Determine verdict,77513.98,0.38,0.77
FLC-2023-1095,Region B,2021,Civil,Settlement,True,168839.89,4.1,4.2,7.6,5.8,9.8,5.5,7.1,4.1,3,4.3,8.8,6.8,1,4,3,168.7,False,4,8.2,201879,8.9,5.4,Art. 45 Civil Code,Breach of Contract,161625.86,Review charges -> Evaluate evidence -> Determine verdict,79066.38,0.47,0.79
FLC-2024-1096,Region B,2022,International Treaty,Loss,True,76581.79,1.5,7.6,6.1,6.1,7.2,6.4,5.9,1.5,2,0.9,8.5,4.1,7,2,1,22.0,False,4,6.5,460976,5.6,8.0,Art. 97,Cross-Border Dispute,144797.67,Check jurisdiction -> Assess contract clauses -> Compute liability,71339.47,0.93,0.59
FLC-2025-1097,Region C,2020,Administrative,Loss,True,807928.17,4.3,9.9,8.6,10.0,6.2,4.8,8.6,4.3,1,3.0,5.2,0.1,2,3,0,140.8,False,0,5.4,879050,6.6,7.0,Art. 5 Admin Law,Regulatory Violation,207661.78,Check applicable law -> Compute damages -> Advise resolution,461020.05,0.57,0.82
FLC-2023-1098,Region A,2023,Commercial,Loss,False,382116.85,5.4,7.0,8.3,8.6,8.4,8.0,9.0,5.4,4,4.6,9.5,1.8,6,1,0,82.3,False,2,5.8,681345,8.7,8.0,Art. 25 CISG,Cross-Border Dispute,188636.44,Analyze treaty -> Evaluate cross-border compliance -> Recommend settlement,176484.81,0.46,0.34
FLC-2024-1099,Region C,2016,Civil,Win,False,164459.5,10.0,9.5,8.2,9.2,6.9,6.8,7.6,10.0,2,8.5,8.3,9.0,7,0,2,91.2,True,8,7.5,593251,5.2,9.7,Art. 45 Civil Code,Breach of Contract,12548.9,Check applicable law -> Compute damages -> Advise resolution,15131.39,0.09,0.66
FLC-2025-1100,Region A,2021,Commercial,Win,True,529146.66,4.0,8.9,9.9,7.3,5.3,9.6,7.5,4.0,4,4.1,9.8,9.4,2,3,4,24.4,False,3,5.7,442445,7.4,6.1,Art. 25 CISG,Cross-Border Dispute,304186.24,Check applicable law -> Compute damages -> Advise resolution,329938.41,0.62,0.83
FLC-2023-1101,Region D,2020,Criminal,Loss,False,152005.48,4.1,6.0,8.5,6.5,6.5,8.9,5.8,4.1,2,3.1,9.8,6.4,6,3,4,61.8,True,9,5.2,704903,5.2,7.4,Art. 12 Penal Code,Fraud,29006.98,Analyze treaty -> Evaluate cross-border compliance -> Recommend settlement,57689.66,0.38,0.67
FLC-2024-1102,Region E,2015,International Treaty,Settlement,False,586869.9,1.2,5.1,6.3,7.7,5.0,7.3,8.5,1.2,3,1.2,9.8,4.4,5,0,0,136.3,True,0,8.1,13854,5.2,5.8,Art. 97,Cross-Border Dispute,354315.28,Analyze treaty -> Evaluate cross-border compliance -> Recommend settlement,433680.89,0.74,0.39
FLC-2025-1103,Region A,2020,Administrative,Settlement,False,895767.12,7.8,6.4,5.2,6.1,3.5,6.3,9.2,7.8,0,7.0,9.2,6.6,9,2,1,135.7,True,4,9.8,566600,6.2,7.2,Art. 5 Admin Law,Regulatory Violation,14022.34,Check jurisdiction -> Assess contract clauses -> Compute liability,331278.47,0.37,0.6
FLC-2023-1104,Region A,2018,International Treaty,Settlement,False,378735.59,3.6,6.5,9.3,8.2,3.9,4.2,6.2,3.6,0,2.7,6.3,0.3,4,2,1,154.6,False,0,8.9,342774,9.2,7.7,Art. 97,Cross-Border Dispute,50246.0,Check applicable law -> Compute damages -> Advise resolution,240757.42,0.64,0.38
FLC-2024-1105,Region C,2023,Civil,Win,True,677074.64,6.9,7.2,7.8,5.4,7.6,7.8,8.8,6.9,2,6.0,6.5,6.5,4,0,1,23.2,True,9,9.2,522272,9.0,6.5,Art. 45 Civil Code,Breach of Contract,141954.02,Check applicable law -> Compute damages -> Advise resolution,261156.62,0.39,0.96
FLC-2025-1106,Region A,2019,Commercial,Loss,False,547740.18,5.5,5.2,5.5,6.6,8.8,7.9,5.8,5.5,1,3.5,6.0,8.4,1,2,3,74.5,False,9,8.5,599510,5.9,5.6,Art. 25 CISG,Cross-Border Dispute,101797.01,Review charges -> Evaluate evidence -> Determine verdict,221542.71,0.4,0.41
FLC-2023-1107,Region E,2023,Administrative,Loss,False,1154444.89,6.8,7.5,5.0,8.6,5.9,5.2,8.8,6.8,3,5.0,9.1,2.2,8,3,4,124.5,True,6,6.2,955455,8.1,7.6,Art. 5 Admin Law,Regulatory Violation,1167.58,Check jurisdiction -> Assess contract clauses -> Compute liability,493015.0,0.43,0.72
FLC-2024-1108,Region E,2024,Administrative,Settlement,False,322886.61,6.2,5.1,5.7,6.7,3.3,6.6,8.0,6.2,0,4.6,7.0,5.1,9,0,0,167.5,False,6,6.8,805758,9.1,6.3,Art. 5 Admin Law,Regulatory Violation,60710.75,Check jurisdiction -> Assess contract clauses -> Compute liability,111494.2,0.35,0.54
FLC-2025-1109,Region A,2023,Commercial,Win,False,1523067.13,4.2,7.8,6.5,8.0,8.4,9.9,9.6,4.2,3,3.7,8.1,4.3,7,4,1,49.9,False,4,9.8,738950,7.1,5.3,Art. 25 CISG,Cross-Border Dispute,123425.38,Check jurisdiction -> Assess contract clauses -> Compute liability,668277.57,0.44,0.35
FLC-2023-1110,Region C,2015,Commercial,Loss,True,1248587.94,3.2,9.5,7.8,7.9,5.2,9.8,8.1,3.2,0,2.0,8.9,0.2,9,1,0,159.2,True,3,7.2,400568,5.2,6.1,Art. 25 CISG,Cross-Border Dispute,78331.74,Check applicable law -> Compute damages -> Advise resolution,1044937.62,0.84,0.77
FLC-2024-1111,Region B,2024,International Treaty,Loss,True,803541.94,0.0,5.7,7.0,9.7,4.8,7.2,5.1,0.0,3,0.0,9.4,5.0,3,0,3,179.3,False,5,6.0,564611,6.9,7.5,Art. 97,Cross-Border Dispute,365842.0,Check applicable law -> Compute damages -> Advise resolution,803541.94,1.0,0.64
FLC-2025-1112,Region D,2018,Administrative,Loss,True,678200.75,3.0,5.0,6.2,9.8,6.1,7.1,6.6,3.0,2,2.5,8.5,9.1,6,2,3,145.2,True,1,9.4,452739,8.6,9.2,Art. 5 Admin Law,Regulatory Violation,384598.43,Assess plaintiff claims -> Review evidence -> Determine outcome,560806.32,0.83,0.9
FLC-2023-1113,Region A,2017,Administrative,Loss,True,1102550.45,1.4,8.2,6.9,7.5,7.5,6.6,9.0,1.4,2,0.4,7.8,3.2,3,4,3,69.8,True,0,5.5,290149,9.8,6.9,Art. 5 Admin Law,Regulatory Violation,10901.07,Analyze treaty -> Evaluate cross-border compliance -> Recommend settlement,840605.56,0.76,0.77
FLC-2024-1114,Region D,2015,International Treaty,Settlement,True,2481610.64,1.0,6.6,7.7,5.1,8.8,7.1,5.8,1.0,3,0.0,7.6,0.7,6,0,1,30.5,True,9,9.2,835640,6.0,9.7,Art. 97,Cross-Border Dispute,383283.84,Check applicable law -> Compute damages -> Advise resolution,2283026.26,0.92,0.62
FLC-2025-1115,Region E,2019,International Treaty,Settlement,False,104110.63,4.8,7.9,5.3,6.4,4.5,5.2,8.4,4.8,1,5.3,6.6,6.9,2,1,4,50.1,False,7,8.2,412126,7.1,6.0,Art. 97,Cross-Border Dispute,4172.57,Check applicable law -> Compute damages -> Advise resolution,45217.97,0.43,0.46
FLC-2023-1116,Region C,2023,Civil,Win,False,456453.05,9.9,8.5,6.5,8.3,3.3,5.8,6.2,9.9,0,6.9,5.1,6.6,2,1,0,153.4,True,1,8.6,922004,9.1,9.5,Art. 45 Civil Code,Breach of Contract,17278.65,Check jurisdiction -> Assess contract clauses -> Compute liability,36923.32,0.08,0.68
FLC-2024-1117,Region D,2018,Civil,Loss,True,195153.62,5.9,9.1,5.1,5.5,3.8,7.2,8.1,5.9,4,4.7,8.8,3.9,7,1,2,22.5,True,2,7.7,58276,6.3,9.1,Art. 45 Civil Code,Breach of Contract,182926.95,Review charges -> Evaluate evidence -> Determine verdict,91647.38,0.47,0.93
FLC-2025-1118,Region A,2023,International Treaty,Loss,True,703644.5,2.8,8.5,7.2,5.2,7.8,6.7,9.4,2.8,1,0.1,6.8,7.2,7,3,2,187.3,True,3,6.2,210033,6.7,5.2,Art. 97,Cross-Border Dispute,217228.86,Check jurisdiction -> Assess contract clauses -> Compute liability,594012.51,0.84,0.48
FLC-2023-1119,Region A,2020,Civil,Win,False,2636552.52,6.9,8.6,8.5,6.8,5.2,4.0,5.3,6.9,4,7.3,7.6,9.9,5,0,0,110.7,True,1,9.5,967992,8.2,7.1,Art. 45 Civil Code,Breach of Contract,72497.97,Review charges -> Evaluate evidence -> Determine verdict,518455.54,0.2,0.83
FLC-2024-1120,Region A,2022,Criminal,Loss,True,2016239.7,0.7,4.4,7.4,5.1,7.3,7.5,9.0,0.7,2,0.5,9.2,7.0,3,1,4,52.3,False,2,7.0,490355,9.7,7.6,Art. 12 Penal Code,Fraud,373418.37,Analyze treaty -> Evaluate cross-border compliance -> Recommend settlement,1745642.72,0.87,0.81
FLC-2025-1121,Region B,2023,Civil,Win,False,2279113.56,9.1,5.0,9.3,8.9,7.3,9.1,6.7,9.1,1,6.9,5.8,2.7,3,2,2,165.4,True,0,9.6,798200,5.4,5.9,Art. 45 Civil Code,Breach of Contract,55177.18,Review charges -> Evaluate evidence -> Determine verdict,292615.6,0.13,0.79
FLC-2023-1122,Region E,2020,Civil,Settlement,True,359154.3,5.2,9.8,7.5,6.9,4.1,6.5,6.5,5.2,0,4.6,8.5,0.2,7,4,0,159.3,True,8,7.1,289618,9.0,8.5,Art. 45 Civil Code,Breach of Contract,15915.82,Check applicable law -> Compute damages -> Advise resolution,167695.48,0.47,0.99
FLC-2024-1123,Region D,2020,Criminal,Loss,False,857639.89,6.4,7.4,5.6,9.4,4.0,4.9,6.0,6.4,3,4.7,10.0,8.6,5,0,1,198.1,False,4,7.8,565980,9.7,8.5,Art. 12 Penal Code,Fraud,25762.03,Assess plaintiff claims -> Review evidence -> Determine outcome,343429.68,0.4,0.62
FLC-2025-1124,Region B,2024,International Treaty,Loss,True,2038529.06,0.3,4.4,6.7,6.4,3.7,6.2,6.5,0.3,3,0.0,9.9,6.6,6,1,1,152.8,True,1,5.8,888555,5.0,9.2,Art. 97,Cross-Border Dispute,262623.2,Assess plaintiff claims -> Review evidence -> Determine outcome,1716205.05,0.84,0.56
FLC-2023-1125,Region A,2022,Criminal,Settlement,False,153216.95,4.3,8.0,8.7,5.7,4.4,8.1,9.3,4.3,1,4.8,8.7,7.7,8,0,4,180.1,False,3,6.4,377455,8.0,7.8,Art. 12 Penal Code,Fraud,38836.06,Check jurisdiction -> Assess contract clauses -> Compute liability,79287.16,0.52,0.5
FLC-2024-1126,Region E,2024,Administrative,Win,True,733672.98,5.9,6.4,5.2,9.5,8.1,5.6,7.5,5.9,1,5.6,6.7,5.2,2,3,0,131.5,True,5,9.7,109702,8.2,7.1,Art. 5 Admin Law,Regulatory Violation,107204.26,Assess plaintiff claims -> Review evidence -> Determine outcome,340512.21,0.46,0.86
FLC-2025-1127,Region A,2018,Criminal,Win,True,664197.95,1.6,5.5,8.1,8.6,9.2,6.0,9.3,1.6,4,2.9,6.6,9.5,6,1,0,74.8,False,9,7.0,343445,7.8,9.1,Art. 12 Penal Code,Fraud,272226.94,Analyze treaty -> Evaluate cross-border compliance -> Recommend settlement,442389.57,0.67,0.79
FLC-2023-1128,Region A,2016,Criminal,Settlement,True,1681749.8,0.4,7.6,9.2,6.2,8.7,5.3,9.7,0.4,1,0.0,8.3,7.0,5,0,3,114.0,True,7,6.6,935486,6.1,8.7,Art. 12 Penal Code,Fraud,3742.28,Check applicable law -> Compute damages -> Advise resolution,1314723.26,0.78,0.87
FLC-2024-1129,Region C,2018,Criminal,Settlement,True,123872.32,0.0,6.0,7.2,9.5,5.5,6.9,9.5,0.0,3,0.0,6.2,3.2,6,1,3,107.2,False,0,8.7,178736,6.9,8.2,Art. 12 Penal Code,Fraud,355068.78,Review charges -> Evaluate evidence -> Determine verdict,120635.76,0.97,0.66
FLC-2025-1130,Region B,2017,Administrative,Loss,True,285712.72,3.2,7.2,6.3,9.5,6.1,8.9,5.4,3.2,1,3.5,7.9,7.2,6,1,3,168.5,False,0,8.6,631931,6.3,7.5,Art. 5 Admin Law,Regulatory Violation,232141.29,Analyze treaty -> Evaluate cross-border compliance -> Recommend settlement,240967.13,0.84,0.73
FLC-2023-1131,Region B,2015,Administrative,Win,False,1455497.19,7.3,7.5,8.6,6.3,8.9,9.7,7.5,7.3,4,7.8,9.4,6.9,9,1,1,148.2,True,9,6.1,680595,7.6,7.8,Art. 5 Admin Law,Regulatory Violation,92455.3,Analyze treaty -> Evaluate cross-border compliance -> Recommend settlement,429083.86,0.29,0.57
FLC-2024-1132,Region A,2015,Criminal,Settlement,False,525166.91,5.8,9.3,7.9,5.1,9.9,7.0,7.4,5.8,0,6.5,5.0,5.7,6,1,2,172.6,False,1,5.7,531841,9.7,7.8,Art. 12 Penal Code,Fraud,73986.8,Review charges -> Evaluate evidence -> Determine verdict,211890.5,0.4,0.52
FLC-2025-1133,Region B,2018,Administrative,Win,True,260310.46,5.7,9.1,8.6,6.4,7.2,6.6,5.0,5.7,4,5.0,5.6,5.1,3,4,3,34.2,True,8,7.0,861364,9.9,7.9,Art. 5 Admin Law,Regulatory Violation,28132.64,Review charges -> Evaluate evidence -> Determine verdict,116971.28,0.45,0.73
FLC-2023-1134,Region C,2022,International Treaty,Loss,True,132921.38,0.6,9.9,10.0,8.7,4.8,9.7,6.1,0.6,4,2.7,6.4,7.3,3,1,2,174.7,True,7,8.6,90591,7.6,8.4,Art. 97,Cross-Border Dispute,191451.57,Review charges -> Evaluate evidence -> Determine verdict,104132.09,0.78,0.74
FLC-2024-1135,Region B,2018,Criminal,Settlement,False,385477.15,3.5,9.7,9.9,6.2,7.7,9.0,6.2,3.5,3,2.0,6.6,0.7,7,2,1,186.8,True,5,8.2,777608,8.9,8.1,Art. 12 Penal Code,Fraud,231605.65,Check jurisdiction -> Assess contract clauses -> Compute liability,213251.72,0.55,0.64
FLC-2025-1136,Region B,2024,Criminal,Win,False,5752551.53,3.7,5.5,6.8,9.7,6.4,7.3,9.4,3.7,0,1.1,6.3,8.2,6,2,0,155.2,True,3,8.2,510433,5.6,6.6,Art. 12 Penal Code,Fraud,189789.82,Check applicable law -> Compute damages -> Advise resolution,3098580.92,0.54,0.59
FLC-2023-1137,Region C,2018,Civil,Settlement,True,528056.86,5.1,7.9,6.3,9.3,5.3,9.5,7.4,5.1,1,2.6,5.8,1.0,2,3,3,171.0,True,6,6.7,542755,9.1,7.3,Art. 45 Civil Code,Breach of Contract,114764.02,Assess plaintiff claims -> Review evidence -> Determine outcome,264760.95,0.5,0.84
FLC-2024-1138,Region D,2024,Commercial,Win,False,82961.96,4.5,10.0,9.9,5.9,7.4,7.2,5.8,4.5,1,3.3,7.1,1.4,5,4,1,101.9,True,6,6.6,18572,6.6,7.4,Art. 25 CISG,Cross-Border Dispute,27967.82,Review charges -> Evaluate evidence -> Determine verdict,41622.1,0.5,0.49
FLC-2025-1139,Region A,2015,Civil,Loss,True,447458.13,4.5,7.5,8.9,9.1,4.4,6.4,8.1,4.5,4,4.5,7.6,1.1,9,4,1,27.1,False,1,6.8,682793,7.8,6.9,Art. 45 Civil Code,Breach of Contract,135485.92,Analyze treaty -> Evaluate cross-border compliance -> Recommend settlement,223741.32,0.5,0.98
FLC-2023-1140,Region D,2018,Civil,Loss,True,379608.39,5.6,7.8,8.1,8.5,7.5,8.0,8.6,5.6,4,6.8,6.7,2.3,4,4,2,24.8,False,7,9.0,104738,5.1,8.0,Art. 45 Civil Code,Breach of Contract,86013.54,Analyze treaty -> Evaluate cross-border compliance -> Recommend settlement,147937.63,0.39,0.96
FLC-2024-1141,Region A,2021,Criminal,Win,False,728295.47,6.3,8.4,8.7,9.3,9.5,8.7,6.2,6.3,2,6.6,9.9,6.2,8,0,2,170.4,False,4,7.5,356537,7.8,6.1,Art. 12 Penal Code,Fraud,38856.24,Analyze treaty -> Evaluate cross-border compliance -> Recommend settlement,234995.16,0.32,0.73
FLC-2025-1142,Region B,2017,Civil,Settlement,True,1797344.73,6.1,9.5,8.2,7.0,4.8,9.4,5.1,6.1,0,5.0,9.7,6.5,8,3,3,170.0,False,9,6.2,37738,6.0,5.8,Art. 45 Civil Code,Breach of Contract,244295.6,Check applicable law -> Compute damages -> Advise resolution,937547.3,0.52,0.83
FLC-2023-1143,Region E,2018,Criminal,Loss,True,354734.98,2.3,7.5,8.9,6.9,6.0,6.2,6.6,2.3,2,2.0,6.4,2.2,9,0,1,49.7,False,2,9.7,203768,6.4,7.3,Art. 12 Penal Code,Fraud,23941.87,Check applicable law -> Compute damages -> Advise resolution,288006.32,0.81,0.85
FLC-2024-1144,Region E,2020,Administrative,Loss,True,541851.98,4.5,9.3,6.5,5.4,3.6,7.3,10.0,4.5,2,3.1,5.3,1.0,6,3,1,184.8,False,8,6.2,337759,9.0,9.2,Art. 5 Admin Law,Regulatory Violation,60316.81,Analyze treaty -> Evaluate cross-border compliance -> Recommend settlement,346381.05,0.64,0.92
FLC-2025-1145,Region D,2016,Administrative,Win,False,356119.26,6.3,7.5,9.1,6.8,5.4,6.8,8.2,6.3,0,4.6,5.2,0.4,6,4,4,66.2,True,6,9.4,360049,9.3,8.5,Art. 5 Admin Law,Regulatory Violation,63336.32,Analyze treaty -> Evaluate cross-border compliance -> Recommend settlement,67863.81,0.19,0.69
FLC-2023-1146,Region C,2018,Commercial,Dismissed,False,448238.73,6.9,6.1,8.0,7.9,7.1,7.4,6.6,6.9,1,4.4,6.0,4.6,9,1,2,25.5,True,5,8.8,19403,7.1,7.0,Art. 25 CISG,Cross-Border Dispute,3975.42,Analyze treaty -> Evaluate cross-border compliance -> Recommend settlement,99962.75,0.22,0.45
FLC-2024-1147,Region B,2022,International Treaty,Settlement,True,968787.05,1.6,7.1,8.7,8.5,8.3,6.7,5.9,1.6,4,1.2,7.9,1.4,7,1,0,193.7,True,3,6.4,242310,8.8,7.0,Art. 97,Cross-Border Dispute,394778.18,Assess plaintiff claims -> Review evidence -> Determine outcome,854631.15,0.88,0.63
FLC-2025-1148,Region B,2022,Administrative,Win,False,385918.43,10.0,9.1,8.5,9.9,8.5,6.7,8.4,10.0,3,7.8,8.4,1.1,4,0,2,46.0,False,5,9.7,682913,5.5,9.0,Art. 5 Admin Law,Regulatory Violation,19438.8,Check applicable law -> Compute damages -> Advise resolution,64522.67,0.17,0.45
FLC-2023-1149,Region B,2022,Commercial,Settlement,True,683224.31,5.3,7.0,6.5,7.6,7.7,8.7,8.6,5.3,3,4.7,9.3,9.9,1,0,4,48.1,True,1,8.8,975031,9.0,7.5,Art. 25 CISG,Cross-Border Dispute,21094.94,Review charges -> Evaluate evidence -> Determine verdict,311038.2,0.46,0.69
FLC-2024-1150,Region E,2020,Administrative,Win,False,193420.06,6.7,5.9,5.3,5.8,9.0,7.5,8.9,6.7,0,5.4,9.1,5.5,3,1,1,165.8,False,1,7.8,803403,8.6,5.3,Art. 5 Admin Law,Regulatory Violation,119498.05,Analyze treaty -> Evaluate cross-border compliance -> Recommend settlement,52551.41,0.27,0.59
FLC-2025-1151,Region D,2017,Administrative,Loss,False,36316.98,6.2,9.9,9.2,7.1,7.3,4.7,6.9,6.2,0,4.6,6.1,3.1,8,2,2,167.7,True,3,9.2,653330,5.2,6.2,Art. 5 Admin Law,Regulatory Violation,61522.7,Check jurisdiction -> Assess contract clauses -> Compute liability,17064.33,0.47,0.7
FLC-2023-1152,Region B,2015,Commercial,Loss,False,146816.79,5.7,9.4,5.7,8.3,4.7,7.9,5.4,5.7,4,3.2,9.3,8.1,3,1,2,156.6,True,8,6.7,750742,6.8,5.7,Art. 25 CISG,Cross-Border Dispute,309727.37,Review charges -> Evaluate evidence -> Determine verdict,94721.97,0.65,0.45
FLC-2024-1153,Region A,2022,International Treaty,Settlement,True,1233657.12,5.1,4.2,5.6,8.7,5.6,6.0,9.4,5.1,1,2.2,9.5,8.9,3,3,3,193.4,True,5,9.5,872135,8.5,7.6,Art. 97,Cross-Border Dispute,175515.83,Check applicable law -> Compute damages -> Advise resolution,873946.45,0.71,0.77
FLC-2025-1154,Region E,2022,International Treaty,Settlement,True,741789.59,1.4,9.0,8.3,6.5,4.3,4.5,7.9,1.4,2,0.0,9.2,5.3,4,0,3,119.1,False,6,8.6,603265,5.1,9.7,Art. 97,Cross-Border Dispute,230509.16,Check applicable law -> Compute damages -> Advise resolution,677789.3,0.91,0.62
FLC-2023-1155,Region B,2021,Civil,Win,False,946515.72,7.6,9.1,9.0,7.5,5.2,6.4,9.8,7.6,0,6.6,8.6,6.5,2,4,3,51.4,True,7,7.0,247349,6.6,8.5,Art. 45 Civil Code,Breach of Contract,72775.39,Check applicable law -> Compute damages -> Advise resolution,234449.21,0.25,0.66
FLC-2024-1156,Region B,2020,Civil,Win,False,432535.88,8.1,4.8,6.9,7.7,3.5,7.6,10.0,8.1,3,5.4,9.4,0.3,1,3,2,45.0,False,6,8.6,329467,9.1,6.1,Art. 45 Civil Code,Breach of Contract,32276.28,Analyze treaty -> Evaluate cross-border compliance -> Recommend settlement,89446.03,0.21,0.53
FLC-2025-1157,Region D,2017,Criminal,Settlement,True,1868843.97,2.0,7.7,9.9,9.7,3.1,4.5,8.8,2.0,2,2.0,9.0,2.7,9,4,1,67.1,False,3,9.4,806741,5.7,6.1,Art. 12 Penal Code,Fraud,61481.12,Check jurisdiction -> Assess contract clauses -> Compute liability,1338661.15,0.72,0.93
FLC-2023-1158,Region D,2019,Administrative,Settlement,True,116607.38,5.5,7.7,9.5,6.0,3.6,7.8,7.0,5.5,1,4.6,6.5,10.0,1,4,2,133.2,True,5,6.7,261668,7.4,7.3,Art. 5 Admin Law,Regulatory Violation,232016.32,Check applicable law -> Compute damages -> Advise resolution,58900.35,0.51,0.9
FLC-2024-1159,Region D,2021,Administrative,Settlement,True,116407.63,4.7,5.7,6.7,7.8,3.3,9.5,5.5,4.7,1,3.8,5.5,2.6,8,0,2,150.4,True,7,9.4,752419,6.9,6.9,Art. 5 Admin Law,Regulatory Violation,243375.93,Assess plaintiff claims -> Review evidence -> Determine outcome,62666.59,0.54,0.86
FLC-2025-1160,Region E,2018,Civil,Dismissed,False,398124.02,6.2,9.5,6.8,8.5,7.5,8.0,8.2,6.2,4,3.4,5.7,9.8,4,2,0,84.8,True,5,5.8,947522,9.5,7.0,Art. 45 Civil Code,Breach of Contract,39597.06,Assess plaintiff claims -> Review evidence -> Determine outcome,100733.18,0.25,0.76
FLC-2023-1161,Region E,2021,Administrative,Settlement,False,281659.14,5.3,8.5,6.4,8.2,5.2,6.7,6.9,5.3,1,4.7,8.3,9.3,7,3,2,45.8,True,1,9.6,214268,5.7,6.1,Art. 5 Admin Law,Regulatory Violation,163324.69,Review charges -> Evaluate evidence -> Determine verdict,111121.86,0.39,0.62
FLC-2024-1162,Region E,2017,Civil,Win,False,1999842.22,8.4,5.2,9.1,8.4,6.3,9.5,7.0,8.4,4,7.3,5.4,9.5,3,3,0,130.7,False,7,6.5,157009,9.5,6.2,Art. 45 Civil Code,Breach of Contract,109874.79,Check jurisdiction -> Assess contract clauses -> Compute liability,470966.48,0.24,0.75
FLC-2025-1163,Region C,2015,Civil,Settlement,True,632050.31,5.8,8.6,7.0,9.7,8.8,9.9,9.4,5.8,1,2.1,8.6,2.7,8,1,3,99.9,False,9,8.4,289232,8.6,9.4,Art. 45 Civil Code,Breach of Contract,170151.64,Check applicable law -> Compute damages -> Advise resolution,330291.99,0.52,0.84
FLC-2023-1164,Region B,2023,Civil,Dismissed,False,686296.02,7.1,7.3,6.1,5.1,7.2,8.3,9.4,7.1,4,5.4,9.6,9.9,9,4,4,141.3,True,0,9.8,244447,5.6,9.7,Art. 45 Civil Code,Breach of Contract,74434.35,Assess plaintiff claims -> Review evidence -> Determine outcome,173167.27,0.25,0.76
FLC-2024-1165,Region B,2019,Criminal,Loss,True,113457.57,0.5,9.1,8.9,5.3,4.2,6.0,6.3,0.5,3,0.0,8.8,7.7,8,2,3,192.9,True,6,5.3,144533,5.9,9.1,Art. 12 Penal Code,Fraud,309790.2,Assess plaintiff claims -> Review evidence -> Determine outcome,102987.97,0.91,0.86
FLC-2025-1166,Region C,2020,Administrative,Win,True,862418.46,5.1,8.3,7.9,7.4,7.0,7.4,6.5,5.1,0,4.5,9.5,6.0,2,1,2,156.2,False,1,9.0,660024,9.5,6.5,Art. 5 Admin Law,Regulatory Violation,232029.91,Analyze treaty -> Evaluate cross-border compliance -> Recommend settlement,424157.43,0.49,0.68
FLC-2023-1167,Region A,2018,Commercial,Settlement,False,220087.31,5.5,7.7,9.9,6.6,9.7,4.9,8.8,5.5,2,4.7,9.1,0.3,6,0,1,126.7,True,4,5.6,253868,7.3,5.3,Art. 25 CISG,Cross-Border Dispute,97636.55,Assess plaintiff claims -> Review evidence -> Determine outcome,109378.28,0.5,0.6
FLC-2024-1168,Region E,2022,Commercial,Settlement,False,829918.36,5.5,6.3,9.9,5.6,9.6,7.8,5.3,5.5,2,5.5,7.6,6.9,6,0,3,51.6,True,2,7.8,524058,9.1,5.4,Art. 25 CISG,Cross-Border Dispute,112651.9,Check applicable law -> Compute damages -> Advise resolution,377743.44,0.46,0.55
FLC-2025-1169,Region E,2016,International Treaty,Loss,False,1525444.66,2.2,6.6,9.4,5.8,9.2,10.0,5.3,2.2,3,0.5,9.4,6.9,5,3,4,126.4,False,8,6.1,47343,7.7,9.1,Art. 97,Cross-Border Dispute,339952.0,Check applicable law -> Compute damages -> Advise resolution,1233596.25,0.81,0.32
FLC-2023-1170,Region A,2024,Civil,Dismissed,True,240597.83,7.6,6.7,8.2,5.0,7.2,4.3,9.3,7.6,4,7.0,5.2,1.8,2,4,1,177.7,True,0,6.4,504861,7.8,5.2,Art. 45 Civil Code,Breach of Contract,57039.89,Check applicable law -> Compute damages -> Advise resolution,66674.8,0.28,0.98
FLC-2024-1171,Region A,2019,Criminal,Settlement,False,38263.95,2.9,5.9,5.7,6.8,7.7,8.4,7.3,2.9,2,2.1,8.8,6.6,7,2,0,118.6,True,5,5.6,199361,9.6,8.7,Art. 12 Penal Code,Fraud,87040.26,Check jurisdiction -> Assess contract clauses -> Compute liability,22862.88,0.6,0.54
FLC-2025-1172,Region B,2020,Civil,Settlement,True,561258.01,2.3,6.8,9.2,9.7,6.0,9.6,5.8,2.3,2,1.7,6.2,3.1,4,3,2,107.8,True,7,9.1,943063,9.3,7.8,Art. 45 Civil Code,Breach of Contract,192965.71,Check applicable law -> Compute damages -> Advise resolution,395282.85,0.7,0.8
FLC-2023-1173,Region E,2021,Civil,Win,False,771223.88,9.4,6.1,8.1,6.0,4.0,5.8,5.2,9.4,1,8.1,6.6,3.2,9,1,3,23.6,True,7,5.4,463501,9.7,6.4,Art. 45 Civil Code,Breach of Contract,50650.23,Check applicable law -> Compute damages -> Advise resolution,156587.65,0.2,0.81
FLC-2024-1174,Region A,2019,Commercial,Settlement,False,227080.48,6.8,7.8,9.4,8.3,8.9,6.8,8.6,6.8,0,6.5,6.6,4.1,2,0,1,178.0,False,6,7.6,254902,6.9,6.9,Art. 25 CISG,Cross-Border Dispute,33463.74,Check applicable law -> Compute damages -> Advise resolution,75897.02,0.33,0.52
FLC-2025-1175,Region E,2018,Civil,Settlement,True,728923.9,6.7,7.5,6.4,6.8,3.6,8.7,6.6,6.7,3,5.2,6.8,4.6,1,3,4,100.2,False,9,7.0,854692,5.2,9.2,Art. 45 Civil Code,Breach of Contract,98738.44,Analyze treaty -> Evaluate cross-border compliance -> Recommend settlement,331908.99,0.46,0.89
FLC-2023-1176,Region D,2020,International Treaty,Settlement,False,199353.42,5.5,8.8,8.4,7.5,8.8,5.4,9.2,5.5,3,3.4,6.7,1.5,1,4,4,187.8,False,5,7.6,906751,5.9,6.8,Art. 97,Cross-Border Dispute,112617.96,Assess plaintiff claims -> Review evidence -> Determine outcome,93107.68,0.47,0.38
FLC-2024-1177,Region B,2016,Commercial,Loss,True,397452.71,3.9,6.7,8.8,7.1,4.4,6.1,8.7,3.9,3,2.0,6.5,6.8,3,0,3,30.1,False,7,8.8,310996,5.5,7.1,Art. 25 CISG,Cross-Border Dispute,85322.92,Assess plaintiff claims -> Review evidence -> Determine outcome,282836.6,0.71,0.59
FLC-2025-1178,Region A,2019,Administrative,Dismissed,False,752791.63,9.4,8.3,5.2,6.3,4.2,5.1,7.5,9.4,2,9.6,5.8,7.4,4,1,4,142.6,True,5,6.6,998496,5.8,8.4,Art. 5 Admin Law,Regulatory Violation,16606.98,Assess plaintiff claims -> Review evidence -> Determine outcome,67163.43,0.09,0.55
FLC-2023-1179,Region E,2023,Commercial,Settlement,False,112907.83,4.8,7.9,9.8,9.2,6.7,5.2,5.0,4.8,0,3.8,5.1,0.4,8,4,0,73.7,True,8,9.2,808155,7.5,7.1,Art. 25 CISG,Cross-Border Dispute,177035.83,Analyze treaty -> Evaluate cross-border compliance -> Recommend settlement,53418.1,0.47,0.49
FLC-2024-1180,Region B,2020,International Treaty,Win,False,456994.26,3.8,6.0,9.7,5.3,6.8,4.5,7.2,3.8,4,3.8,9.7,0.1,7,3,4,131.9,True,3,9.3,426445,6.0,6.4,Art. 97,Cross-Border Dispute,49334.59,Analyze treaty -> Evaluate cross-border compliance -> Recommend settlement,263558.95,0.58,0.43
FLC-2025-1181,Region C,2022,Criminal,Loss,True,137762.54,0.4,6.0,9.3,6.1,9.2,8.0,9.8,0.4,2,0.6,8.2,5.6,9,3,1,25.7,True,6,5.1,346606,7.7,6.3,Art. 12 Penal Code,Fraud,176383.79,Check jurisdiction -> Assess contract clauses -> Compute liability,104668.83,0.76,0.76
FLC-2023-1182,Region B,2017,Commercial,Win,False,927237.36,7.9,5.7,8.5,6.8,4.3,6.2,9.3,7.9,4,5.9,9.9,8.4,4,3,4,35.8,True,9,6.4,753773,8.8,6.0,Art. 25 CISG,Cross-Border Dispute,90089.55,Analyze treaty -> Evaluate cross-border compliance -> Recommend settlement,238709.96,0.26,0.52
FLC-2024-1183,Region C,2015,Commercial,Win,False,2194684.65,5.0,6.7,6.8,5.8,8.9,6.3,7.6,5.0,4,3.5,8.7,9.0,5,0,2,49.7,False,7,6.5,445403,8.5,9.8,Art. 25 CISG,Cross-Border Dispute,148119.11,Analyze treaty -> Evaluate cross-border compliance -> Recommend settlement,1144448.0,0.52,0.69
FLC-2025-1184,Region A,2017,Criminal,Win,False,3957115.62,3.3,6.7,7.1,5.4,5.9,7.1,5.3,3.3,1,3.8,7.4,1.8,4,2,1,198.9,False,0,10.0,255488,6.4,7.8,Art. 12 Penal Code,Fraud,316245.42,Check jurisdiction -> Assess contract clauses -> Compute liability,2558366.13,0.65,0.77
FLC-2023-1185,Region C,2021,Administrative,Loss,True,1640031.59,2.6,5.7,9.1,5.0,5.3,8.0,9.5,2.6,3,2.9,8.5,5.6,7,3,1,52.8,True,7,8.5,584216,9.9,6.1,Art. 5 Admin Law,Regulatory Violation,2576.82,Check applicable law -> Compute damages -> Advise resolution,1299929.19,0.79,0.91
FLC-2024-1186,Region D,2022,International Treaty,Settlement,False,540089.96,2.5,8.0,8.8,6.6,9.5,9.6,5.2,2.5,3,1.0,8.9,0.8,1,4,2,146.6,False,1,6.8,133872,8.5,6.8,Art. 97,Cross-Border Dispute,325155.56,Assess plaintiff claims -> Review evidence -> Determine outcome,354107.53,0.66,0.42
FLC-2025-1187,Region D,2018,International Treaty,Loss,True,94726.45,0.0,8.0,5.7,5.1,8.5,4.0,6.7,0.0,2,1.2,7.9,5.9,2,1,3,118.5,False,6,7.4,980309,8.9,9.3,Art. 97,Cross-Border Dispute,328560.9,Review charges -> Evaluate evidence -> Determine verdict,85902.46,0.91,0.48
FLC-2023-1188,Region B,2022,Civil,Settlement,False,118090.5,6.8,4.6,7.4,9.3,8.1,8.3,6.8,6.8,0,3.7,7.4,7.5,3,0,2,105.5,True,3,5.1,599947,8.2,9.0,Art. 45 Civil Code,Breach of Contract,64004.65,Check jurisdiction -> Assess contract clauses -> Compute liability,46506.29,0.39,0.75
FLC-2024-1189,Region B,2015,Civil,Win,False,964768.88,8.0,7.0,7.4,5.7,9.0,4.5,6.6,8.0,3,8.0,7.5,8.8,6,2,4,166.4,False,4,5.8,378303,6.5,8.2,Art. 45 Civil Code,Breach of Contract,39446.95,Review charges -> Evaluate evidence -> Determine verdict,202026.73,0.21,0.76
FLC-2025-1190,Region E,2015,Civil,Win,False,1733810.75,9.4,6.3,9.1,7.5,9.0,9.4,8.0,9.4,2,7.5,9.1,2.3,2,1,2,93.3,True,3,7.3,644631,6.9,5.7,Art. 45 Civil Code,Breach of Contract,51915.46,Check jurisdiction -> Assess contract clauses -> Compute liability,293306.27,0.17,0.62
FLC-2023-1191,Region B,2015,International Treaty,Loss,True,2955520.46,0.9,9.7,9.5,5.6,5.6,6.2,5.6,0.9,4,0.0,9.7,4.5,9,0,4,190.6,True,3,9.8,322715,9.1,6.5,Art. 97,Cross-Border Dispute,36150.73,Assess plaintiff claims -> Review evidence -> Determine outcome,2383638.95,0.81,0.52
FLC-2024-1192,Region E,2019,International Treaty,Settlement,False,126961.42,5.5,5.8,6.9,9.8,3.6,8.9,6.7,5.5,2,4.6,10.0,3.5,1,4,1,114.3,False,8,6.3,321642,6.8,5.4,Art. 97,Cross-Border Dispute,47146.1,Check jurisdiction -> Assess contract clauses -> Compute liability,58143.86,0.46,0.4
FLC-2025-1193,Region E,2016,Administrative,Win,False,318821.38,6.5,7.2,8.4,6.7,8.1,5.9,7.0,6.5,0,6.0,6.8,5.4,5,4,4,33.2,True,3,7.9,741413,8.1,9.5,Art. 5 Admin Law,Regulatory Violation,227782.19,Review charges -> Evaluate evidence -> Determine verdict,152155.48,0.48,0.46
FLC-2023-1194,Region D,2021,Commercial,Loss,False,1763334.95,8.1,5.7,8.1,5.9,9.4,6.5,9.2,8.1,4,7.5,8.7,1.0,1,1,0,90.0,False,6,6.0,268805,7.5,5.3,Art. 25 CISG,Cross-Border Dispute,61625.01,Analyze treaty -> Evaluate cross-border compliance -> Recommend settlement,534156.22,0.3,0.46
FLC-2024-1195,Region C,2017,Commercial,Loss,True,641028.29,4.2,8.9,9.1,6.4,4.8,7.1,9.8,4.2,2,2.0,9.6,5.5,3,1,4,68.2,False,4,10.0,452736,7.5,9.2,Art. 25 CISG,Cross-Border Dispute,118960.19,Assess plaintiff claims -> Review evidence -> Determine outcome,469200.71,0.73,0.75
FLC-2025-1196,Region D,2023,Administrative,Settlement,True,153765.78,2.3,8.3,9.6,8.2,7.7,8.3,6.3,2.3,2,3.5,7.5,4.5,2,0,3,131.7,False,9,5.5,789726,7.0,9.2,Art. 5 Admin Law,Regulatory Violation,256742.38,Analyze treaty -> Evaluate cross-border compliance -> Recommend settlement,93470.04,0.61,0.84
FLC-2023-1197,Region D,2019,Administrative,Loss,False,2648234.01,8.2,8.4,5.7,9.2,7.2,9.6,9.3,8.2,4,6.7,8.8,1.9,7,0,4,173.2,False,8,7.8,402276,5.1,6.2,Art. 5 Admin Law,Regulatory Violation,29189.67,Analyze treaty -> Evaluate cross-border compliance -> Recommend settlement,1042172.72,0.39,0.6
FLC-2024-1198,Region B,2023,International Treaty,Settlement,True,238489.39,0.9,4.8,8.4,8.2,3.7,6.8,8.3,0.9,3,2.3,7.7,8.0,8,2,1,173.6,False,4,6.9,663214,6.5,6.2,Art. 97,Cross-Border Dispute,243045.07,Analyze treaty -> Evaluate cross-border compliance -> Recommend settlement,232009.67,0.97,0.52
FLC-2025-1199,Region E,2022,International Treaty,Win,False,1687506.68,7.1,7.7,9.1,8.9,3.2,4.2,9.2,7.1,0,6.9,9.4,6.6,4,3,4,33.5,False,7,5.9,440169,8.1,9.8,Art. 97,Cross-Border Dispute,20236.58,Check jurisdiction -> Assess contract clauses -> Compute liability,720876.47,0.43,0.32
FLC-2023-1200,Region D,2019,Civil,Win,False,1406222.76,8.9,6.7,5.2,9.2,5.6,4.4,7.3,8.9,0,7.5,9.5,3.0,3,4,1,164.3,True,8,9.8,450107,8.7,7.5,Art. 45 Civil Code,Breach of Contract,36548.01,Assess plaintiff claims -> Review evidence -> Determine outcome,175764.67,0.12,0.55
FLC-2024-1201,Region B,2021,Administrative,Loss,True,485936.36,1.7,4.4,6.2,9.8,5.2,5.0,8.6,1.7,0,1.0,8.4,2.8,7,4,0,82.4,False,3,6.4,81863,7.1,6.4,Art. 5 Admin Law,Regulatory Violation,104993.1,Analyze treaty -> Evaluate cross-border compliance -> Recommend settlement,333983.36,0.69,0.76
FLC-2025-1202,Region C,2018,International Treaty,Win,False,94329.73,6.0,5.6,5.4,6.7,6.5,4.3,5.4,6.0,3,4.3,5.8,7.4,9,0,2,45.1,False,1,9.6,499392,8.5,6.9,Art. 97,Cross-Border Dispute,108246.61,Check jurisdiction -> Assess contract clauses -> Compute liability,39265.04,0.42,0.45
FLC-2023-1203,Region A,2018,International Treaty,Loss,False,171045.4,4.1,4.1,8.1,6.3,3.7,8.2,5.7,4.1,4,2.5,5.7,3.6,3,0,2,195.8,True,7,5.0,155307,7.0,9.8,Art. 97,Cross-Border Dispute,42513.16,Analyze treaty -> Evaluate cross-border compliance -> Recommend settlement,88948.05,0.52,0.36
FLC-2024-1204,Region A,2021,Commercial,Loss,False,1108171.22,5.5,9.4,7.7,7.3,8.5,4.6,8.9,5.5,2,4.4,7.4,0.8,6,1,3,136.8,False,7,7.0,235937,9.1,7.1,Art. 25 CISG,Cross-Border Dispute,99066.02,Check applicable law -> Compute damages -> Advise resolution,499668.24,0.45,0.38
FLC-2025-1205,Region A,2020,Criminal,Settlement,False,1215952.78,4.7,8.0,7.9,8.2,5.4,8.6,5.6,4.7,0,3.0,7.6,1.1,8,2,1,63.1,True,4,5.9,897321,8.0,8.9,Art. 12 Penal Code,Fraud,181418.69,Analyze treaty -> Evaluate cross-border compliance -> Recommend settlement,548840.49,0.45,0.49
FLC-2023-1206,Region E,2017,Commercial,Settlement,False,294406.83,5.9,9.5,9.4,5.9,5.8,9.0,7.9,5.9,2,4.2,5.2,3.8,6,4,1,84.3,False,4,9.7,279012,8.3,7.0,Art. 25 CISG,Cross-Border Dispute,109387.64,Check jurisdiction -> Assess contract clauses -> Compute liability,105365.6,0.36,0.5
FLC-2024-1207,Region D,2021,Administrative,Win,False,3449630.01,4.9,4.4,5.4,5.0,7.0,7.8,5.3,4.9,4,4.0,9.3,1.0,4,0,4,147.2,True,6,9.7,708502,8.4,6.2,Art. 5 Admin Law,Regulatory Violation,55916.38,Assess plaintiff claims -> Review evidence -> Determine outcome,980809.07,0.28,0.46
FLC-2025-1208,Region B,2022,International Treaty,Loss,True,123842.81,0.1,10.0,8.7,8.1,8.8,6.7,9.8,0.1,4,0.0,6.6,0.9,7,2,4,92.2,True,2,8.2,275597,8.0,8.3,Art. 97,Cross-Border Dispute,74455.49,Assess plaintiff claims -> Review evidence -> Determine outcome,118798.42,0.96,0.7
FLC-2023-1209,Region C,2018,Commercial,Settlement,False,711490.93,5.2,5.8,7.2,9.5,9.6,8.3,6.9,5.2,1,4.0,5.1,1.0,8,1,0,30.1,True,8,7.2,712240,8.4,6.3,Art. 25 CISG,Cross-Border Dispute,11999.27,Analyze treaty -> Evaluate cross-border compliance -> Recommend settlement,297179.36,0.42,0.37
FLC-2024-1210,Region C,2016,Commercial,Settlement,False,46914.24,4.2,6.0,9.9,5.7,3.3,4.2,7.3,4.2,1,4.0,9.0,7.7,8,4,2,94.3,True,9,8.8,928583,9.6,6.8,Art. 25 CISG,Cross-Border Dispute,65397.41,Check applicable law -> Compute damages -> Advise resolution,20056.94,0.43,0.57
FLC-2025-1211,Region B,2021,Commercial,Loss,True,152527.32,3.8,9.3,8.2,5.1,3.8,5.0,6.1,3.8,3,3.6,6.5,3.1,3,2,0,43.4,True,5,9.2,816772,9.6,5.3,Art. 25 CISG,Cross-Border Dispute,283233.43,Review charges -> Evaluate evidence -> Determine verdict,107486.96,0.7,0.73
FLC-2023-1212,Region C,2017,Civil,Loss,True,1235693.05,4.4,8.6,8.4,6.3,7.7,9.5,9.6,4.4,4,3.5,5.2,8.7,4,2,4,40.8,False,2,5.3,847087,8.1,7.4,Art. 45 Civil Code,Breach of Contract,159864.04,Review charges -> Evaluate evidence -> Determine verdict,454652.53,0.37,0.85
FLC-2024-1213,Region A,2015,Commercial,Settlement,False,3921655.91,4.4,5.6,7.1,7.6,7.4,9.1,9.6,4.4,2,5.0,9.0,4.8,3,3,4,140.2,False,3,5.6,148972,9.7,9.0,Art. 25 CISG,Cross-Border Dispute,245153.84,Assess plaintiff claims -> Review evidence -> Determine outcome,2222119.75,0.57,0.61
FLC-2025-1214,Region E,2016,Criminal,Loss,True,218646.93,1.0,5.8,8.8,5.4,6.7,4.7,6.5,1.0,2,0.0,7.9,8.6,5,0,1,109.8,False,3,6.1,348455,9.1,9.8,Art. 12 Penal Code,Fraud,167568.36,Analyze treaty -> Evaluate cross-border compliance -> Recommend settlement,186391.88,0.85,0.69
FLC-2023-1215,Region B,2016,Administrative,Settlement,False,114854.69,5.0,9.3,9.7,7.5,5.5,6.5,6.7,5.0,2,1.7,8.4,5.6,4,2,4,52.8,True,4,5.6,106332,5.4,7.2,Art. 5 Admin Law,Regulatory Violation,41126.79,Assess plaintiff claims -> Review evidence -> Determine outcome,40993.19,0.36,0.5
FLC-2024-1216,Region E,2019,Criminal,Settlement,True,1383850.31,0.0,7.9,9.1,7.6,8.0,9.4,8.9,0.0,1,0.0,6.3,0.1,7,0,0,107.8,True,6,8.1,951739,6.4,7.0,Art. 12 Penal Code,Fraud,193476.92,Analyze treaty -> Evaluate cross-border compliance -> Recommend settlement,1218071.59,0.88,0.75
FLC-2025-1217,Region B,2024,Administrative,Settlement,True,1558153.08,3.0,7.4,8.8,5.3,6.4,5.9,9.2,3.0,4,1.9,7.7,10.0,1,1,1,117.2,True,4,6.3,614940,6.4,5.1,Art. 5 Admin Law,Regulatory Violation,170114.87,Check jurisdiction -> Assess contract clauses -> Compute liability,1050157.5,0.67,1.0
FLC-2023-1218,Region B,2020,Commercial,Settlement,False,1063068.97,5.9,4.4,6.9,8.2,9.9,5.4,9.6,5.9,2,4.5,9.8,1.4,2,0,1,97.9,False,5,10.0,471856,6.2,6.7,Art. 25 CISG,Cross-Border Dispute,169850.9,Assess plaintiff claims -> Review evidence -> Determine outcome,386254.62,0.36,0.42
FLC-2024-1219,Region C,2017,International Treaty,Settlement,False,4196594.93,3.4,4.1,8.0,5.2,6.8,6.7,6.2,3.4,4,1.3,8.5,0.1,1,0,4,64.7,True,6,5.8,949603,7.5,9.1,Art. 97,Cross-Border Dispute,235385.56,Analyze treaty -> Evaluate cross-border compliance -> Recommend settlement,2524380.51,0.6,0.51
FLC-2025-1220,Region B,2022,Civil,Loss,True,116093.78,6.3,4.1,5.4,6.8,10.0,5.8,5.8,6.3,1,3.8,6.9,2.5,9,1,3,70.4,True,2,8.1,391521,8.5,6.6,Art. 45 Civil Code,Breach of Contract,54291.64,Analyze treaty -> Evaluate cross-border compliance -> Recommend settlement,38863.74,0.33,1.0
FLC-2023-1221,Region A,2016,Criminal,Settlement,True,46199.48,3.2,9.9,5.8,6.5,5.5,6.0,6.3,3.2,0,3.7,5.4,7.1,6,2,2,116.2,False,4,7.8,778971,8.8,6.6,Art. 12 Penal Code,Fraud,272322.16,Analyze treaty -> Evaluate cross-border compliance -> Recommend settlement,34640.95,0.75,0.65
FLC-2024-1222,Region D,2021,Civil,Win,True,335253.71,7.4,6.9,10.0,7.0,3.7,8.9,6.1,7.4,4,7.1,5.9,0.2,8,3,3,180.8,False,8,8.8,522644,9.1,9.2,Art. 45 Civil Code,Breach of Contract,6203.64,Check jurisdiction -> Assess contract clauses -> Compute liability,89296.05,0.27,0.75
FLC-2025-1223,Region E,2018,Criminal,Settlement,True,1304486.03,0.0,6.3,5.9,7.5,4.8,9.7,7.5,0.0,0,2.1,10.0,3.6,2,0,4,173.8,True,2,9.6,490842,8.2,9.6,Art. 12 Penal Code,Fraud,223309.0,Check jurisdiction -> Assess contract clauses -> Compute liability,1179681.51,0.9,0.78
FLC-2023-1224,Region A,2019,Civil,Win,False,663280.23,9.3,9.1,5.4,6.1,4.6,7.6,7.9,9.3,0,7.9,7.2,7.9,8,0,3,89.1,False,4,7.8,912044,9.0,8.6,Art. 45 Civil Code,Breach of Contract,100125.24,Check jurisdiction -> Assess contract clauses -> Compute liability,189201.63,0.29,0.77
FLC-2024-1225,Region E,2016,Civil,Loss,True,692460.7,5.5,8.2,9.2,7.4,5.2,8.1,7.5,5.5,4,3.5,6.0,0.3,1,0,0,82.7,True,9,5.6,154770,8.1,8.8,Art. 45 Civil Code,Breach of Contract,147096.12,Check jurisdiction -> Assess contract clauses -> Compute liability,329560.59,0.48,0.93
FLC-2025-1226,Region A,2024,Criminal,Loss,True,173378.34,0.0,4.9,5.3,6.8,9.5,7.2,9.0,0.0,2,1.1,7.9,1.6,5,2,1,60.7,True,6,5.9,423216,9.6,7.7,Art. 12 Penal Code,Fraud,74978.22,Assess plaintiff claims -> Review evidence -> Determine outcome,168142.48,0.97,0.82
FLC-2023-1227,Region B,2021,Commercial,Dismissed,False,725540.03,7.1,4.1,6.4,5.5,10.0,7.6,7.3,7.1,4,4.6,7.8,7.1,8,1,1,189.5,True,2,8.9,696613,7.2,9.2,Art. 25 CISG,Cross-Border Dispute,75485.36,Assess plaintiff claims -> Review evidence -> Determine outcome,206112.71,0.28,0.38
FLC-2024-1228,Region E,2018,International Treaty,Loss,True,873648.23,0.0,5.8,8.1,8.1,4.9,6.7,6.1,0.0,0,0.0,6.0,5.8,9,2,2,190.4,True,4,7.5,422993,5.4,7.3,Art. 97,Cross-Border Dispute,263260.54,Check jurisdiction -> Assess contract clauses -> Compute liability,826545.75,0.95,0.51
FLC-2025-1229,Region B,2021,Criminal,Loss,True,161184.92,0.0,7.0,9.5,9.1,4.8,9.5,7.4,0.0,4,0.0,9.8,0.2,4,3,1,58.2,True,4,9.0,167950,9.4,6.6,Art. 12 Penal Code,Fraud,330006.59,Assess plaintiff claims -> Review evidence -> Determine outcome,139505.22,0.87,0.97
FLC-2023-1230,Region D,2020,Civil,Win,True,292610.34,3.7,6.7,8.7,5.7,6.3,4.2,8.4,3.7,1,3.2,9.2,4.4,1,1,1,193.0,False,1,9.5,818839,8.7,8.8,Art. 45 Civil Code,Breach of Contract,224495.72,Review charges -> Evaluate evidence -> Determine verdict,178980.46,0.61,0.93
FLC-2024-1231,Region A,2023,International Treaty,Settlement,True,434581.73,0.1,5.0,6.0,6.8,5.6,8.5,8.0,0.1,0,0.0,9.8,9.3,7,3,0,94.7,True,7,7.5,664209,5.8,6.2,Art. 97,Cross-Border Dispute,438247.27,Check applicable law -> Compute damages -> Advise resolution,434187.69,1.0,0.69
FLC-2025-1232,Region B,2024,Commercial,Settlement,False,965721.41,8.0,6.6,7.4,5.4,3.3,6.8,9.2,8.0,0,7.6,9.2,6.6,2,4,2,166.9,True,2,5.2,474024,6.6,5.1,Art. 25 CISG,Cross-Border Dispute,73548.14,Check applicable law -> Compute damages -> Advise resolution,330838.28,0.34,0.5
FLC-2023-1233,Region D,2016,Civil,Win,False,598264.85,7.7,6.0,9.4,7.2,7.9,7.8,5.6,7.7,4,4.8,9.5,8.8,6,0,3,73.0,True,0,5.2,936765,8.4,8.0,Art. 45 Civil Code,Breach of Contract,64366.48,Check jurisdiction -> Assess contract clauses -> Compute liability,140805.03,0.24,0.57
FLC-2024-1234,Region C,2024,Criminal,Settlement,False,133873.08,2.9,5.9,6.0,7.1,4.4,8.2,5.6,2.9,2,2.5,5.9,0.8,1,4,0,65.1,True,9,5.8,637037,6.3,6.2,Art. 12 Penal Code,Fraud,24804.62,Assess plaintiff claims -> Review evidence -> Determine outcome,75262.81,0.56,0.56
FLC-2025-1235,Region D,2019,Commercial,Settlement,False,192309.67,5.2,9.9,7.6,7.1,5.6,8.7,5.4,5.2,4,3.8,7.1,3.1,5,1,1,135.5,False,8,8.7,465623,9.2,7.1,Art. 25 CISG,Cross-Border Dispute,113155.07,Check jurisdiction -> Assess contract clauses -> Compute liability,90454.85,0.47,0.32
FLC-2023-1236,Region B,2023,International Treaty,Settlement,False,614948.91,2.5,9.9,9.6,5.8,6.9,7.3,7.2,2.5,4,3.2,9.3,2.1,8,1,1,192.4,False,0,9.8,27326,7.7,8.0,Art. 97,Cross-Border Dispute,100962.47,Check applicable law -> Compute damages -> Advise resolution,404864.38,0.66,0.37
FLC-2024-1237,Region D,2016,Administrative,Settlement,True,503434.5,5.8,4.6,5.1,7.7,4.6,4.5,8.6,5.8,2,5.4,9.3,2.7,7,2,2,75.3,False,1,8.0,563514,6.5,7.7,Art. 5 Admin Law,Regulatory Violation,57154.0,Check jurisdiction -> Assess contract clauses -> Compute liability,302867.21,0.6,0.77
FLC-2025-1238,Region D,2018,Civil,Win,False,202545.09,8.2,7.1,8.1,6.2,3.1,5.9,7.0,8.2,2,6.4,9.8,0.0,7,0,4,37.5,False,2,8.5,731560,6.1,7.5,Art. 45 Civil Code,Breach of Contract,76727.62,Check jurisdiction -> Assess contract clauses -> Compute liability,56506.88,0.28,0.58
FLC-2023-1239,Region D,2021,Civil,Settlement,True,191610.82,3.0,8.9,6.7,8.3,7.9,5.8,10.0,3.0,4,1.4,5.9,0.4,1,2,3,50.9,False,5,9.0,341714,9.5,5.9,Art. 45 Civil Code,Breach of Contract,201202.67,Analyze treaty -> Evaluate cross-border compliance -> Recommend settlement,105508.25,0.55,0.8
FLC-2024-1240,Region A,2019,International Treaty,Settlement,True,446183.84,0.0,5.0,7.5,7.0,5.6,7.8,5.9,0.0,4,0.0,5.1,7.1,5,4,0,36.4,False,8,6.3,754411,9.7,9.2,Art. 97,Cross-Border Dispute,105378.0,Analyze treaty -> Evaluate cross-border compliance -> Recommend settlement,446183.84,1.0,0.62
FLC-2025-1241,Region D,2024,Commercial,Settlement,True,2426339.83,4.9,5.1,8.3,7.5,5.7,5.8,9.7,4.9,1,4.0,7.8,9.5,4,0,3,64.6,True,3,6.7,794684,5.9,8.5,Art. 25 CISG,Cross-Border Dispute,61870.0,Review charges -> Evaluate evidence -> Determine verdict,1219576.25,0.5,0.76
FLC-2023-1242,Region E,2021,Administrative,Dismissed,False,399852.66,8.0,4.7,6.3,7.0,6.4,4.0,9.4,8.0,3,5.4,7.5,2.3,4,1,4,66.4,False,2,6.8,844311,5.3,5.1,Art. 5 Admin Law,Regulatory Violation,51813.82,Assess plaintiff claims -> Review evidence -> Determine outcome,52117.86,0.13,0.64
FLC-2024-1243,Region E,2020,Administrative,Settlement,False,336461.31,5.2,7.5,6.4,7.5,4.8,9.4,8.8,5.2,0,2.9,6.2,8.3,4,2,1,30.2,False,9,9.3,322605,5.6,6.1,Art. 5 Admin Law,Regulatory Violation,94139.35,Check applicable law -> Compute damages -> Advise resolution,124196.18,0.37,0.49
FLC-2025-1244,Region D,2024,International Treaty,Settlement,False,796960.93,6.0,9.0,6.9,7.9,9.3,9.5,8.9,6.0,1,5.5,5.6,2.0,2,4,4,46.8,True,3,8.1,292480,8.9,7.8,Art. 97,Cross-Border Dispute,25527.71,Analyze treaty -> Evaluate cross-border compliance -> Recommend settlement,312695.39,0.39,0.35
FLC-2023-1245,Region B,2019,Commercial,Loss,False,1121728.45,4.3,8.3,7.6,8.8,8.3,7.9,10.0,4.3,4,2.4,8.5,8.0,9,4,2,191.6,True,7,7.4,1645,5.2,8.4,Art. 25 CISG,Cross-Border Dispute,6868.45,Check applicable law -> Compute damages -> Advise resolution,464604.59,0.41,0.47
FLC-2024-1246,Region D,2021,Civil,Settlement,True,286419.86,3.3,7.0,7.0,7.8,5.1,6.9,6.7,3.3,0,3.1,8.1,5.8,9,4,3,177.5,True,7,6.3,875038,5.3,5.5,Art. 45 Civil Code,Breach of Contract,37968.11,Check jurisdiction -> Assess contract clauses -> Compute liability,114596.03,0.4,0.98
FLC-2025-1247,Region C,2018,Administrative,Win,False,97174.18,6.6,7.5,5.9,9.8,3.7,8.6,5.4,6.6,2,4.9,8.9,2.4,3,1,1,102.3,True,0,5.5,413171,8.8,9.4,Art. 5 Admin Law,Regulatory Violation,96898.49,Analyze treaty -> Evaluate cross-border compliance -> Recommend settlement,23566.71,0.24,0.67
FLC-2023-1248,Region B,2020,Civil,Win,False,3203102.16,6.9,9.6,8.8,8.9,6.1,7.1,9.7,6.9,3,6.3,9.2,6.4,5,0,3,78.1,False,4,9.5,201398,7.0,6.7,Art. 45 Civil Code,Breach of Contract,85800.79,Check applicable law -> Compute damages -> Advise resolution,789449.57,0.25,0.51
FLC-2024-1249,Region C,2019,Administrative,Win,False,371842.98,8.7,4.4,7.9,7.8,6.7,9.9,7.7,8.7,2,8.6,9.3,9.0,6,3,2,123.7,False,4,9.5,227898,8.5,5.2,Art. 5 Admin Law,Regulatory Violation,105183.22,Review charges -> Evaluate evidence -> Determine verdict,91940.64,0.25,0.6
FLC-2025-1250,Region D,2021,International Treaty,Loss,True,189514.66,0.4,5.1,9.9,6.7,9.5,9.4,6.8,0.4,4,0.0,5.3,5.3,4,3,4,89.5,True,1,6.4,217810,8.3,10.0,Art. 97,Cross-Border Dispute,188168.42,Check jurisdiction -> Assess contract clauses -> Compute liability,176422.7,0.93,0.77
FLC-2023-1251,Region D,2021,Administrative,Win,False,1286517.62,5.9,6.6,7.9,9.7,9.9,4.6,9.2,5.9,4,4.5,8.4,5.0,8,2,3,48.6,False,4,5.9,973923,7.1,9.0,Art. 5 Admin Law,Regulatory Violation,5597.95,Check applicable law -> Compute damages -> Advise resolution,362558.33,0.28,0.43
FLC-2024-1252,Region C,2022,Civil,Settlement,True,81764.58,3.3,9.8,6.8,7.2,6.0,5.7,9.0,3.3,0,2.9,5.3,8.4,2,4,0,32.0,True,0,6.7,464286,6.0,7.9,Art. 45 Civil Code,Breach of Contract,159187.21,Review charges -> Evaluate evidence -> Determine verdict,50317.29,0.62,0.95
FLC-2025-1253,Region D,2016,Administrative,Win,True,457126.77,2.0,9.0,6.1,9.3,7.1,8.4,5.4,2.0,0,0.9,6.6,8.1,7,1,1,191.5,False,4,9.9,911895,8.4,5.9,Art. 5 Admin Law,Regulatory Violation,274498.13,Assess plaintiff claims -> Review evidence -> Determine outcome,312481.65,0.68,0.75
FLC-2023-1254,Region E,2016,Civil,Settlement,False,755004.26,6.8,10.0,8.5,8.9,5.8,9.4,7.7,6.8,3,5.4,6.5,7.7,1,4,0,49.1,False,1,9.9,757598,9.3,9.2,Art. 45 Civil Code,Breach of Contract,76772.35,Review charges -> Evaluate evidence -> Determine verdict,231378.08,0.31,0.81
FLC-2024-1255,Region A,2016,International Treaty,Loss,True,427533.75,0.0,4.3,5.1,8.1,6.9,5.4,8.2,0.0,1,0.0,5.5,3.2,9,1,4,26.1,False,4,8.4,83697,8.7,6.4,Art. 97,Cross-Border Dispute,131642.98,Review charges -> Evaluate evidence -> Determine verdict,404637.35,0.95,0.68
FLC-2025-1256,Region C,2024,Administrative,Dismissed,False,202332.29,5.9,7.6,5.1,7.0,8.3,6.4,9.2,5.9,1,6.3,6.1,3.7,1,3,2,50.5,False,6,8.7,373677,6.3,9.4,Art. 5 Admin Law,Regulatory Violation,46533.95,Review charges -> Evaluate evidence -> Determine verdict,55703.72,0.28,0.59
FLC-2023-1257,Region A,2015,Civil,Settlement,True,428776.14,7.5,6.7,8.7,5.1,3.2,8.1,8.6,7.5,0,6.2,5.3,3.8,9,0,3,78.9,True,8,7.0,268819,7.7,5.5,Art. 45 Civil Code,Breach of Contract,162641.37,Review charges -> Evaluate evidence -> Determine verdict,158566.83,0.37,1.0
FLC-2024-1258,Region A,2021,Commercial,Settlement,False,519230.5,5.8,8.9,8.6,5.6,3.9,9.4,9.1,5.8,4,4.2,5.0,9.8,2,2,3,165.6,False,2,5.8,477164,5.8,8.4,Art. 25 CISG,Cross-Border Dispute,77039.71,Review charges -> Evaluate evidence -> Determine verdict,199478.23,0.38,0.39
FLC-2025-1259,Region C,2024,Civil,Settlement,False,99917.13,6.4,8.0,8.5,8.4,6.9,9.7,7.5,6.4,3,4.1,7.5,4.1,1,3,0,82.3,False,6,9.2,797693,5.8,8.1,Art. 45 Civil Code,Breach of Contract,58080.24,Assess plaintiff claims -> Review evidence -> Determine outcome,31340.59,0.31,0.46
FLC-2023-1260,Region B,2020,Civil,Loss,True,1234190.77,4.6,8.4,6.0,9.2,5.9,5.3,7.7,4.6,1,4.0,6.9,0.3,2,2,0,38.2,False,8,7.7,272910,5.6,9.4,Art. 45 Civil Code,Breach of Contract,174685.2,Analyze treaty -> Evaluate cross-border compliance -> Recommend settlement,691769.66,0.56,0.88
FLC-2024-1261,Region A,2023,Civil,Settlement,True,162588.81,2.5,8.6,6.9,7.4,8.8,4.6,8.4,2.5,2,0.2,9.7,7.4,9,0,2,154.5,False,4,5.8,884894,7.1,5.8,Art. 45 Civil Code,Breach of Contract,56286.49,Assess plaintiff claims -> Review evidence -> Determine outcome,101669.24,0.63,0.95
FLC-2025-1262,Region D,2015,Civil,Win,False,564356.1,6.7,9.3,7.1,9.3,3.2,6.9,9.8,6.7,2,4.4,6.3,6.3,7,0,0,185.9,False,6,6.0,921962,8.7,8.3,Art. 45 Civil Code,Breach of Contract,92787.31,Check jurisdiction -> Assess contract clauses -> Compute liability,175238.98,0.31,0.64
FLC-2023-1263,Region A,2017,International Treaty,Loss,False,554224.53,5.0,5.8,8.7,6.1,9.4,7.2,6.5,5.0,1,3.3,6.7,1.5,6,2,1,111.1,False,8,7.6,555457,6.3,7.8,Art. 97,Cross-Border Dispute,171522.85,Assess plaintiff claims -> Review evidence -> Determine outcome,307371.01,0.55,0.44
FLC-2024-1264,Region E,2017,Civil,Win,False,502098.69,8.5,8.8,8.9,5.6,5.8,9.9,9.9,8.5,1,7.4,9.8,4.5,2,0,3,145.5,False,7,7.6,47221,5.5,5.8,Art. 45 Civil Code,Breach of Contract,22400.18,Check applicable law -> Compute damages -> Advise resolution,66143.48,0.13,0.62
FLC-2025-1265,Region A,2020,International Treaty,Loss,True,326046.97,2.3,6.7,8.7,10.0,4.8,7.8,6.9,2.3,2,1.8,9.4,3.5,9,4,4,167.2,True,1,5.4,879269,5.5,6.4,Art. 97,Cross-Border Dispute,159334.84,Check applicable law -> Compute damages -> Advise resolution,293269.51,0.9,0.64
FLC-2023-1266,Region E,2017,Administrative,Loss,False,231470.21,5.5,6.2,7.3,6.6,8.7,9.3,5.1,5.5,1,3.2,7.0,1.4,3,0,4,113.7,False,2,5.7,942437,9.5,5.4,Art. 5 Admin Law,Regulatory Violation,88224.39,Analyze treaty -> Evaluate cross-border compliance -> Recommend settlement,106643.74,0.46,0.52
FLC-2024-1267,Region A,2015,Administrative,Settlement,True,1053923.96,3.8,8.3,7.0,5.2,4.6,9.4,7.6,3.8,4,3.6,9.7,9.1,3,1,0,128.3,True,7,7.5,76558,8.5,8.4,Art. 5 Admin Law,Regulatory Violation,91352.32,Check applicable law -> Compute damages -> Advise resolution,634843.06,0.6,0.8
FLC-2025-1268,Region E,2018,Commercial,Settlement,True,317072.77,3.8,7.0,6.7,6.9,4.8,4.4,9.0,3.8,3,3.7,7.6,0.2,1,4,0,107.1,False,9,6.9,103524,6.3,6.1,Art. 25 CISG,Cross-Border Dispute,275655.01,Assess plaintiff claims -> Review evidence -> Determine outcome,206702.48,0.65,0.69
FLC-2023-1269,Region A,2024,Criminal,Loss,True,962598.79,1.5,7.1,6.9,9.3,7.0,5.9,7.2,1.5,4,2.0,7.2,0.7,6,3,3,152.4,False,9,8.3,718475,7.1,6.1,Art. 12 Penal Code,Fraud,113692.51,Review charges -> Evaluate evidence -> Determine verdict,758311.48,0.79,0.84
FLC-2024-1270,Region B,2020,Civil,Win,False,977249.32,10.0,4.2,7.8,8.9,4.7,7.1,7.0,10.0,1,10.0,5.2,9.8,7,2,3,79.0,False,6,9.6,200300,5.9,9.5,Art. 45 Civil Code,Breach of Contract,12570.21,Check applicable law -> Compute damages -> Advise resolution,29377.57,0.03,0.74
FLC-2025-1271,Region C,2017,Civil,Win,False,1150303.09,10.0,6.8,6.3,5.2,3.6,8.8,9.6,10.0,3,8.4,9.9,5.8,3,1,2,111.1,False,1,5.5,118888,7.2,9.8,Art. 45 Civil Code,Breach of Contract,28820.7,Review charges -> Evaluate evidence -> Determine verdict,95035.97,0.08,0.86
FLC-2023-1272,Region D,2024,International Treaty,Loss,False,2618305.14,7.3,7.1,6.5,6.3,8.5,9.3,7.5,7.3,4,4.6,8.8,7.2,5,2,2,166.8,False,3,8.7,907188,7.8,8.5,Art. 97,Cross-Border Dispute,47231.62,Analyze treaty -> Evaluate cross-border compliance -> Recommend settlement,931681.9,0.36,0.46
FLC-2024-1273,Region B,2017,International Treaty,Loss,False,2744104.56,5.6,9.3,5.6,8.6,4.0,4.4,5.7,5.6,3,3.8,7.2,2.2,9,4,3,101.5,True,7,5.8,446200,10.0,7.7,Art. 97,Cross-Border Dispute,179173.73,Review charges -> Evaluate evidence -> Determine verdict,1489141.87,0.54,0.37
FLC-2025-1274,Region D,2017,International Treaty,Loss,True,846528.2,0.4,9.3,6.0,5.9,8.6,5.9,7.6,0.4,2,0.0,7.0,1.3,6,3,1,22.3,True,0,7.3,321081,6.0,7.1,Art. 97,Cross-Border Dispute,320605.98,Review charges -> Evaluate evidence -> Determine verdict,781120.84,0.92,0.49
FLC-2023-1275,Region E,2024,Administrative,Settlement,False,91764.02,6.8,7.1,5.7,5.7,7.3,9.0,8.7,6.8,3,5.8,6.7,1.2,6,0,2,160.2,False,3,6.9,436061,9.0,6.0,Art. 5 Admin Law,Regulatory Violation,195856.08,Review charges -> Evaluate evidence -> Determine verdict,36602.61,0.4,0.73
FLC-2024-1276,Region B,2022,International Treaty,Loss,True,198390.38,0.0,8.8,9.7,7.8,7.7,5.0,8.8,0.0,0,0.2,7.1,2.3,5,3,1,171.6,False,0,6.2,379838,6.5,8.2,Art. 97,Cross-Border Dispute,201379.23,Review charges -> Evaluate evidence -> Determine verdict,164088.87,0.83,0.47
FLC-2025-1277,Region C,2019,Criminal,Loss,True,62592.54,2.8,5.0,5.4,6.0,3.7,7.1,9.9,2.8,3,1.9,7.3,3.9,9,1,3,181.1,False,0,8.9,15992,8.0,8.1,Art. 12 Penal Code,Fraud,171752.31,Analyze treaty -> Evaluate cross-border compliance -> Recommend settlement,49748.78,0.79,0.71
FLC-2023-1278,Region D,2022,Commercial,Settlement,True,1137003.83,2.3,6.6,5.9,9.9,4.2,7.4,7.8,2.3,2,1.1,6.9,1.1,6,2,2,102.3,False,6,8.8,848603,6.0,9.1,Art. 25 CISG,Cross-Border Dispute,353036.73,Analyze treaty -> Evaluate cross-border compliance -> Recommend settlement,927327.98,0.82,0.73
FLC-2024-1279,Region E,2017,Commercial,Loss,True,646671.84,2.9,5.9,6.1,8.6,6.2,7.1,9.1,2.9,0,3.2,7.7,8.4,4,3,0,177.0,True,3,7.9,336258,6.4,9.6,Art. 25 CISG,Cross-Border Dispute,167825.47,Assess plaintiff claims -> Review evidence -> Determine outcome,507638.37,0.79,0.69
FLC-2025-1280,Region B,2017,Criminal,Settlement,True,221310.13,1.6,8.7,8.5,9.4,5.8,7.3,8.7,1.6,1,2.3,8.3,4.8,1,0,0,138.4,True,8,8.5,319362,9.8,8.1,Art. 12 Penal Code,Fraud,109965.9,Analyze treaty -> Evaluate cross-border compliance -> Recommend settlement,187553.5,0.85,0.77
FLC-2023-1281,Region E,2019,Commercial,Settlement,False,1100431.69,3.7,9.2,9.4,7.3,3.7,9.3,7.4,3.7,3,3.2,7.0,3.7,5,2,2,185.3,False,6,9.5,148217,6.8,7.5,Art. 25 CISG,Cross-Border Dispute,99747.8,Check applicable law -> Compute damages -> Advise resolution,493863.63,0.45,0.42
FLC-2024-1282,Region C,2018,Civil,Settlement,True,1024637.5,3.9,5.9,9.1,6.8,8.1,8.7,7.5,3.9,1,3.4,9.9,2.5,9,0,0,106.5,True,1,5.1,468114,9.4,8.7,Art. 45 Civil Code,Breach of Contract,11019.11,Analyze treaty -> Evaluate cross-border compliance -> Recommend settlement,693610.71,0.68,0.92
FLC-2025-1283,Region B,2023,Commercial,Settlement,False,782917.93,7.6,9.1,5.8,5.1,6.5,4.8,9.9,7.6,4,6.4,9.8,2.2,9,4,1,76.0,True,5,5.1,415773,9.7,7.6,Art. 25 CISG,Cross-Border Dispute,117373.02,Review charges -> Evaluate evidence -> Determine verdict,241962.38,0.31,0.34
FLC-2023-1284,Region A,2015,Administrative,Settlement,True,394235.26,4.0,9.3,7.0,5.4,4.6,5.9,8.8,4.0,4,2.0,9.6,7.6,8,0,2,23.6,False,4,6.0,354107,5.5,9.8,Art. 5 Admin Law,Regulatory Violation,160725.29,Check jurisdiction -> Assess contract clauses -> Compute liability,200257.19,0.51,0.68
FLC-2024-1285,Region C,2017,Commercial,Loss,True,7970133.89,2.5,5.0,7.9,7.2,9.6,9.6,7.8,2.5,0,1.6,9.2,7.3,8,4,3,122.6,True,0,6.7,127083,8.1,6.9,Art. 25 CISG,Cross-Border Dispute,152511.11,Check applicable law -> Compute damages -> Advise resolution,5813531.93,0.73,0.78
FLC-2025-1286,Region E,2018,Criminal,Settlement,True,233726.43,3.4,5.1,5.7,7.0,3.7,9.7,5.2,3.4,4,3.3,7.4,0.1,4,4,1,55.9,True,7,8.5,544422,8.3,5.3,Art. 12 Penal Code,Fraud,226658.09,Check jurisdiction -> Assess contract clauses -> Compute liability,192881.23,0.83,0.92
FLC-2023-1287,Region A,2022,International Treaty,Win,False,262470.25,3.6,9.2,8.1,8.7,5.5,10.0,6.4,3.6,0,3.7,5.9,6.2,6,0,2,163.2,True,4,7.8,88629,5.9,7.3,Art. 97,Cross-Border Dispute,190228.06,Check applicable law -> Compute damages -> Advise resolution,158264.76,0.6,0.5
FLC-2024-1288,Region E,2015,Civil,Win,False,1261355.7,7.6,8.5,7.3,8.8,6.4,8.4,9.4,7.6,3,8.9,6.2,4.2,3,4,3,178.6,False,1,8.3,695712,5.0,9.1,Art. 45 Civil Code,Breach of Contract,77871.87,Assess plaintiff claims -> Review evidence -> Determine outcome,231938.0,0.18,0.72
FLC-2025-1289,Region B,2017,Criminal,Settlement,False,500334.76,5.0,8.0,9.9,9.1,6.6,6.2,8.4,5.0,2,6.0,6.0,4.4,8,2,1,171.1,True,9,8.1,892982,6.2,5.1,Art. 12 Penal Code,Fraud,44615.33,Analyze treaty -> Evaluate cross-border compliance -> Recommend settlement,240464.94,0.48,0.72
FLC-2023-1290,Region D,2017,Criminal,Win,False,1448846.49,7.1,6.7,10.0,5.0,3.8,5.8,5.1,7.1,1,7.2,7.7,4.7,6,4,4,167.0,False,5,7.1,913274,5.4,6.6,Art. 12 Penal Code,Fraud,134590.66,Check applicable law -> Compute damages -> Advise resolution,430078.88,0.3,0.61
FLC-2024-1291,Region E,2018,International Treaty,Settlement,True,1013107.38,4.8,8.7,8.4,7.1,9.3,6.5,8.6,4.8,0,5.3,8.6,7.6,2,3,2,146.7,False,4,6.3,738884,8.9,9.1,Art. 97,Cross-Border Dispute,294366.12,Check applicable law -> Compute damages -> Advise resolution,810831.1,0.8,0.41
FLC-2025-1292,Region D,2015,Civil,Loss,False,2119637.44,6.5,4.3,7.6,9.1,3.2,6.1,8.3,6.5,2,4.2,6.2,5.4,9,0,4,107.8,False,2,9.5,484284,6.1,7.1,Art. 45 Civil Code,Breach of Contract,135430.5,Review charges -> Evaluate evidence -> Determine verdict,799729.08,0.38,0.74
FLC-2023-1293,Region C,2017,Criminal,Loss,False,363404.44,5.4,7.6,8.7,9.1,5.9,8.3,9.6,5.4,0,5.5,6.0,2.8,9,0,1,107.4,False,2,6.9,694457,8.2,7.6,Art. 12 Penal Code,Fraud,145677.13,Analyze treaty -> Evaluate cross-border compliance -> Recommend settlement,140715.91,0.39,0.65
FLC-2024-1294,Region E,2023,Commercial,Settlement,False,360687.25,7.4,5.5,6.0,7.4,3.1,8.1,9.3,7.4,3,5.3,9.3,2.2,3,1,1,51.3,True,4,7.1,705389,9.6,9.5,Art. 25 CISG,Cross-Border Dispute,172673.75,Check jurisdiction -> Assess contract clauses -> Compute liability,140852.29,0.39,0.64
FLC-2025-1295,Region E,2017,Civil,Win,True,880473.9,6.8,8.2,9.1,6.4,8.2,9.0,6.2,6.8,2,5.1,7.9,0.1,1,0,2,145.7,False,8,6.7,249556,9.9,7.1,Art. 45 Civil Code,Breach of Contract,83822.96,Assess plaintiff claims -> Review evidence -> Determine outcome,452382.42,0.51,0.8
FLC-2023-1296,Region B,2024,Commercial,Win,True,476686.33,6.6,8.7,8.4,5.5,7.7,9.6,5.2,6.6,0,3.3,6.9,5.0,5,2,2,126.8,False,0,6.5,798844,8.4,5.0,Art. 25 CISG,Cross-Border Dispute,112349.73,Review charges -> Evaluate evidence -> Determine verdict,261667.96,0.55,0.64
FLC-2024-1297,Region C,2016,Civil,Dismissed,False,2089084.93,7.5,7.4,7.3,9.0,6.0,9.2,5.0,7.5,2,5.1,7.0,8.2,9,0,1,172.4,True,7,7.1,526556,9.9,5.1,Art. 45 Civil Code,Breach of Contract,44162.04,Assess plaintiff claims -> Review evidence -> Determine outcome,187554.14,0.09,0.63
FLC-2025-1298,Region B,2021,Criminal,Settlement,False,434943.38,4.1,7.8,9.4,9.1,8.4,4.2,7.6,4.1,0,4.9,7.5,5.3,1,3,0,61.5,False,9,6.9,84471,5.3,8.1,Art. 12 Penal Code,Fraud,172823.85,Analyze treaty -> Evaluate cross-border compliance -> Recommend settlement,226404.59,0.52,0.42
FLC-2023-1299,Region C,2021,Commercial,Settlement,False,195362.75,4.9,6.5,7.2,6.3,3.0,4.7,8.5,4.9,3,2.3,7.4,3.0,7,2,4,51.3,True,8,5.1,921565,8.3,6.8,Art. 25 CISG,Cross-Border Dispute,189397.27,Check jurisdiction -> Assess contract clauses -> Compute liability,85533.65,0.44,0.51
FLC-2024-1300,Region C,2021,Administrative,Loss,False,1830090.79,5.8,8.2,5.1,9.8,3.1,6.2,5.4,5.8,4,5.9,6.7,7.3,3,2,1,35.5,False,8,6.8,844557,7.5,5.4,Art. 5 Admin Law,Regulatory Violation,185394.87,Check applicable law -> Compute damages -> Advise resolution,736504.99,0.4,0.51
FLC-2025-1301,Region E,2023,Civil,Settlement,True,689771.12,6.2,6.8,10.0,8.7,6.6,8.8,8.5,6.2,0,5.0,8.5,9.0,1,1,4,70.6,True,6,9.2,293688,8.4,8.4,Art. 45 Civil Code,Breach of Contract,80505.99,Assess plaintiff claims -> Review evidence -> Determine outcome,299398.88,0.43,0.91
FLC-2023-1302,Region A,2022,Administrative,Loss,False,2611517.19,6.5,5.1,8.4,9.8,4.8,4.9,5.1,6.5,2,4.3,6.3,7.2,7,3,2,52.0,True,9,9.5,418958,8.0,5.4,Art. 5 Admin Law,Regulatory Violation,124057.47,Check applicable law -> Compute damages -> Advise resolution,960607.17,0.37,0.6
FLC-2024-1303,Region A,2023,Criminal,Loss,False,1741225.07,5.6,8.6,8.6,5.5,5.3,5.1,5.1,5.6,4,4.5,6.4,3.4,2,3,3,45.5,False,3,8.0,987813,8.8,8.8,Art. 12 Penal Code,Fraud,56258.04,Analyze treaty -> Evaluate cross-border compliance -> Recommend settlement,925030.14,0.53,0.71
FLC-2025-1304,Region A,2022,Commercial,Settlement,False,2024836.77,4.4,6.4,8.2,7.0,9.2,7.9,7.9,4.4,1,2.7,8.0,9.9,6,1,0,101.8,True,6,7.6,275983,7.0,9.3,Art. 25 CISG,Cross-Border Dispute,38302.61,Review charges -> Evaluate evidence -> Determine verdict,926114.53,0.46,0.46
FLC-2023-1305,Region D,2017,Criminal,Settlement,True,404812.53,0.1,5.2,9.7,8.4,9.6,5.2,9.3,0.1,4,1.2,5.5,8.2,6,4,4,65.7,False,3,8.7,544823,9.2,6.8,Art. 12 Penal Code,Fraud,208887.05,Review charges -> Evaluate evidence -> Determine verdict,355727.97,0.88,0.83
FLC-2024-1306,Region B,2023,Administrative,Loss,True,215497.54,1.8,9.8,5.6,7.9,8.5,7.2,7.0,1.8,0,1.8,6.4,3.5,7,4,4,165.4,False,0,6.4,456441,6.4,8.2,Art. 5 Admin Law,Regulatory Violation,299952.45,Assess plaintiff claims -> Review evidence -> Determine outcome,153835.39,0.71,0.92
FLC-2025-1307,Region D,2018,Commercial,Loss,True,355046.45,0.7,5.9,8.3,5.4,7.4,9.5,6.2,0.7,1,0.0,9.1,1.7,7,3,2,31.8,False,5,6.7,407204,6.3,6.1,Art. 25 CISG,Cross-Border Dispute,84343.4,Check jurisdiction -> Assess contract clauses -> Compute liability,310763.85,0.88,0.83
FLC-2023-1308,Region B,2020,Administrative,Loss,False,688498.57,6.4,7.4,5.2,7.2,8.0,6.5,5.6,6.4,3,4.1,9.2,4.7,5,2,1,147.7,True,7,7.4,656709,9.6,5.3,Art. 5 Admin Law,Regulatory Violation,177926.61,Review charges -> Evaluate evidence -> Determine verdict,245947.89,0.36,0.6
FLC-2024-1309,Region D,2020,Civil,Settlement,True,30929.85,4.0,5.9,7.1,6.1,9.0,5.2,9.3,4.0,1,3.2,9.2,2.6,4,1,3,84.2,True,3,5.5,752229,5.4,8.8,Art. 45 Civil Code,Breach of Contract,71852.98,Check jurisdiction -> Assess contract clauses -> Compute liability,16075.36,0.52,1.0
FLC-2025-1310,Region E,2017,Criminal,Settlement,True,64474.95,1.7,4.0,5.9,6.1,5.0,9.3,7.1,1.7,3,0.2,8.9,7.6,9,1,3,28.1,False,7,5.1,743295,6.9,9.5,Art. 12 Penal Code,Fraud,260305.54,Check applicable law -> Compute damages -> Advise resolution,53148.69,0.82,0.77
FLC-2023-1311,Region C,2017,Commercial,Settlement,True,1854790.25,2.6,8.0,7.1,5.3,8.5,9.4,7.6,2.6,3,2.3,5.1,7.4,6,4,4,132.4,True,9,5.5,774770,9.9,8.1,Art. 25 CISG,Cross-Border Dispute,376187.46,Check jurisdiction -> Assess contract clauses -> Compute liability,1402149.45,0.76,0.67
FLC-2024-1312,Region E,2018,International Treaty,Loss,True,185125.76,2.1,6.4,5.4,8.2,5.1,4.9,7.6,2.1,3,1.4,6.0,4.9,5,3,3,159.0,False,3,5.3,852665,9.0,6.7,Art. 97,Cross-Border Dispute,359033.41,Check jurisdiction -> Assess contract clauses -> Compute liability,163523.7,0.88,0.49
FLC-2025-1313,Region B,2019,Administrative,Settlement,False,253438.38,6.0,9.2,9.2,9.8,6.4,7.3,9.1,6.0,3,3.7,7.4,8.2,5,1,1,175.5,True,5,9.7,209783,6.9,7.7,Art. 5 Admin Law,Regulatory Violation,40043.34,Check jurisdiction -> Assess contract clauses -> Compute liability,100579.97,0.4,0.52
FLC-2023-1314,Region D,2018,Commercial,Settlement,False,168907.86,5.1,4.8,6.7,7.5,3.2,5.6,8.0,5.1,4,4.5,5.2,7.7,6,4,1,102.8,True,5,6.6,808709,5.3,9.3,Art. 25 CISG,Cross-Border Dispute,102523.97,Check applicable law -> Compute damages -> Advise resolution,76243.47,0.45,0.53
FLC-2024-1315,Region B,2017,Criminal,Settlement,True,1118277.59,0.5,6.8,5.0,8.2,7.7,7.1,8.4,0.5,4,0.8,6.2,3.6,9,1,1,127.0,False,3,7.4,260739,6.9,9.5,Art. 12 Penal Code,Fraud,80476.58,Assess plaintiff claims -> Review evidence -> Determine outcome,941716.75,0.84,0.66
FLC-2025-1316,Region C,2015,Administrative,Win,True,345522.14,3.4,8.0,8.2,9.3,4.5,7.8,5.5,3.4,0,0.9,7.9,2.2,7,4,0,21.7,False,3,7.5,155855,6.5,5.9,Art. 5 Admin Law,Regulatory Violation,83373.56,Check jurisdiction -> Assess contract clauses -> Compute liability,231455.47,0.67,0.85
FLC-2023-1317,Region C,2019,International Treaty,Loss,False,512841.36,3.5,7.6,6.9,7.3,9.7,7.3,5.7,3.5,4,3.1,7.0,0.7,9,3,3,103.5,False,4,5.4,848753,5.8,7.3,Art. 97,Cross-Border Dispute,32651.37,Analyze treaty -> Evaluate cross-border compliance -> Recommend settlement,364409.36,0.71,0.6
FLC-2024-1318,Region C,2016,Civil,Win,False,275622.87,8.4,6.0,9.4,7.0,9.1,4.2,8.5,8.4,1,4.8,7.2,4.1,4,2,1,22.7,False,0,9.7,872507,8.4,7.9,Art. 45 Civil Code,Breach of Contract,25964.1,Analyze treaty -> Evaluate cross-border compliance -> Recommend settlement,19817.62,0.07,0.61
FLC-2025-1319,Region E,2018,Criminal,Settlement,False,2008293.81,3.8,4.3,6.1,7.5,4.1,9.3,8.6,3.8,2,4.1,9.4,9.8,7,4,3,165.3,False,2,7.5,392655,9.2,5.5,Art. 12 Penal Code,Fraud,22822.89,Check applicable law -> Compute damages -> Advise resolution,1166227.29,0.58,0.69
FLC-2023-1320,Region C,2023,Civil,Settlement,True,539127.54,5.1,6.6,9.5,8.8,3.5,4.9,5.4,5.1,0,4.6,8.5,6.6,6,1,1,178.6,True,0,9.6,451715,6.2,5.6,Art. 45 Civil Code,Breach of Contract,140673.1,Check jurisdiction -> Assess contract clauses -> Compute liability,305927.88,0.57,0.94
FLC-2024-1321,Region C,2016,Commercial,Loss,True,124934.48,4.3,7.7,7.6,6.5,7.5,9.5,5.0,4.3,4,2.9,8.9,2.1,9,3,1,191.3,False,4,6.9,682333,9.0,5.8,Art. 25 CISG,Cross-Border Dispute,112755.84,Check jurisdiction -> Assess contract clauses -> Compute liability,88264.99,0.71,0.58
FLC-2025-1322,Region E,2019,Administrative,Win,False,231691.11,7.8,6.6,7.9,7.1,6.1,5.6,6.4,7.8,1,7.4,5.7,1.6,3,2,2,172.9,True,8,9.6,94733,7.9,8.1,Art. 5 Admin Law,Regulatory Violation,22110.94,Analyze treaty -> Evaluate cross-border compliance -> Recommend settlement,16777.61,0.07,0.51
FLC-2023-1323,Region E,2019,Criminal,Settlement,False,241139.77,8.3,9.0,5.7,7.7,5.4,8.2,5.1,8.3,2,7.3,5.5,0.6,8,4,4,113.5,False,2,8.5,668387,9.7,9.5,Art. 12 Penal Code,Fraud,163169.62,Analyze treaty -> Evaluate cross-border compliance -> Recommend settlement,80503.24,0.33,0.57
FLC-2024-1324,Region A,2021,Commercial,Settlement,False,373481.34,4.9,7.9,6.0,5.5,4.7,4.7,6.8,4.9,0,4.4,6.9,3.5,6,0,2,195.0,False,8,5.8,628156,7.7,8.5,Art. 25 CISG,Cross-Border Dispute,126696.73,Analyze treaty -> Evaluate cross-border compliance -> Recommend settlement,126731.8,0.34,0.49
FLC-2025-1325,Region C,2024,International Treaty,Settlement,False,911409.49,3.1,6.1,9.3,6.5,5.4,7.4,5.5,3.1,1,1.7,7.0,3.4,9,0,0,153.7,True,3,7.2,492273,6.6,9.9,Art. 97,Cross-Border Dispute,107913.52,Analyze treaty -> Evaluate cross-border compliance -> Recommend settlement,595204.69,0.65,0.29
FLC-2023-1326,Region C,2020,Civil,Win,True,1374152.85,6.6,5.2,5.4,8.7,3.5,6.3,8.7,6.6,1,4.0,5.9,2.5,2,1,4,86.1,False,2,9.1,260972,9.0,8.3,Art. 45 Civil Code,Breach of Contract,161266.35,Check applicable law -> Compute damages -> Advise resolution,455401.24,0.33,0.75
FLC-2024-1327,Region E,2021,Administrative,Win,False,1502476.46,5.9,9.8,8.2,7.2,8.0,8.9,8.0,5.9,0,5.8,7.1,7.9,8,4,0,77.4,False,5,8.0,794953,9.9,6.5,Art. 5 Admin Law,Regulatory Violation,63440.06,Assess plaintiff claims -> Review evidence -> Determine outcome,350376.78,0.23,0.57
FLC-2025-1328,Region C,2016,Commercial,Settlement,False,441991.91,6.1,7.5,9.0,8.8,7.3,4.1,8.6,6.1,1,5.2,9.9,4.7,3,3,2,158.7,False,0,7.7,650499,9.5,9.1,Art. 25 CISG,Cross-Border Dispute,184868.63,Analyze treaty -> Evaluate cross-border compliance -> Recommend settlement,203571.23,0.46,0.54
FLC-2023-1329,Region B,2017,Criminal,Win,False,873407.77,2.7,6.0,5.3,8.9,8.0,7.3,8.6,2.7,0,1.4,6.5,8.6,7,0,3,125.2,True,7,6.7,780025,6.4,7.6,Art. 12 Penal Code,Fraud,18064.06,Check jurisdiction -> Assess contract clauses -> Compute liability,532872.58,0.61,0.86
FLC-2024-1330,Region D,2019,Criminal,Loss,True,318048.83,2.4,5.8,9.7,6.1,5.9,9.8,6.6,2.4,2,2.3,9.1,2.0,2,1,0,101.5,False,1,8.1,751609,8.1,6.3,Art. 12 Penal Code,Fraud,81579.66,Check jurisdiction -> Assess contract clauses -> Compute liability,299096.41,0.94,0.71
FLC-2025-1331,Region D,2018,Administrative,Win,False,200510.98,7.6,5.5,8.2,8.8,6.2,6.0,9.6,7.6,0,7.0,7.6,9.6,4,0,0,83.6,True,5,6.1,645338,9.6,5.4,Art. 5 Admin Law,Regulatory Violation,46992.49,Check jurisdiction -> Assess contract clauses -> Compute liability,40529.89,0.2,0.39
FLC-2023-1332,Region D,2015,Commercial,Win,False,1280328.82,6.3,4.1,6.6,5.2,8.9,7.5,5.2,6.3,3,4.1,5.6,5.0,7,2,3,117.0,True,6,7.3,959364,7.1,9.7,Art. 25 CISG,Cross-Border Dispute,218783.21,Check applicable law -> Compute damages -> Advise resolution,630232.61,0.49,0.52
FLC-2024-1333,Region A,2019,Criminal,Loss,True,1299300.87,0.0,9.1,9.6,5.1,3.7,9.6,7.8,0.0,0,0.8,5.7,1.3,8,0,2,189.4,True,0,9.4,484501,5.3,7.7,Art. 12 Penal Code,Fraud,398530.74,Assess plaintiff claims -> Review evidence -> Determine outcome,1135123.0,0.87,0.66
FLC-2025-1334,Region E,2021,Commercial,Loss,True,116613.51,2.3,9.7,5.3,9.4,6.3,8.6,5.4,2.3,4,1.8,8.1,9.7,2,3,3,28.1,False,5,5.6,405309,7.3,10.0,Art. 25 CISG,Cross-Border Dispute,257678.48,Analyze treaty -> Evaluate cross-border compliance -> Recommend settlement,101412.38,0.87,0.76
FLC-2023-1335,Region A,2024,International Treaty,Loss,True,375485.28,2.3,9.6,5.5,7.8,3.7,7.4,9.1,2.3,2,0.9,8.6,2.3,5,1,0,21.3,True,6,5.7,190019,9.7,7.0,Art. 97,Cross-Border Dispute,173598.0,Review charges -> Evaluate evidence -> Determine verdict,297203.19,0.79,0.51
FLC-2024-1336,Region A,2015,Civil,Win,True,1582584.29,5.0,4.5,7.2,6.3,8.9,5.4,8.8,5.0,1,5.0,6.0,5.5,6,1,1,121.2,False,5,6.8,68249,7.5,9.1,Art. 45 Civil Code,Breach of Contract,8542.28,Check applicable law -> Compute damages -> Advise resolution,925253.42,0.58,0.97
FLC-2025-1337,Region C,2016,Commercial,Loss,True,141828.24,2.3,4.1,9.1,8.0,6.6,4.1,8.9,2.3,4,1.4,6.0,4.6,6,1,2,62.5,True,6,5.8,906790,7.4,6.4,Art. 25 CISG,Cross-Border Dispute,319313.13,Check applicable law -> Compute damages -> Advise resolution,102969.23,0.73,0.73
FLC-2023-1338,Region A,2020,Commercial,Settlement,True,445728.95,3.3,7.7,8.5,8.1,5.2,6.1,7.9,3.3,1,1.7,9.8,6.5,1,4,4,193.4,False,3,5.0,706056,9.9,6.9,Art. 25 CISG,Cross-Border Dispute,307577.96,Check jurisdiction -> Assess contract clauses -> Compute liability,314063.12,0.7,0.56
FLC-2024-1339,Region E,2018,Administrative,Dismissed,False,348385.16,7.2,5.1,9.8,6.5,7.4,4.4,6.5,7.2,2,4.7,5.1,5.1,9,2,3,98.9,True,3,9.0,351745,8.6,6.9,Art. 5 Admin Law,Regulatory Violation,39837.87,Assess plaintiff claims -> Review evidence -> Determine outcome,79895.24,0.23,0.57
FLC-2025-1340,Region E,2015,Civil,Win,False,481153.3,5.8,8.5,5.9,5.7,5.0,6.2,6.6,5.8,1,4.9,8.3,7.8,2,0,4,80.5,True,9,7.9,699087,7.9,7.8,Art. 45 Civil Code,Breach of Contract,31987.82,Assess plaintiff claims -> Review evidence -> Determine outcome,137644.96,0.29,0.57
FLC-2023-1341,Region A,2015,Civil,Dismissed,False,160512.59,8.4,6.1,6.8,7.3,9.1,4.8,5.3,8.4,2,6.3,6.4,7.2,8,1,4,149.1,True,9,9.6,44418,7.8,8.1,Art. 45 Civil Code,Breach of Contract,65153.24,Assess plaintiff claims -> Review evidence -> Determine outcome,36328.98,0.23,0.69
FLC-2024-1342,Region D,2018,International Treaty,Loss,False,773464.2,3.9,8.0,9.6,7.2,9.6,6.8,6.0,3.9,1,4.8,10.0,3.3,2,2,4,93.0,False,1,7.7,477019,8.6,6.5,Art. 97,Cross-Border Dispute,57571.56,Check jurisdiction -> Assess contract clauses -> Compute liability,472071.31,0.61,0.29
FLC-2025-1343,Region A,2017,Criminal,Settlement,False,111574.16,6.2,10.0,7.8,7.7,3.3,4.8,7.6,6.2,3,4.5,7.8,6.0,1,1,1,143.4,True,2,9.7,273394,5.1,9.7,Art. 12 Penal Code,Fraud,30939.13,Check jurisdiction -> Assess contract clauses -> Compute liability,39941.3,0.36,0.72
FLC-2023-1344,Region B,2020,Administrative,Win,False,423875.92,8.6,6.9,8.3,7.7,7.6,5.9,9.8,8.6,1,6.1,8.0,6.7,6,2,1,192.6,True,1,8.0,32087,8.7,9.4,Art. 5 Admin Law,Regulatory Violation,35097.24,Assess plaintiff claims -> Review evidence -> Determine outcome,94441.95,0.22,0.6
FLC-2024-1345,Region E,2019,Administrative,Win,False,517634.57,8.1,5.5,6.3,9.8,9.2,5.9,9.1,8.1,4,8.5,10.0,4.0,4,1,4,169.0,True,9,9.2,673267,7.2,7.0,Art. 5 Admin Law,Regulatory Violation,77700.92,Assess plaintiff claims -> Review evidence -> Determine outcome,212535.71,0.41,0.63
FLC-2025-1346,Region B,2024,Civil,Dismissed,False,241858.91,5.5,6.5,6.9,7.8,3.6,9.8,9.7,5.5,3,5.2,9.4,6.6,6,2,0,59.3,False,3,6.5,822497,10.0,7.2,Art. 45 Civil Code,Breach of Contract,65860.65,Review charges -> Evaluate evidence -> Determine verdict,67915.85,0.28,0.89
FLC-2023-1347,Region E,2018,Administrative,Loss,False,168839.23,3.3,10.0,8.9,5.6,7.8,8.5,7.6,3.3,0,2.9,7.8,6.8,9,1,4,198.7,False,9,8.4,258010,8.4,7.6,Art. 5 Admin Law,Regulatory Violation,23747.69,Assess plaintiff claims -> Review evidence -> Determine outcome,83009.86,0.49,0.62
FLC-2024-1348,Region B,2022,Administrative,Dismissed,False,533464.33,7.5,7.8,5.4,5.7,6.6,6.0,7.3,7.5,1,6.2,5.6,8.6,5,3,2,24.0,False,3,7.9,229609,8.5,8.9,Art. 5 Admin Law,Regulatory Violation,91350.94,Review charges -> Evaluate evidence -> Determine verdict,146934.57,0.28,0.74
FLC-2025-1349,Region E,2016,Administrative,Loss,True,133203.83,2.0,4.1,8.9,6.0,5.5,6.4,9.6,2.0,1,1.3,7.2,5.2,9,2,4,23.1,False,8,6.7,297777,6.9,6.6,Art. 5 Admin Law,Regulatory Violation,198005.76,Check jurisdiction -> Assess contract clauses -> Compute liability,108085.92,0.81,0.97
FLC-2023-1350,Region E,2018,Criminal,Settlement,True,288718.84,1.6,8.2,7.4,9.5,5.9,7.1,8.5,1.6,1,0.9,7.7,4.9,1,3,0,41.3,True,8,10.0,785296,6.1,9.5,Art. 12 Penal Code,Fraud,111597.67,Check applicable law -> Compute damages -> Advise resolution,210024.96,0.73,0.8
FLC-2024-1351,Region D,2024,Administrative,Win,False,421681.46,9.4,4.1,7.6,6.3,3.9,8.3,5.2,9.4,2,6.6,9.0,2.5,3,1,2,63.9,False,4,7.4,988965,8.1,6.0,Art. 5 Admin Law,Regulatory Violation,18545.9,Check jurisdiction -> Assess contract clauses -> Compute liability,99103.56,0.24,0.63
FLC-2025-1352,Region E,2020,Criminal,Settlement,False,365430.53,6.7,5.8,5.3,7.5,4.3,5.0,6.9,6.7,3,6.4,6.7,9.9,1,1,0,46.4,False,1,7.8,592236,5.6,8.3,Art. 12 Penal Code,Fraud,68162.23,Analyze treaty -> Evaluate cross-border compliance -> Recommend settlement,159755.24,0.44,0.86
FLC-2023-1353,Region A,2019,International Treaty,Loss,True,4001641.24,3.0,4.7,8.6,7.1,7.8,7.8,5.8,3.0,2,1.5,6.3,2.4,8,2,3,141.3,True,8,7.7,648544,7.6,5.9,Art. 97,Cross-Border Dispute,210511.23,Review charges -> Evaluate evidence -> Determine verdict,3117920.49,0.78,0.67
FLC-2024-1354,Region A,2018,Civil,Win,False,490353.91,8.5,9.7,9.5,6.3,3.6,5.7,7.2,8.5,3,6.9,5.8,4.4,2,3,0,61.8,False,5,7.2,870798,7.2,7.3,Art. 45 Civil Code,Breach of Contract,35838.59,Check applicable law -> Compute damages -> Advise resolution,50574.69,0.1,0.58
FLC-2025-1355,Region C,2022,International Treaty,Loss,False,279972.26,1.6,9.7,5.4,8.8,9.1,9.9,6.7,1.6,3,0.0,5.2,8.9,7,3,4,73.1,True,4,9.0,191360,7.8,9.7,Art. 97,Cross-Border Dispute,344205.54,Assess plaintiff claims -> Review evidence -> Determine outcome,238539.39,0.85,0.21
FLC-2023-1356,Region D,2024,International Treaty,Loss,True,974229.7,2.1,8.2,8.2,8.9,4.7,6.6,5.8,2.1,0,2.5,8.2,7.6,2,1,3,86.1,True,5,7.7,326531,8.0,8.8,Art. 97,Cross-Border Dispute,342343.54,Check jurisdiction -> Assess contract clauses -> Compute liability,807199.81,0.83,0.53
FLC-2024-1357,Region A,2021,Criminal,Settlement,False,1184456.99,4.2,9.6,5.6,7.8,9.3,4.6,7.5,4.2,3,1.4,7.8,0.3,4,1,1,39.0,False,6,7.6,985584,5.7,8.9,Art. 12 Penal Code,Fraud,224181.9,Check jurisdiction -> Assess contract clauses -> Compute liability,576405.37,0.49,0.69
FLC-2025-1358,Region D,2024,Commercial,Loss,False,849474.65,5.4,9.2,7.6,6.6,7.0,7.8,6.7,5.4,2,4.8,8.0,3.1,6,0,3,72.4,False,6,5.4,691671,8.8,9.0,Art. 25 CISG,Cross-Border Dispute,146874.71,Review charges -> Evaluate evidence -> Determine verdict,380320.26,0.45,0.49
FLC-2023-1359,Region B,2024,Commercial,Loss,False,973322.78,6.8,5.8,7.5,7.9,8.5,5.4,5.6,6.8,2,5.5,8.0,5.5,1,4,2,31.4,True,0,8.8,710475,6.6,8.4,Art. 25 CISG,Cross-Border Dispute,17086.22,Analyze treaty -> Evaluate cross-border compliance -> Recommend settlement,395867.74,0.41,0.56
FLC-2024-1360,Region D,2018,International Treaty,Settlement,False,511762.61,5.7,5.8,7.3,8.4,9.7,6.1,6.5,5.7,0,2.9,6.8,7.3,7,1,3,167.8,True,4,9.5,358206,10.0,6.6,Art. 97,Cross-Border Dispute,2131.58,Check jurisdiction -> Assess contract clauses -> Compute liability,268355.34,0.52,0.41
FLC-2025-1361,Region B,2018,Administrative,Loss,True,1344002.25,2.4,6.1,8.3,9.6,5.8,7.4,8.2,2.4,0,0.5,6.2,6.5,3,4,0,59.1,False,5,5.9,238819,8.1,8.4,Art. 5 Admin Law,Regulatory Violation,149587.82,Check jurisdiction -> Assess contract clauses -> Compute liability,829888.79,0.62,0.8
FLC-2023-1362,Region E,2021,Administrative,Win,False,650024.3,8.0,4.4,7.6,5.1,8.1,6.9,7.3,8.0,3,6.0,7.7,9.8,3,0,4,110.8,False,5,8.4,905038,8.4,7.1,Art. 5 Admin Law,Regulatory Violation,68492.8,Assess plaintiff claims -> Review evidence -> Determine outcome,122614.64,0.19,0.77
FLC-2024-1363,Region B,2021,Administrative,Loss,False,1387424.54,7.5,9.6,7.2,10.0,3.3,4.8,7.2,7.5,1,6.1,8.4,1.1,4,2,2,93.5,True,5,5.6,502434,5.9,7.4,Art. 5 Admin Law,Regulatory Violation,2949.34,Check jurisdiction -> Assess contract clauses -> Compute liability,494560.23,0.36,0.68
FLC-2025-1364,Region B,2023,Criminal,Loss,True,2173118.51,1.2,5.6,5.2,8.5,9.0,4.8,6.9,1.2,0,2.0,5.5,6.5,5,0,2,106.1,True,7,7.2,708445,5.5,8.4,Art. 12 Penal Code,Fraud,84832.01,Check jurisdiction -> Assess contract clauses -> Compute liability,1665371.9,0.77,0.96
FLC-2023-1365,Region D,2019,Administrative,Settlement,True,1716272.14,3.3,7.4,6.5,8.9,5.2,7.2,5.1,3.3,3,1.8,9.7,7.3,6,4,1,90.2,True,3,7.1,62242,9.2,8.2,Art. 5 Admin Law,Regulatory Violation,25374.76,Analyze treaty -> Evaluate cross-border compliance -> Recommend settlement,943927.78,0.55,0.77
FLC-2024-1366,Region D,2017,Commercial,Settlement,False,366617.2,4.9,6.3,6.6,9.8,7.1,5.5,9.9,4.9,2,5.6,8.2,7.2,4,2,1,74.8,False,2,7.3,39946,8.4,9.7,Art. 25 CISG,Cross-Border Dispute,5648.77,Analyze treaty -> Evaluate cross-border compliance -> Recommend settlement,166500.89,0.45,0.36
FLC-2025-1367,Region D,2015,Civil,Settlement,True,1232235.73,6.1,9.5,6.4,7.9,6.9,7.4,8.6,6.1,1,5.3,8.4,9.2,7,2,1,113.2,False,1,8.6,249133,5.3,6.8,Art. 45 Civil Code,Breach of Contract,114247.7,Analyze treaty -> Evaluate cross-border compliance -> Recommend settlement,567213.42,0.46,0.89
FLC-2023-1368,Region B,2016,Civil,Dismissed,False,187672.77,10.0,8.8,6.3,5.5,4.6,9.3,6.4,10.0,2,7.9,6.7,6.2,1,3,2,197.7,True,2,5.6,359660,5.8,7.0,Art. 45 Civil Code,Breach of Contract,7333.09,Review charges -> Evaluate evidence -> Determine verdict,8845.98,0.05,0.68
FLC-2024-1369,Region C,2016,International Treaty,Loss,False,983534.36,4.4,4.3,7.2,5.3,4.2,8.4,7.4,4.4,3,2.4,8.0,7.9,5,4,0,41.9,True,9,5.5,802340,9.4,9.8,Art. 97,Cross-Border Dispute,28043.16,Check jurisdiction -> Assess contract clauses -> Compute liability,503081.01,0.51,0.47
FLC-2025-1370,Region E,2023,Administrative,Dismissed,False,182871.37,5.8,4.3,7.1,7.5,9.3,6.8,5.7,5.8,2,4.7,8.9,7.5,5,3,1,47.4,False,3,8.8,586553,5.2,5.6,Art. 5 Admin Law,Regulatory Violation,3935.66,Check applicable law -> Compute damages -> Advise resolution,35268.26,0.19,0.6
FLC-2023-1371,Region E,2015,Administrative,Dismissed,False,3292593.85,8.1,4.2,9.1,7.5,9.0,9.1,9.4,8.1,2,5.2,6.7,5.5,5,3,2,185.1,False,5,7.0,161481,9.4,8.5,Art. 5 Admin Law,Regulatory Violation,24679.73,Check applicable law -> Compute damages -> Advise resolution,662889.61,0.2,0.62
FLC-2024-1372,Region E,2015,Civil,Settlement,True,93284.09,5.5,8.4,9.2,7.4,9.8,9.5,7.8,5.5,2,2.4,6.3,0.2,1,3,0,39.2,False,2,10.0,256562,9.0,6.9,Art. 45 Civil Code,Breach of Contract,124426.1,Check applicable law -> Compute damages -> Advise resolution,39877.61,0.43,0.82
FLC-2025-1373,Region D,2023,Civil,Win,False,1374774.01,8.3,7.5,5.5,7.5,9.5,7.0,8.9,8.3,3,6.8,8.6,0.3,3,0,1,136.4,True,3,7.7,688150,7.0,5.8,Art. 45 Civil Code,Breach of Contract,62398.67,Check applicable law -> Compute damages -> Advise resolution,329418.02,0.24,0.72
FLC-2023-1374,Region D,2017,International Treaty,Settlement,False,10416918.12,4.9,8.5,6.7,5.8,6.5,6.1,6.3,4.9,4,4.9,8.5,2.8,4,1,1,108.3,True,9,5.0,571940,8.0,8.9,Art. 97,Cross-Border Dispute,49113.22,Check applicable law -> Compute damages -> Advise resolution,5977781.21,0.57,0.39
FLC-2024-1375,Region C,2015,Commercial,Loss,True,524282.07,4.5,7.0,8.5,9.8,4.0,8.1,6.2,4.5,4,4.9,9.5,1.5,9,4,1,122.2,False,3,6.1,684851,9.9,5.7,Art. 25 CISG,Cross-Border Dispute,70536.62,Check applicable law -> Compute damages -> Advise resolution,301423.8,0.57,0.74
FLC-2025-1376,Region C,2024,International Treaty,Loss,True,125972.63,4.7,6.1,9.1,9.5,4.7,8.6,7.7,4.7,0,2.0,8.9,5.6,4,4,4,193.5,False,1,6.5,560051,5.8,9.1,Art. 97,Cross-Border Dispute,49114.14,Review charges -> Evaluate evidence -> Determine verdict,88685.25,0.7,0.48
FLC-2023-1377,Region C,2015,Commercial,Win,False,170107.49,9.0,8.4,5.3,8.0,8.4,5.4,6.0,9.0,0,7.0,6.0,2.5,2,3,3,103.0,False,9,7.2,153885,9.1,9.7,Art. 25 CISG,Cross-Border Dispute,148063.38,Check applicable law -> Compute damages -> Advise resolution,59925.36,0.35,0.41
FLC-2024-1378,Region A,2018,Criminal,Loss,True,810353.09,1.5,8.5,6.6,7.4,9.5,6.8,10.0,1.5,1,2.0,9.7,6.9,3,4,0,178.8,False,5,5.7,549522,7.1,9.6,Art. 12 Penal Code,Fraud,50036.14,Assess plaintiff claims -> Review evidence -> Determine outcome,590349.02,0.73,0.91
FLC-2025-1379,Region E,2023,Criminal,Settlement,True,291379.96,3.5,8.8,5.8,6.6,5.5,7.5,8.9,3.5,0,1.2,5.2,9.0,3,2,2,63.4,False,3,9.6,59825,7.8,8.4,Art. 12 Penal Code,Fraud,39354.43,Analyze treaty -> Evaluate cross-border compliance -> Recommend settlement,212739.62,0.73,0.76
FLC-2023-1380,Region B,2020,Administrative,Settlement,False,282339.97,5.2,5.7,9.1,9.9,9.4,4.3,9.6,5.2,3,5.4,6.2,3.8,3,3,1,58.0,True,1,5.9,879368,8.2,6.7,Art. 5 Admin Law,Regulatory Violation,128506.29,Assess plaintiff claims -> Review evidence -> Determine outcome,123856.72,0.44,0.64
FLC-2024-1381,Region C,2019,Civil,Settlement,True,369383.3,4.2,8.9,6.2,9.3,9.1,9.0,6.7,4.2,4,1.4,6.2,0.2,1,3,2,30.8,False,9,5.6,566282,8.3,5.7,Art. 45 Civil Code,Breach of Contract,138665.97,Assess plaintiff claims -> Review evidence -> Determine outcome,143917.32,0.39,0.9
FLC-2025-1382,Region A,2017,Criminal,Settlement,True,229888.49,1.9,7.5,6.3,5.3,8.3,7.5,9.2,1.9,0,2.1,9.2,0.3,1,3,1,138.2,True,6,6.6,110240,6.8,6.8,Art. 12 Penal Code,Fraud,134704.54,Review charges -> Evaluate evidence -> Determine verdict,173903.65,0.76,0.89
FLC-2023-1383,Region B,2020,Administrative,Loss,True,243819.21,3.8,5.8,5.2,9.4,8.8,6.2,5.9,3.8,4,2.0,7.7,5.2,7,4,1,24.9,True,0,7.6,621890,5.9,5.5,Art. 5 Admin Law,Regulatory Violation,210559.91,Review charges -> Evaluate evidence -> Determine verdict,173652.25,0.71,0.85
FLC-2024-1384,Region C,2024,Criminal,Loss,False,308511.62,7.9,7.6,8.3,9.5,6.8,7.4,9.4,7.9,3,4.4,8.1,4.2,7,4,4,20.5,False,1,6.4,180046,7.5,8.7,Art. 12 Penal Code,Fraud,123963.25,Assess plaintiff claims -> Review evidence -> Determine outcome,94576.3,0.31,0.7
FLC-2025-1385,Region E,2017,Civil,Win,False,219498.43,8.9,6.7,5.5,5.4,5.0,8.5,6.3,8.9,4,9.0,9.4,4.4,4,2,3,80.6,True,6,5.3,234656,9.0,7.1,Art. 45 Civil Code,Breach of Contract,48787.27,Analyze treaty -> Evaluate cross-border compliance -> Recommend settlement,28836.6,0.13,0.64
FLC-2023-1386,Region A,2024,Civil,Win,False,257346.05,6.9,4.1,5.5,6.6,7.7,5.2,9.4,6.9,4,4.7,10.0,0.2,6,4,1,135.3,True,4,6.9,439957,9.4,5.5,Art. 45 Civil Code,Breach of Contract,68155.88,Check applicable law -> Compute damages -> Advise resolution,42695.27,0.17,0.77
FLC-2024-1387,Region A,2021,International Treaty,Loss,True,211562.85,1.6,7.0,9.6,5.4,3.5,9.4,8.3,1.6,3,0.2,9.3,3.3,6,0,1,157.6,True,2,7.8,945859,7.0,7.4,Art. 97,Cross-Border Dispute,66178.07,Review charges -> Evaluate evidence -> Determine verdict,158058.49,0.75,0.57
FLC-2025-1388,Region B,2023,Civil,Settlement,True,897820.84,4.8,4.1,5.3,9.6,9.2,7.0,7.5,4.8,2,4.3,9.3,1.6,3,3,4,25.4,False,4,7.8,121331,7.0,5.4,Art. 45 Civil Code,Breach of Contract,213322.21,Assess plaintiff claims -> Review evidence -> Determine outcome,514463.88,0.57,0.77
FLC-2023-1389,Region B,2016,Administrative,Win,False,1301528.42,8.5,4.4,7.8,5.6,3.2,8.1,8.4,8.5,1,7.2,5.5,5.9,2,3,3,67.0,False,1,6.4,515841,7.5,7.8,Art. 5 Admin Law,Regulatory Violation,20662.44,Check jurisdiction -> Assess contract clauses -> Compute liability,152427.3,0.12,0.69
FLC-2024-1390,Region D,2022,Criminal,Loss,True,957741.87,3.7,5.2,5.7,5.8,9.9,7.9,6.5,3.7,1,3.1,6.1,8.8,3,4,1,58.0,False,5,7.1,701211,5.8,7.4,Art. 12 Penal Code,Fraud,305462.22,Analyze treaty -> Evaluate cross-border compliance -> Recommend settlement,723620.45,0.76,0.88
FLC-2025-1391,Region C,2018,Civil,Win,True,901152.21,7.0,7.6,6.7,7.3,3.3,7.7,8.3,7.0,4,5.3,8.9,6.5,7,4,2,58.7,False,2,5.3,181566,6.9,9.2,Art. 45 Civil Code,Breach of Contract,115837.13,Check applicable law -> Compute damages -> Advise resolution,392761.16,0.44,0.65
FLC-2023-1392,Region C,2022,Criminal,Loss,True,478953.82,1.3,9.2,9.3,9.2,5.8,8.9,9.2,1.3,2,1.5,5.9,1.7,4,3,1,72.6,False,0,9.0,360332,6.7,9.0,Art. 12 Penal Code,Fraud,162076.25,Assess plaintiff claims -> Review evidence -> Determine outcome,408389.27,0.85,0.92
FLC-2024-1393,Region D,2016,Criminal,Win,True,900492.25,3.9,5.2,7.6,6.1,4.3,9.7,9.1,3.9,4,3.2,6.5,1.5,6,4,2,154.7,True,0,7.3,189698,8.2,8.8,Art. 12 Penal Code,Fraud,45899.28,Review charges -> Evaluate evidence -> Determine verdict,563504.73,0.63,0.94
FLC-2025-1394,Region D,2021,Administrative,Win,False,371958.55,4.4,4.1,9.0,9.3,7.4,9.6,7.9,4.4,2,3.7,7.8,9.1,8,1,3,158.6,False,0,8.0,874201,6.8,6.4,Art. 5 Admin Law,Regulatory Violation,233317.81,Check applicable law -> Compute damages -> Advise resolution,175042.61,0.47,0.48
FLC-2023-1395,Region A,2019,Civil,Win,False,482086.03,8.9,7.2,9.8,9.4,9.7,6.3,9.4,8.9,1,6.1,6.7,1.1,3,2,1,84.3,True,4,5.9,84723,8.0,8.4,Art. 45 Civil Code,Breach of Contract,6526.1,Analyze treaty -> Evaluate cross-border compliance -> Recommend settlement,69225.05,0.14,0.64
FLC-2024-1396,Region B,2018,Commercial,Win,False,1346254.36,6.9,9.7,7.1,7.7,7.0,7.9,5.0,6.9,4,4.9,5.5,3.7,2,2,4,163.1,False,4,8.4,264759,6.2,9.8,Art. 25 CISG,Cross-Border Dispute,9540.0,Check applicable law -> Compute damages -> Advise resolution,386531.04,0.29,0.61
FLC-2025-1397,Region E,2019,Administrative,Settlement,True,42386.41,3.7,9.3,5.5,5.9,8.0,5.0,5.8,3.7,3,4.7,6.3,9.5,6,2,4,124.2,True,2,9.0,447829,6.8,6.3,Art. 5 Admin Law,Regulatory Violation,215334.13,Analyze treaty -> Evaluate cross-border compliance -> Recommend settlement,27479.77,0.65,0.84
FLC-2023-1398,Region D,2022,International Treaty,Settlement,False,316651.51,4.2,7.2,5.0,8.9,6.5,6.9,6.8,4.2,2,4.2,6.7,7.6,5,3,1,110.9,False,1,8.9,306425,7.1,9.5,Art. 97,Cross-Border Dispute,187342.37,Check applicable law -> Compute damages -> Advise resolution,156399.27,0.49,0.53
FLC-2024-1399,Region C,2022,Commercial,Loss,False,533298.32,4.9,9.8,5.0,7.1,8.1,9.0,5.3,4.9,4,4.5,7.2,1.8,6,4,4,152.7,True,3,8.0,585495,6.9,5.1,Art. 25 CISG,Cross-Border Dispute,196159.99,Check jurisdiction -> Assess contract clauses -> Compute liability,284150.73,0.53,0.55
FLC-2025-1400,Region E,2023,Administrative,Win,False,352934.07,10.0,6.6,9.0,8.5,3.8,6.9,8.5,10.0,1,9.7,5.7,1.6,2,3,2,189.3,False,6,9.6,350400,5.0,5.7,Art. 5 Admin Law,Regulatory Violation,48156.69,Analyze treaty -> Evaluate cross-border compliance -> Recommend settlement,46352.05,0.13,0.51
FLC-2023-1401,Region C,2019,Commercial,Settlement,False,5916497.22,6.9,4.7,8.5,9.5,4.2,9.0,5.6,6.9,1,5.3,7.6,6.6,4,3,0,66.9,True,1,8.3,170269,7.0,6.4,Art. 25 CISG,Cross-Border Dispute,7719.71,Analyze treaty -> Evaluate cross-border compliance -> Recommend settlement,2240771.05,0.38,0.77
FLC-2024-1402,Region B,2022,International Treaty,Settlement,False,842594.32,5.5,5.9,8.7,5.2,4.5,6.4,6.9,5.5,1,5.1,6.2,4.4,7,4,2,91.8,False,2,9.5,164410,6.3,5.4,Art. 97,Cross-Border Dispute,52856.43,Check applicable law -> Compute damages -> Advise resolution,393926.36,0.47,0.53
FLC-2025-1403,Region C,2019,Civil,Win,False,172045.12,8.4,8.1,5.2,7.9,3.0,5.6,7.5,8.4,3,6.1,5.6,1.7,4,2,4,199.5,True,6,5.0,807594,9.5,5.5,Art. 45 Civil Code,Breach of Contract,1622.48,Review charges -> Evaluate evidence -> Determine verdict,21021.18,0.12,0.95
FLC-2023-1404,Region C,2023,Civil,Dismissed,False,51308.74,10.0,8.0,7.5,7.6,6.5,7.0,8.8,10.0,4,8.0,9.5,6.4,1,1,1,113.4,False,3,7.8,394227,8.9,9.4,Art. 45 Civil Code,Breach of Contract,30862.68,Analyze treaty -> Evaluate cross-border compliance -> Recommend settlement,5955.14,0.12,0.63
FLC-2024-1405,Region C,2017,Civil,Settlement,True,1611066.44,3.5,7.2,8.1,9.0,4.5,4.8,9.3,3.5,4,3.2,7.7,4.3,5,2,0,140.0,False,8,6.0,490244,7.6,9.7,Art. 45 Civil Code,Breach of Contract,40455.37,Assess plaintiff claims -> Review evidence -> Determine outcome,988823.03,0.61,0.87
FLC-2025-1406,Region C,2016,Civil,Settlement,True,367763.57,2.4,8.5,5.0,8.2,6.5,6.8,9.1,2.4,4,1.6,7.0,0.6,4,0,3,63.4,True,9,9.1,484507,7.6,8.5,Art. 45 Civil Code,Breach of Contract,132989.67,Check applicable law -> Compute damages -> Advise resolution,205000.26,0.56,0.97
FLC-2023-1407,Region E,2018,Commercial,Loss,True,246542.23,1.7,6.0,9.6,8.1,7.7,4.0,7.5,1.7,4,0.2,6.5,8.7,3,0,2,138.8,True,1,6.0,990582,9.8,9.4,Art. 25 CISG,Cross-Border Dispute,129830.03,Review charges -> Evaluate evidence -> Determine verdict,173321.99,0.7,0.9
FLC-2024-1408,Region B,2019,Commercial,Settlement,False,305930.23,3.5,9.0,7.8,7.4,9.9,5.7,7.6,3.5,3,3.8,8.5,2.0,7,2,0,140.8,False,7,9.1,515318,7.0,8.5,Art. 25 CISG,Cross-Border Dispute,133727.46,Review charges -> Evaluate evidence -> Determine verdict,149609.34,0.49,0.31
FLC-2025-1409,Region E,2023,Criminal,Settlement,True,381446.6,3.9,6.0,7.1,8.1,6.6,4.1,7.1,3.9,3,1.9,8.7,6.2,6,3,2,152.6,True,5,6.3,118993,5.6,6.5,Art. 12 Penal Code,Fraud,306439.15,Assess plaintiff claims -> Review evidence -> Determine outcome,270325.04,0.71,0.91
FLC-2023-1410,Region B,2018,Commercial,Loss,False,999997.67,5.4,8.2,6.9,8.5,5.6,4.4,8.7,5.4,4,4.5,8.3,7.8,2,2,3,74.6,False,7,6.2,348926,8.0,5.9,Art. 25 CISG,Cross-Border Dispute,143145.73,Check jurisdiction -> Assess contract clauses -> Compute liability,328813.62,0.33,0.49
FLC-2024-1411,Region A,2021,Administrative,Settlement,True,473590.11,6.0,8.0,9.1,6.7,9.3,6.9,8.3,6.0,0,5.2,9.8,9.0,9,2,2,36.1,False,3,9.0,646029,9.2,9.7,Art. 5 Admin Law,Regulatory Violation,279495.51,Check jurisdiction -> Assess contract clauses -> Compute liability,283540.42,0.6,0.75
FLC-2025-1412,Region D,2024,Criminal,Win,False,144512.75,7.7,5.8,6.0,5.6,6.7,4.0,8.5,7.7,4,6.1,7.4,3.6,4,3,4,189.5,True,7,8.1,315550,7.8,7.0,Art. 12 Penal Code,Fraud,51549.42,Analyze treaty -> Evaluate cross-border compliance -> Recommend settlement,38278.19,0.26,0.47
FLC-2023-1413,Region E,2021,International Treaty,Loss,False,938588.95,4.5,6.7,8.6,9.3,8.4,5.4,6.6,4.5,1,2.8,5.5,4.0,2,3,4,199.2,False,6,9.3,120211,6.9,6.1,Art. 97,Cross-Border Dispute,272599.89,Review charges -> Evaluate evidence -> Determine verdict,558417.86,0.59,0.26
FLC-2024-1414,Region D,2016,Commercial,Settlement,False,565223.72,7.2,5.7,5.6,6.4,7.5,6.1,9.8,7.2,3,6.5,7.4,4.9,8,3,0,31.8,False,4,9.4,223458,6.4,8.3,Art. 25 CISG,Cross-Border Dispute,131240.14,Check applicable law -> Compute damages -> Advise resolution,192860.78,0.34,0.33
FLC-2025-1415,Region E,2018,Administrative,Win,True,890916.79,2.9,5.8,8.3,5.3,8.7,6.8,7.3,2.9,0,2.7,7.4,7.2,6,1,0,151.1,True,0,5.8,718496,5.6,6.9,Art. 5 Admin Law,Regulatory Violation,168887.51,Analyze treaty -> Evaluate cross-border compliance -> Recommend settlement,589696.96,0.66,0.71
FLC-2023-1416,Region E,2018,Administrative,Settlement,True,1039511.17,4.4,4.8,7.3,8.6,4.2,4.8,8.1,4.4,1,4.2,7.4,0.5,5,1,4,119.6,True,4,6.4,391862,5.3,5.4,Art. 5 Admin Law,Regulatory Violation,204917.63,Review charges -> Evaluate evidence -> Determine verdict,583437.4,0.56,0.82
FLC-2024-1417,Region A,2017,Criminal,Win,False,698189.53,6.0,5.0,8.4,9.8,5.2,4.1,8.7,6.0,3,4.3,10.0,1.4,9,2,2,119.3,True,5,6.7,935356,7.6,9.5,Art. 12 Penal Code,Fraud,186401.21,Check applicable law -> Compute damages -> Advise resolution,262404.88,0.38,0.57
FLC-2025-1418,Region E,2023,International Treaty,Settlement,False,1085202.71,3.8,9.1,6.2,7.2,7.3,9.5,5.1,3.8,3,3.8,6.2,3.3,3,2,3,153.0,False,3,6.2,977930,5.4,9.1,Art. 97,Cross-Border Dispute,39784.83,Check jurisdiction -> Assess contract clauses -> Compute liability,733675.53,0.68,0.52
FLC-2023-1419,Region C,2021,Civil,Win,False,159479.8,8.5,5.8,6.7,5.0,5.1,6.8,5.9,8.5,1,7.8,8.1,6.0,6,1,0,166.7,True,8,6.2,550767,8.2,8.2,Art. 45 Civil Code,Breach of Contract,2944.28,Review charges -> Evaluate evidence -> Determine verdict,1706.94,0.01,0.77
FLC-2024-1420,Region C,2023,Criminal,Settlement,True,2163969.51,1.3,10.0,7.1,7.5,8.4,7.8,9.2,1.3,0,0.7,8.2,4.3,2,4,2,168.7,False,1,8.4,412231,7.6,6.8,Art. 12 Penal Code,Fraud,125984.24,Assess plaintiff claims -> Review evidence -> Determine outcome,1703966.11,0.79,0.67
FLC-2025-1421,Region B,2019,Commercial,Settlement,False,251410.55,5.8,4.4,9.2,8.1,4.2,8.8,8.3,5.8,4,4.8,6.3,9.0,1,0,3,120.3,True,8,5.1,123550,7.0,9.2,Art. 25 CISG,Cross-Border Dispute,187849.85,Check jurisdiction -> Assess contract clauses -> Compute liability,114648.34,0.46,0.39
FLC-2023-1422,Region C,2015,International Treaty,Settlement,False,424389.23,5.8,4.9,6.2,8.1,5.6,8.6,7.7,5.8,1,3.8,7.3,5.9,1,0,0,120.9,False,1,9.6,370851,9.6,8.1,Art. 97,Cross-Border Dispute,61424.81,Check jurisdiction -> Assess contract clauses -> Compute liability,228614.79,0.54,0.58
FLC-2024-1423,Region A,2023,Criminal,Settlement,False,810195.94,2.0,6.4,6.1,7.0,7.4,4.2,9.9,2.0,2,1.4,8.1,2.8,8,3,0,130.1,False,9,7.5,416044,7.6,5.4,Art. 12 Penal Code,Fraud,21868.09,Check jurisdiction -> Assess contract clauses -> Compute liability,486435.53,0.6,0.46
FLC-2025-1424,Region E,2019,Civil,Settlement,False,155543.79,4.4,6.2,8.7,5.1,3.1,4.2,6.1,4.4,4,5.2,9.0,6.7,2,4,0,179.4,False,6,6.3,691691,5.7,5.6,Art. 45 Civil Code,Breach of Contract,139708.81,Check applicable law -> Compute damages -> Advise resolution,73014.65,0.47,0.59
FLC-2023-1425,Region D,2019,Administrative,Win,False,398410.6,7.6,6.3,9.1,8.8,7.4,9.6,5.5,7.6,2,8.3,6.3,4.7,3,1,2,53.7,True,9,8.9,720366,5.7,7.3,Art. 5 Admin Law,Regulatory Violation,105583.04,Check applicable law -> Compute damages -> Advise resolution,105037.2,0.26,0.64
FLC-2024-1426,Region D,2024,Criminal,Settlement,False,445404.68,6.8,5.5,7.5,8.6,4.4,6.9,5.6,6.8,2,5.4,7.9,5.4,6,1,1,199.4,True,5,6.0,19044,5.0,5.2,Art. 12 Penal Code,Fraud,180612.95,Check applicable law -> Compute damages -> Advise resolution,176720.95,0.4,0.59
FLC-2025-1427,Region E,2020,Commercial,Loss,True,1550418.5,4.3,9.7,9.6,9.7,3.2,8.3,6.1,4.3,0,3.6,7.8,9.5,5,4,3,27.6,False,3,6.9,576396,5.9,7.4,Art. 25 CISG,Cross-Border Dispute,135202.51,Review charges -> Evaluate evidence -> Determine verdict,1027440.53,0.66,0.5
FLC-2023-1428,Region E,2019,Criminal,Win,False,318791.06,8.0,7.3,7.8,7.6,5.6,6.7,5.6,8.0,0,5.5,6.0,8.3,6,1,3,104.7,True,2,8.5,686987,6.2,5.4,Art. 12 Penal Code,Fraud,89026.49,Assess plaintiff claims -> Review evidence -> Determine outcome,80511.9,0.25,0.62
FLC-2024-1429,Region B,2020,Administrative,Loss,False,257276.12,5.9,8.4,5.2,5.8,7.5,6.7,9.1,5.9,1,3.5,6.1,7.3,6,1,2,123.2,True,4,6.0,839428,6.2,8.4,Art. 5 Admin Law,Regulatory Violation,116459.93,Check jurisdiction -> Assess contract clauses -> Compute liability,99579.11,0.39,0.58
FLC-2025-1430,Region A,2019,Commercial,Loss,True,2484972.37,1.3,8.6,9.3,7.5,6.7,5.2,8.6,1.3,1,1.8,8.7,4.1,5,2,2,198.6,True,6,6.3,726282,7.6,5.8,Art. 25 CISG,Cross-Border Dispute,239454.19,Review charges -> Evaluate evidence -> Determine verdict,1828750.58,0.74,0.4
FLC-2023-1431,Region E,2016,International Treaty,Loss,True,1156178.93,0.6,4.8,9.4,8.5,3.5,6.9,7.6,0.6,2,0.0,7.1,4.5,1,0,3,67.6,True,1,5.4,399715,5.9,5.3,Art. 97,Cross-Border Dispute,376885.63,Review charges -> Evaluate evidence -> Determine verdict,1104533.3,0.96,0.52
FLC-2024-1432,Region E,2020,Administrative,Settlement,True,1217780.16,3.5,8.1,7.7,8.9,4.1,7.2,6.0,3.5,0,3.7,7.0,4.4,9,1,2,109.7,True,4,8.6,758966,5.2,6.7,Art. 5 Admin Law,Regulatory Violation,6076.44,Check jurisdiction -> Assess contract clauses -> Compute liability,675962.76,0.56,0.81
FLC-2025-1433,Region E,2015,Commercial,Settlement,True,171932.59,4.3,5.0,6.3,5.9,4.4,8.6,7.1,4.3,4,3.5,8.3,3.8,2,0,1,122.8,False,1,8.5,154088,7.9,6.2,Art. 25 CISG,Cross-Border Dispute,33909.88,Analyze treaty -> Evaluate cross-border compliance -> Recommend settlement,128478.22,0.75,0.82
FLC-2023-1434,Region E,2024,International Treaty,Settlement,False,434839.92,3.3,9.9,6.0,7.2,9.8,6.4,6.7,3.3,0,2.5,9.8,2.9,6,2,4,54.9,True,4,9.7,494272,9.1,8.9,Art. 97,Cross-Border Dispute,192948.75,Check applicable law -> Compute damages -> Advise resolution,324354.76,0.75,0.34
FLC-2024-1435,Region B,2021,Civil,Win,False,766213.73,7.5,7.9,6.6,7.8,7.6,6.6,5.7,7.5,4,7.5,9.7,5.4,6,2,1,86.6,False,3,6.7,666147,6.3,7.5,Art. 45 Civil Code,Breach of Contract,2409.71,Check applicable law -> Compute damages -> Advise resolution,135641.6,0.18,0.85
FLC-2025-1436,Region C,2022,International Treaty,Settlement,False,266599.95,2.5,4.0,8.0,9.6,6.6,4.0,6.1,2.5,4,1.6,9.7,1.0,1,0,1,170.9,True,5,8.0,661717,8.0,6.3,Art. 97,Cross-Border Dispute,41509.0,Check applicable law -> Compute damages -> Advise resolution,181100.03,0.68,0.35
FLC-2023-1437,Region B,2017,Civil,Win,True,934755.99,4.1,5.1,5.0,7.4,9.5,5.7,5.2,4.1,1,1.2,5.3,3.0,4,2,2,105.6,True,0,8.6,164209,8.7,6.2,Art. 45 Civil Code,Breach of Contract,77854.27,Assess plaintiff claims -> Review evidence -> Determine outcome,539136.09,0.58,0.84
FLC-2024-1438,Region D,2023,Civil,Loss,True,829726.23,3.8,5.8,6.9,9.0,7.6,6.7,7.9,3.8,0,1.8,9.2,8.6,8,2,2,150.7,True,9,9.0,95535,8.3,5.7,Art. 45 Civil Code,Breach of Contract,18274.4,Assess plaintiff claims -> Review evidence -> Determine outcome,475515.16,0.57,0.94
FLC-2025-1439,Region A,2020,International Treaty,Settlement,False,322171.65,4.3,7.6,5.1,9.0,9.3,7.0,8.5,4.3,3,4.5,8.1,8.8,9,0,3,180.2,True,7,6.2,541962,5.7,7.1,Art. 97,Cross-Border Dispute,78657.36,Analyze treaty -> Evaluate cross-border compliance -> Recommend settlement,161152.12,0.5,0.23
FLC-2023-1440,Region B,2015,Administrative,Loss,True,246920.69,2.7,6.0,8.1,9.9,4.8,5.0,7.7,2.7,2,1.6,9.6,0.3,3,4,1,88.7,False,7,8.6,544156,6.7,6.2,Art. 5 Admin Law,Regulatory Violation,367411.66,Assess plaintiff claims -> Review evidence -> Determine outcome,193356.14,0.78,0.83
FLC-2024-1441,Region A,2016,Commercial,Loss,False,537541.09,3.8,8.0,6.8,7.6,4.6,4.8,6.2,3.8,2,4.1,9.4,2.8,8,0,4,166.0,True,0,7.1,763375,7.0,5.6,Art. 25 CISG,Cross-Border Dispute,60979.16,Check applicable law -> Compute damages -> Advise resolution,305775.26,0.57,0.57
FLC-2025-1442,Region E,2017,Criminal,Loss,True,3280756.01,1.9,6.1,8.5,5.6,9.8,8.7,6.5,1.9,1,3.1,5.4,7.2,6,4,1,113.4,False,7,6.3,412885,7.7,8.9,Art. 12 Penal Code,Fraud,382036.14,Check applicable law -> Compute damages -> Advise resolution,2513087.78,0.77,0.69
FLC-2023-1443,Region C,2022,Civil,Win,False,334912.58,9.3,5.8,5.3,9.4,7.2,7.2,5.7,9.3,4,6.0,7.5,7.4,2,1,1,31.0,False,7,9.1,347704,5.5,8.1,Art. 45 Civil Code,Breach of Contract,1545.35,Check jurisdiction -> Assess contract clauses -> Compute liability,1778.59,0.01,0.67
FLC-2024-1444,Region A,2024,Administrative,Win,True,482260.03,3.9,7.4,6.1,8.1,4.5,4.7,7.7,3.9,0,4.8,7.6,5.0,8,2,4,87.9,False,4,7.4,152938,9.3,10.0,Art. 5 Admin Law,Regulatory Violation,199762.52,Check applicable law -> Compute damages -> Advise resolution,289164.54,0.6,0.85
FLC-2025-1445,Region E,2018,Criminal,Loss,True,183080.2,3.1,4.0,8.5,8.0,8.7,4.2,9.6,3.1,3,1.0,6.6,4.5,9,3,1,38.1,True,7,8.0,313249,5.2,7.2,Art. 12 Penal Code,Fraud,105972.93,Assess plaintiff claims -> Review evidence -> Determine outcome,149082.11,0.81,0.81
FLC-2023-1446,Region E,2015,International Treaty,Loss,True,324640.9,0.1,8.4,6.7,8.1,5.1,9.9,6.6,0.1,1,0.0,5.2,2.1,9,0,0,42.3,False,7,5.7,276073,8.3,9.3,Art. 97,Cross-Border Dispute,207667.1,Assess plaintiff claims -> Review evidence -> Determine outcome,287098.09,0.88,0.5
FLC-2024-1447,Region C,2021,Civil,Loss,True,107011.24,5.1,7.8,10.0,8.0,9.5,5.5,7.0,5.1,0,2.3,7.2,1.2,5,4,0,104.1,True,9,6.5,386522,8.1,9.9,Art. 45 Civil Code,Breach of Contract,216433.78,Analyze treaty -> Evaluate cross-border compliance -> Recommend settlement,56351.74,0.53,0.85
FLC-2025-1448,Region D,2015,Criminal,Settlement,False,449249.42,6.1,4.4,6.9,7.6,9.7,9.1,9.6,6.1,2,5.0,7.9,8.6,1,1,2,87.0,True,0,7.2,48232,5.7,5.2,Art. 12 Penal Code,Fraud,673.29,Review charges -> Evaluate evidence -> Determine verdict,198475.3,0.44,0.46
FLC-2023-1449,Region A,2022,Administrative,Settlement,False,2337133.08,5.6,4.1,5.1,6.1,5.6,5.8,9.1,5.6,0,3.9,7.8,2.3,2,1,2,112.8,True,2,8.5,446934,5.6,8.5,Art. 5 Admin Law,Regulatory Violation,176360.91,Analyze treaty -> Evaluate cross-border compliance -> Recommend settlement,840450.79,0.36,0.72
FLC-2024-1450,Region C,2022,Administrative,Win,False,672199.01,7.7,7.4,9.9,8.3,5.6,4.9,5.8,7.7,0,6.7,8.2,9.1,7,1,0,189.5,False,8,6.9,46160,9.9,6.8,Art. 5 Admin Law,Regulatory Violation,27641.11,Review charges -> Evaluate evidence -> Determine verdict,100301.91,0.15,0.65
FLC-2025-1451,Region B,2020,Criminal,Settlement,False,642255.49,4.7,4.7,9.2,9.6,4.5,8.3,8.0,4.7,0,3.7,8.2,9.6,1,0,4,166.8,True,0,9.5,994000,7.0,6.0,Art. 12 Penal Code,Fraud,75634.47,Check jurisdiction -> Assess contract clauses -> Compute liability,306243.51,0.48,0.63
FLC-2023-1452,Region B,2024,Civil,Win,False,1636272.49,8.6,7.2,9.0,9.3,6.1,6.2,7.3,8.6,4,6.8,9.7,3.1,2,0,3,178.1,False,4,6.3,938587,7.4,5.6,Art. 45 Civil Code,Breach of Contract,104423.07,Check jurisdiction -> Assess contract clauses -> Compute liability,370260.76,0.23,0.52
FLC-2024-1453,Region E,2020,Administrative,Settlement,True,2015848.31,4.9,7.3,10.0,7.8,3.0,9.6,6.2,4.9,3,4.0,5.7,4.6,7,4,1,173.9,False,6,6.3,203345,5.2,6.8,Art. 5 Admin Law,Regulatory Violation,282624.08,Review charges -> Evaluate evidence -> Determine verdict,1226713.1,0.61,0.83
FLC-2025-1454,Region C,2017,Commercial,Settlement,False,61460.42,5.5,8.4,8.6,7.1,6.8,9.5,8.2,5.5,3,4.6,6.7,9.9,3,4,1,166.4,True,7,6.5,575435,6.0,8.9,Art. 25 CISG,Cross-Border Dispute,130059.1,Check applicable law -> Compute damages -> Advise resolution,22955.08,0.37,0.82
FLC-2023-1455,Region D,2021,Commercial,Settlement,False,1455944.47,7.6,7.0,6.2,8.9,8.0,5.6,5.5,7.6,4,7.6,8.0,2.1,7,2,4,144.2,False,9,6.8,779956,5.4,5.1,Art. 25 CISG,Cross-Border Dispute,3136.74,Analyze treaty -> Evaluate cross-border compliance -> Recommend settlement,489908.33,0.34,0.58
FLC-2024-1456,Region D,2017,Criminal,Loss,True,418155.2,1.0,7.8,9.7,8.5,8.5,5.8,5.5,1.0,1,0.0,8.8,4.2,6,4,4,151.5,True,4,5.9,309605,6.3,9.7,Art. 12 Penal Code,Fraud,384983.93,Review charges -> Evaluate evidence -> Determine verdict,339902.01,0.81,0.57
FLC-2025-1457,Region E,2020,Civil,Settlement,True,1339107.87,6.6,5.8,6.0,9.9,9.9,4.5,8.8,6.6,3,5.1,5.2,5.5,4,1,1,52.9,False,1,7.1,820557,8.0,5.2,Art. 45 Civil Code,Breach of Contract,164978.87,Check applicable law -> Compute damages -> Advise resolution,551276.22,0.41,0.85
FLC-2023-1458,Region E,2018,Administrative,Settlement,True,1461041.23,4.1,9.9,5.7,9.2,4.4,6.2,8.5,4.1,4,2.7,5.1,2.6,6,3,2,27.0,True,6,8.8,278651,6.1,6.9,Art. 5 Admin Law,Regulatory Violation,266718.94,Check jurisdiction -> Assess contract clauses -> Compute liability,830953.71,0.57,0.68
FLC-2024-1459,Region D,2017,Administrative,Loss,True,768486.72,3.8,6.7,7.6,8.5,8.7,8.0,9.9,3.8,0,1.6,5.5,9.5,4,1,0,90.5,False,8,7.3,197314,9.7,9.7,Art. 5 Admin Law,Regulatory Violation,139133.98,Assess plaintiff claims -> Review evidence -> Determine outcome,524727.21,0.68,0.64
FLC-2025-1460,Region D,2019,Criminal,Settlement,True,1035544.48,1.8,9.2,6.4,6.2,6.5,4.4,6.9,1.8,0,0.6,6.7,0.6,1,3,3,55.1,False,7,5.8,940809,9.4,8.1,Art. 12 Penal Code,Fraud,341085.88,Check jurisdiction -> Assess contract clauses -> Compute liability,718105.65,0.69,0.75
FLC-2023-1461,Region B,2020,Criminal,Loss,False,93502.67,5.4,9.2,9.8,5.4,8.4,5.6,6.9,5.4,4,4.9,6.9,1.4,5,0,2,120.5,True,9,8.9,732018,7.8,6.6,Art. 12 Penal Code,Fraud,198454.26,Check jurisdiction -> Assess contract clauses -> Compute liability,46549.32,0.5,0.55
FLC-2024-1462,Region A,2023,Commercial,Win,False,98167.93,7.2,5.6,8.5,7.0,8.8,8.8,6.1,7.2,1,6.5,7.4,9.4,3,2,0,82.2,False,7,8.9,113707,9.4,6.4,Art. 25 CISG,Cross-Border Dispute,127523.46,Analyze treaty -> Evaluate cross-border compliance -> Recommend settlement,29466.75,0.3,0.58
FLC-2025-1463,Region C,2017,Criminal,Loss,True,174710.12,2.2,7.4,9.2,6.9,3.5,7.7,8.8,2.2,1,2.4,9.1,1.7,8,2,1,160.8,True,0,9.7,868475,8.1,8.1,Art. 12 Penal Code,Fraud,115005.59,Check applicable law -> Compute damages -> Advise resolution,135580.62,0.78,0.76
FLC-2023-1464,Region B,2018,Administrative,Win,True,56808.28,4.3,6.4,6.1,6.1,3.8,7.9,8.7,4.3,1,3.0,9.6,9.2,1,0,0,82.0,False,1,8.4,956008,7.4,9.2,Art. 5 Admin Law,Regulatory Violation,36757.66,Check jurisdiction -> Assess contract clauses -> Compute liability,35292.3,0.62,0.89
FLC-2024-1465,Region E,2019,Commercial,Loss,False,171756.48,4.7,4.3,8.2,7.2,7.0,9.9,7.0,4.7,1,3.5,5.1,5.1,4,4,1,85.6,True,3,6.6,326938,7.9,5.6,Art. 25 CISG,Cross-Border Dispute,153339.61,Analyze treaty -> Evaluate cross-border compliance -> Recommend settlement,75911.37,0.44,0.54
FLC-2025-1466,Region E,2017,International Treaty,Loss,True,886527.86,1.4,7.0,6.6,7.2,3.6,5.4,5.5,1.4,3,0.0,5.8,6.6,6,4,3,78.5,True,0,9.1,572922,5.3,8.6,Art. 97,Cross-Border Dispute,316968.73,Check jurisdiction -> Assess contract clauses -> Compute liability,716650.7,0.81,0.51
FLC-2023-1467,Region E,2016,Civil,Settlement,True,647080.27,4.9,7.6,6.8,5.9,7.6,5.2,7.1,4.9,3,3.4,5.2,3.8,7,4,1,119.3,True,6,7.5,966486,9.8,7.8,Art. 45 Civil Code,Breach of Contract,216793.16,Assess plaintiff claims -> Review evidence -> Determine outcome,303052.23,0.47,0.77
FLC-2024-1468,Region A,2016,International Treaty,Settlement,False,316930.52,5.4,7.4,8.9,6.1,5.1,4.3,9.7,5.4,0,6.0,7.0,7.1,5,1,2,68.8,False,2,6.8,172568,6.4,8.5,Art. 97,Cross-Border Dispute,146608.34,Analyze treaty -> Evaluate cross-border compliance -> Recommend settlement,129835.97,0.41,0.34
FLC-2025-1469,Region D,2019,International Treaty,Loss,False,422011.33,4.6,4.1,8.4,9.4,3.2,8.4,10.0,4.6,2,3.2,7.1,8.7,2,1,3,172.6,True,6,5.1,97202,8.0,5.6,Art. 97,Cross-Border Dispute,263467.69,Check jurisdiction -> Assess contract clauses -> Compute liability,247814.31,0.59,0.48
FLC-2023-1470,Region C,2022,Commercial,Settlement,False,288135.77,6.6,8.5,7.8,6.1,6.8,7.0,7.4,6.6,1,2.9,9.4,7.1,7,4,3,48.6,True,7,6.1,303737,5.3,5.8,Art. 25 CISG,Cross-Border Dispute,160529.42,Check applicable law -> Compute damages -> Advise resolution,129344.21,0.45,0.66
FLC-2024-1471,Region C,2022,International Treaty,Settlement,False,906352.21,4.1,4.4,9.5,6.2,8.7,8.0,7.6,4.1,3,1.2,7.3,7.8,2,4,4,169.4,True,6,6.2,609361,6.2,8.4,Art. 97,Cross-Border Dispute,291134.18,Check applicable law -> Compute damages -> Advise resolution,568236.14,0.63,0.51
FLC-2025-1472,Region D,2015,Criminal,Loss,True,369359.52,1.4,4.3,7.5,10.0,5.2,7.0,8.3,1.4,2,0.0,8.5,6.6,7,2,1,85.6,False,3,7.2,593377,10.0,6.9,Art. 12 Penal Code,Fraud,148626.09,Assess plaintiff claims -> Review evidence -> Determine outcome,329113.51,0.89,0.65
FLC-2023-1473,Region C,2019,Civil,Dismissed,False,172155.47,7.8,9.8,7.1,6.2,7.3,4.8,5.4,7.8,3,6.0,5.9,0.6,6,0,4,30.4,True,0,5.3,729246,8.4,8.3,Art. 45 Civil Code,Breach of Contract,85546.11,Analyze treaty -> Evaluate cross-border compliance -> Recommend settlement,31847.83,0.18,0.76
FLC-2024-1474,Region D,2017,International Treaty,Settlement,True,866807.83,1.4,5.7,7.4,9.9,9.8,4.0,7.7,1.4,0,1.5,7.2,1.4,1,3,3,24.9,True,6,7.6,122204,8.4,8.0,Art. 97,Cross-Border Dispute,323128.16,Analyze treaty -> Evaluate cross-border compliance -> Recommend settlement,581378.26,0.67,0.62
FLC-2025-1475,Region C,2023,Criminal,Loss,True,2198602.89,0.0,5.0,7.3,6.6,5.5,6.4,9.8,0.0,1,1.0,5.2,7.6,2,2,3,175.4,False,8,7.5,292050,5.9,9.9,Art. 12 Penal Code,Fraud,32523.75,Analyze treaty -> Evaluate cross-border compliance -> Recommend settlement,2106363.18,0.96,0.89
FLC-2023-1476,Region D,2015,Civil,Settlement,True,355553.5,4.5,7.3,9.9,7.1,4.4,6.1,8.7,4.5,0,4.6,8.9,0.7,9,0,1,39.4,True,2,5.6,125213,6.6,8.3,Art. 45 Civil Code,Breach of Contract,116105.63,Check applicable law -> Compute damages -> Advise resolution,132459.39,0.37,0.84
FLC-2024-1477,Region A,2020,Commercial,Settlement,False,118558.16,6.0,6.8,7.3,9.4,6.8,8.3,6.6,6.0,1,5.5,8.6,3.0,4,4,0,77.0,False,1,9.4,849095,8.3,9.4,Art. 25 CISG,Cross-Border Dispute,54266.96,Analyze treaty -> Evaluate cross-border compliance -> Recommend settlement,51074.81,0.43,0.5
FLC-2025-1478,Region E,2019,Commercial,Loss,True,1151028.15,3.1,9.4,8.7,9.7,4.6,7.2,6.6,3.1,3,4.8,5.1,1.7,5,3,2,155.1,True,7,7.0,385589,8.5,7.7,Art. 25 CISG,Cross-Border Dispute,318152.72,Assess plaintiff claims -> Review evidence -> Determine outcome,738773.71,0.64,0.8
FLC-2023-1479,Region D,2024,Civil,Win,False,1041374.43,7.7,8.5,6.4,5.0,8.6,6.5,8.2,7.7,0,7.0,5.3,2.6,5,2,4,195.0,True,2,7.9,894976,7.6,5.3,Art. 45 Civil Code,Breach of Contract,11927.61,Check jurisdiction -> Assess contract clauses -> Compute liability,270942.83,0.26,0.71
FLC-2024-1480,Region C,2015,Civil,Settlement,True,387289.5,3.5,9.0,5.4,5.6,4.7,6.7,8.9,3.5,0,3.8,5.4,2.4,2,4,0,37.2,True,4,6.8,504511,6.7,6.4,Art. 45 Civil Code,Breach of Contract,253957.02,Check applicable law -> Compute damages -> Advise resolution,239113.14,0.62,0.86
FLC-2025-1481,Region A,2023,Criminal,Loss,True,65993.26,0.5,7.4,10.0,5.1,9.4,9.1,7.1,0.5,4,0.4,5.4,4.2,1,1,0,198.6,False,5,5.7,37492,7.6,9.0,Art. 12 Penal Code,Fraud,265029.39,Check applicable law -> Compute damages -> Advise resolution,54452.19,0.83,0.75
FLC-2023-1482,Region A,2018,Administrative,Settlement,True,344282.01,5.0,8.6,9.0,6.0,4.3,9.9,8.5,5.0,2,5.1,6.4,8.9,8,1,1,98.3,True,5,5.9,227063,9.8,6.0,Art. 5 Admin Law,Regulatory Violation,91255.14,Check jurisdiction -> Assess contract clauses -> Compute liability,201884.73,0.59,0.78
FLC-2024-1483,Region E,2016,Administrative,Win,False,175265.3,9.0,8.2,8.9,9.2,4.9,8.1,5.7,9.0,2,6.3,9.7,4.6,4,0,3,95.7,False,8,9.3,898683,8.7,5.9,Art. 5 Admin Law,Regulatory Violation,24551.46,Check jurisdiction -> Assess contract clauses -> Compute liability,34922.28,0.2,0.54
FLC-2025-1484,Region D,2020,International Treaty,Loss,True,339993.66,0.0,4.2,5.4,8.5,6.4,5.2,8.0,0.0,0,0.0,8.3,5.4,1,2,3,119.2,False,6,6.0,589501,5.4,7.1,Art. 97,Cross-Border Dispute,359453.92,Check applicable law -> Compute damages -> Advise resolution,292446.79,0.86,0.65
FLC-2023-1485,Region A,2019,Administrative,Loss,True,1187139.49,2.7,4.1,9.2,9.9,7.9,6.5,5.6,2.7,4,0.9,8.6,6.7,5,0,2,192.1,False,4,9.8,65254,6.4,5.8,Art. 5 Admin Law,Regulatory Violation,210308.99,Assess plaintiff claims -> Review evidence -> Determine outcome,917323.54,0.77,0.6
FLC-2024-1486,Region A,2021,Commercial,Loss,True,211040.69,2.8,4.3,9.9,8.3,9.3,10.0,7.0,2.8,0,3.7,6.2,4.0,9,3,4,89.7,True,9,5.8,268519,5.4,9.3,Art. 25 CISG,Cross-Border Dispute,200832.57,Check jurisdiction -> Assess contract clauses -> Compute liability,135393.04,0.64,0.65
FLC-2025-1487,Region B,2023,Civil,Settlement,True,238770.23,5.3,6.1,7.9,5.6,4.1,7.2,8.2,5.3,1,4.0,7.8,7.4,9,0,2,20.8,False,8,7.2,391874,8.8,9.4,Art. 45 Civil Code,Breach of Contract,91231.17,Review charges -> Evaluate evidence -> Determine verdict,116284.83,0.49,0.85
FLC-2023-1488,Region D,2023,Administrative,Settlement,False,278747.56,6.5,4.5,7.0,8.2,7.8,8.7,8.0,6.5,2,4.9,6.7,8.8,4,0,2,195.1,True,2,5.5,911297,8.0,6.7,Art. 5 Admin Law,Regulatory Violation,42071.88,Review charges -> Evaluate evidence -> Determine verdict,91277.56,0.33,0.45
FLC-2024-1489,Region B,2019,Criminal,Loss,True,62065.23,1.7,8.5,6.1,9.2,7.0,4.0,7.6,1.7,3,2.0,8.9,2.6,9,0,2,56.8,False,4,5.9,32649,8.3,5.1,Art. 12 Penal Code,Fraud,261237.88,Check jurisdiction -> Assess contract clauses -> Compute liability,52734.97,0.85,1.0
FLC-2025-1490,Region E,2018,Administrative,Win,False,853069.06,8.9,9.4,10.0,8.5,4.6,7.3,5.5,8.9,4,7.1,5.2,3.2,3,3,2,21.3,True,3,7.9,216327,7.4,6.1,Art. 5 Admin Law,Regulatory Violation,20859.62,Assess plaintiff claims -> Review evidence -> Determine outcome,227309.54,0.27,0.62
FLC-2023-1491,Region C,2015,Administrative,Settlement,False,1134952.45,4.5,9.4,6.2,8.6,4.9,8.3,5.4,4.5,4,5.0,9.4,7.4,2,0,2,60.8,False,0,7.6,134777,8.0,10.0,Art. 5 Admin Law,Regulatory Violation,103529.02,Review charges -> Evaluate evidence -> Determine verdict,604510.48,0.53,0.52
FLC-2024-1492,Region B,2023,Civil,Loss,True,461706.14,4.3,7.1,6.3,9.7,7.3,5.4,6.9,4.3,4,3.3,6.5,8.8,1,3,1,141.7,True,6,6.5,668070,6.0,7.7,Art. 45 Civil Code,Breach of Contract,116472.08,Check jurisdiction -> Assess contract clauses -> Compute liability,241927.46,0.52,0.89
FLC-2025-1493,Region B,2020,Commercial,Loss,True,600267.01,2.8,7.9,8.2,7.6,5.7,8.8,6.7,2.8,1,2.4,6.6,4.4,8,4,3,67.5,True,1,8.0,581272,7.0,6.6,Art. 25 CISG,Cross-Border Dispute,139930.49,Analyze treaty -> Evaluate cross-border compliance -> Recommend settlement,466458.56,0.78,0.58
FLC-2023-1494,Region E,2024,Criminal,Loss,False,169181.35,3.8,4.8,5.2,5.5,7.2,7.3,8.4,3.8,0,3.3,8.2,8.5,5,1,4,164.0,False,0,9.7,563015,8.7,7.7,Art. 12 Penal Code,Fraud,214715.8,Check applicable law -> Compute damages -> Advise resolution,81139.5,0.48,0.6
FLC-2024-1495,Region C,2020,International Treaty,Loss,False,566467.55,4.2,9.3,7.5,9.9,3.7,8.9,8.2,4.2,2,2.2,5.2,4.1,8,0,2,51.6,False,6,5.9,614669,6.3,8.6,Art. 97,Cross-Border Dispute,114203.8,Review charges -> Evaluate evidence -> Determine verdict,373318.56,0.66,0.26
FLC-2025-1496,Region A,2020,Criminal,Settlement,True,2223899.26,1.5,4.3,5.4,5.9,4.9,8.6,7.2,1.5,0,1.4,9.3,9.9,7,3,4,120.1,False,6,6.9,925865,8.0,8.3,Art. 12 Penal Code,Fraud,91064.34,Check applicable law -> Compute damages -> Advise resolution,1745377.69,0.78,1.0
FLC-2023-1497,Region D,2017,Civil,Loss,True,311187.45,5.7,9.8,5.2,9.6,6.4,5.3,8.3,5.7,2,5.5,9.3,1.2,8,2,2,134.4,True,4,7.4,736346,7.7,7.0,Art. 45 Civil Code,Breach of Contract,46873.29,Analyze treaty -> Evaluate cross-border compliance -> Recommend settlement,115477.15,0.37,0.98
FLC-2024-1498,Region B,2019,Administrative,Win,False,1197547.32,7.7,7.2,7.9,7.8,8.3,4.9,8.1,7.7,3,8.4,6.9,2.8,7,1,1,147.2,False,2,6.5,75007,6.9,8.9,Art. 5 Admin Law,Regulatory Violation,25324.29,Check applicable law -> Compute damages -> Advise resolution,310737.37,0.26,0.65
FLC-2025-1499,Region A,2015,Civil,Win,False,731184.72,10.0,10.0,5.7,6.9,7.4,7.5,8.9,10.0,1,8.8,8.7,0.6,6,3,4,164.3,False,5,7.5,985522,5.5,5.3,Art. 45 Civil Code,Breach of Contract,318.2,Check jurisdiction -> Assess contract clauses -> Compute liability,13901.28,0.02,0.85
FLC-2023-1500,Region C,2023,International Treaty,Loss,True,1204927.41,0.8,4.1,6.2,6.6,8.4,5.9,6.2,0.8,2,0.0,5.9,4.5,7,3,4,84.0,False,5,7.5,233965,6.8,9.0,Art. 97,Cross-Border Dispute,95430.82,Analyze treaty -> Evaluate cross-border compliance -> Recommend settlement,1117215.9,0.93,0.45
FLC-2024-1501,Region A,2017,International Treaty,Loss,False,110124.0,2.0,4.3,7.0,9.2,3.9,8.4,7.7,2.0,1,2.4,6.2,8.0,4,2,1,42.8,True,4,8.8,452669,7.3,8.3,Art. 97,Cross-Border Dispute,80427.89,Check jurisdiction -> Assess contract clauses -> Compute liability,84580.74,0.77,0.23
FLC-2025-1502,Region C,2022,Commercial,Loss,True,347201.41,3.4,5.4,6.9,9.9,9.6,9.2,8.9,3.4,3,3.1,6.4,9.2,4,4,2,26.0,True,5,6.7,810451,5.3,6.6,Art. 25 CISG,Cross-Border Dispute,140941.43,Analyze treaty -> Evaluate cross-border compliance -> Recommend settlement,273133.04,0.79,0.7
FLC-2023-1503,Region B,2015,International Treaty,Settlement,True,1061852.68,0.7,5.0,5.7,7.8,3.3,6.4,7.0,0.7,0,3.3,7.3,8.4,7,3,0,192.3,True,7,8.3,786998,5.9,7.6,Art. 97,Cross-Border Dispute,82386.42,Analyze treaty -> Evaluate cross-border compliance -> Recommend settlement,937493.83,0.88,0.63
FLC-2024-1504,Region B,2021,Commercial,Win,True,120832.3,5.8,7.1,9.2,7.8,5.2,4.8,7.2,5.8,2,3.8,5.9,6.3,7,0,3,164.2,False,6,8.3,5379,5.6,9.1,Art. 25 CISG,Cross-Border Dispute,196284.87,Check jurisdiction -> Assess contract clauses -> Compute liability,68878.3,0.57,0.88
FLC-2025-1505,Region C,2019,Civil,Dismissed,False,61292.07,5.7,6.2,8.7,8.5,9.4,7.8,6.6,5.7,4,5.1,9.1,5.4,6,1,0,168.0,False,1,9.0,483026,8.8,8.2,Art. 45 Civil Code,Breach of Contract,27856.71,Analyze treaty -> Evaluate cross-border compliance -> Recommend settlement,13453.91,0.22,0.71
FLC-2023-1506,Region E,2021,Commercial,Win,False,658470.02,5.8,7.7,7.6,6.8,8.5,9.5,8.8,5.8,1,3.9,6.0,8.3,8,0,3,127.9,False,5,8.8,621571,9.3,7.8,Art. 25 CISG,Cross-Border Dispute,176479.81,Analyze treaty -> Evaluate cross-border compliance -> Recommend settlement,251786.81,0.38,0.55
FLC-2024-1507,Region B,2020,Civil,Loss,True,638037.4,5.5,7.8,7.6,6.7,4.0,8.8,5.5,5.5,4,4.6,9.6,0.0,8,3,1,141.3,True,7,5.4,286343,8.5,9.9,Art. 45 Civil Code,Breach of Contract,47804.22,Analyze treaty -> Evaluate cross-border compliance -> Recommend settlement,300513.16,0.47,0.67
FLC-2025-1508,Region C,2015,International Treaty,Settlement,False,876006.9,2.8,8.1,7.8,5.0,8.9,6.1,7.0,2.8,0,1.8,6.1,5.5,7,4,4,82.9,False,3,6.0,63793,9.7,5.4,Art. 97,Cross-Border Dispute,182221.83,Assess plaintiff claims -> Review evidence -> Determine outcome,477181.11,0.54,0.34
FLC-2023-1509,Region E,2024,Criminal,Win,True,77980.27,3.3,7.4,5.2,9.0,5.0,8.2,8.8,3.3,1,2.7,9.9,4.1,9,2,4,162.8,True,6,5.5,920900,9.5,5.9,Art. 12 Penal Code,Fraud,288993.49,Review charges -> Evaluate evidence -> Determine verdict,50194.42,0.64,0.91
FLC-2024-1510,Region C,2024,International Treaty,Settlement,False,442673.6,3.5,5.7,5.1,9.7,6.1,6.9,5.8,3.5,0,1.4,6.0,1.4,4,4,3,163.7,True,4,7.9,732949,8.7,8.5,Art. 97,Cross-Border Dispute,19759.75,Analyze treaty -> Evaluate cross-border compliance -> Recommend settlement,302427.8,0.68,0.24
FLC-2025-1511,Region E,2019,Commercial,Loss,True,1028652.2,3.4,9.7,9.6,7.7,5.6,9.2,6.6,3.4,1,3.2,8.2,0.4,2,0,2,187.6,False,9,5.6,237309,9.9,7.7,Art. 25 CISG,Cross-Border Dispute,80069.18,Review charges -> Evaluate evidence -> Determine verdict,744022.97,0.72,0.72
FLC-2023-1512,Region A,2017,Civil,Dismissed,False,1471203.12,7.6,8.5,8.4,7.4,3.9,8.7,5.2,7.6,2,7.6,6.8,2.6,7,4,4,130.2,True,1,5.2,830763,6.4,6.8,Art. 45 Civil Code,Breach of Contract,60152.47,Review charges -> Evaluate evidence -> Determine verdict,330630.27,0.22,0.44
FLC-2024-1513,Region E,2024,Administrative,Settlement,False,1386208.67,2.1,8.3,5.7,9.6,5.2,7.5,6.6,2.1,2,2.0,9.5,0.7,5,4,4,30.1,False,8,5.6,952632,8.4,6.2,Art. 5 Admin Law,Regulatory Violation,42851.61,Check applicable law -> Compute damages -> Advise resolution,626291.85,0.45,0.58
FLC-2025-1514,Region D,2024,Commercial,Win,False,134888.95,7.5,5.1,5.6,6.7,5.4,9.0,6.1,7.5,3,5.4,8.0,6.9,7,0,2,82.6,False,2,9.0,827471,5.1,9.9,Art. 25 CISG,Cross-Border Dispute,74627.23,Review charges -> Evaluate evidence -> Determine verdict,40364.85,0.3,0.45
FLC-2023-1515,Region A,2024,Commercial,Dismissed,False,505303.7,8.7,7.3,9.9,6.1,8.1,7.3,9.7,8.7,2,7.7,5.3,5.4,9,4,2,197.6,True,7,9.8,109838,6.3,5.0,Art. 25 CISG,Cross-Border Dispute,34070.55,Review charges -> Evaluate evidence -> Determine verdict,148293.42,0.29,0.4
FLC-2024-1516,Region D,2017,Criminal,Loss,False,437292.09,4.9,4.8,6.6,7.1,8.9,9.4,6.4,4.9,2,3.7,6.3,9.6,9,3,1,32.1,True,7,7.6,994981,7.0,5.5,Art. 12 Penal Code,Fraud,85702.46,Analyze treaty -> Evaluate cross-border compliance -> Recommend settlement,232154.96,0.53,0.62
FLC-2025-1517,Region B,2019,Administrative,Win,False,1703352.22,6.9,8.1,5.4,9.4,7.2,9.9,5.1,6.9,1,5.4,7.6,10.0,3,0,1,113.3,False,0,9.5,356635,10.0,9.9,Art. 5 Admin Law,Regulatory Violation,38587.03,Review charges -> Evaluate evidence -> Determine verdict,488875.14,0.29,0.73
FLC-2023-1518,Region A,2022,International Treaty,Settlement,True,214442.36,1.5,6.7,9.9,5.1,5.7,5.1,7.8,1.5,2,1.3,6.0,4.4,4,1,1,177.6,False,5,7.2,96504,7.9,6.4,Art. 97,Cross-Border Dispute,182976.65,Analyze treaty -> Evaluate cross-border compliance -> Recommend settlement,167649.14,0.78,0.51
FLC-2024-1519,Region E,2017,International Treaty,Settlement,False,134123.84,5.7,5.6,9.7,7.6,4.2,5.6,5.4,5.7,4,6.4,7.6,3.4,3,3,1,162.9,True,9,5.4,105384,9.8,9.0,Art. 97,Cross-Border Dispute,133416.23,Analyze treaty -> Evaluate cross-border compliance -> Recommend settlement,73060.01,0.54,0.37
FLC-2025-1520,Region D,2022,International Treaty,Loss,False,1872259.91,4.3,5.4,8.6,8.7,8.1,4.4,8.9,4.3,0,3.0,7.4,4.2,7,4,2,170.2,False,6,8.5,23829,7.4,5.2,Art. 97,Cross-Border Dispute,158427.01,Check applicable law -> Compute damages -> Advise resolution,1302337.73,0.7,0.52
FLC-2023-1521,Region C,2017,Administrative,Settlement,False,594699.75,6.0,9.9,5.1,7.6,8.4,8.7,8.7,6.0,3,4.5,7.8,3.2,2,0,0,114.2,False,1,9.5,554094,6.0,7.4,Art. 5 Admin Law,Regulatory Violation,79953.56,Check applicable law -> Compute damages -> Advise resolution,236004.81,0.4,0.54
FLC-2024-1522,Region B,2017,Civil,Settlement,True,30647.91,5.2,7.5,6.4,9.4,6.3,7.2,9.3,5.2,4,4.5,9.6,0.8,1,1,0,26.9,False,2,5.5,802428,6.4,9.6,Art. 45 Civil Code,Breach of Contract,149451.72,Check applicable law -> Compute damages -> Advise resolution,13497.48,0.44,0.76
FLC-2025-1523,Region C,2024,Civil,Settlement,False,736124.32,7.5,9.5,7.3,5.5,3.1,4.8,8.1,7.5,4,4.9,8.2,5.1,7,1,0,139.9,True,0,9.8,801566,6.3,9.8,Art. 45 Civil Code,Breach of Contract,139672.8,Check jurisdiction -> Assess contract clauses -> Compute liability,248936.61,0.34,0.68
FLC-2023-1524,Region A,2016,Commercial,Loss,True,84021.91,3.2,6.9,5.7,6.3,3.3,6.2,6.3,3.2,0,3.3,9.3,7.6,1,2,4,26.7,True,1,9.3,399332,9.2,8.4,Art. 25 CISG,Cross-Border Dispute,139537.13,Check jurisdiction -> Assess contract clauses -> Compute liability,61749.41,0.73,0.71
FLC-2024-1525,Region B,2022,Civil,Settlement,True,753704.39,4.4,6.5,5.5,9.8,8.4,8.4,9.8,4.4,3,3.4,6.3,4.8,1,2,3,42.7,False,9,5.1,223447,7.7,8.9,Art. 45 Civil Code,Breach of Contract,76042.71,Assess plaintiff claims -> Review evidence -> Determine outcome,433918.72,0.58,0.99
FLC-2025-1526,Region E,2016,Commercial,Win,False,972773.0,8.4,4.4,7.1,6.6,9.4,5.1,6.6,8.4,0,7.9,6.7,5.3,5,0,4,173.3,True,2,5.3,700798,5.6,7.7,Art. 25 CISG,Cross-Border Dispute,135013.5,Analyze treaty -> Evaluate cross-border compliance -> Recommend settlement,292338.57,0.3,0.59
FLC-2023-1527,Region C,2022,International Treaty,Loss,False,246962.44,3.3,6.9,9.2,5.7,8.1,9.7,6.7,3.3,0,3.4,9.9,8.5,2,1,2,62.2,False,0,6.5,174348,7.3,9.4,Art. 97,Cross-Border Dispute,263465.78,Check jurisdiction -> Assess contract clauses -> Compute liability,150572.17,0.61,0.43
FLC-2024-1528,Region E,2018,Commercial,Dismissed,False,2346204.13,8.5,4.6,8.0,5.3,7.0,7.9,5.7,8.5,3,6.1,9.2,7.2,3,4,4,190.8,True,7,7.8,24823,8.1,7.7,Art. 25 CISG,Cross-Border Dispute,72372.01,Check applicable law -> Compute damages -> Advise resolution,683391.36,0.29,0.35
FLC-2025-1529,Region B,2016,International Treaty,Loss,True,30562.13,0.0,9.2,9.9,9.3,4.2,4.9,7.0,0.0,2,0.0,7.9,4.8,7,2,0,24.5,True,6,5.6,934360,9.3,8.0,Art. 97,Cross-Border Dispute,346908.16,Check applicable law -> Compute damages -> Advise resolution,27883.35,0.91,0.67
FLC-2023-1530,Region E,2023,Criminal,Win,False,1011756.2,5.1,6.8,9.0,7.2,6.9,5.9,5.8,5.1,0,5.3,9.3,2.2,3,4,0,172.5,False,2,5.2,726184,5.2,5.9,Art. 12 Penal Code,Fraud,207103.46,Analyze treaty -> Evaluate cross-border compliance -> Recommend settlement,551702.35,0.55,0.4
FLC-2024-1531,Region C,2015,Administrative,Win,False,203443.29,6.5,8.8,8.1,5.5,9.2,9.5,6.6,6.5,0,5.3,7.2,5.3,6,2,4,55.9,True,4,8.9,703090,7.8,7.6,Art. 5 Admin Law,Regulatory Violation,66784.77,Check jurisdiction -> Assess contract clauses -> Compute liability,60169.4,0.3,0.54
FLC-2025-1532,Region D,2017,Administrative,Win,True,237306.99,4.4,4.9,5.5,9.6,3.2,4.6,7.2,4.4,4,4.5,5.9,3.2,9,2,1,188.9,True,8,8.3,776087,7.3,9.4,Art. 5 Admin Law,Regulatory Violation,127200.0,Check applicable law -> Compute damages -> Advise resolution,152876.42,0.64,0.82
FLC-2023-1533,Region A,2016,Criminal,Loss,True,770697.46,2.4,9.3,7.2,6.9,7.3,4.3,8.5,2.4,0,1.5,5.2,4.9,9,4,3,117.4,False,2,7.3,538100,6.6,9.9,Art. 12 Penal Code,Fraud,343253.68,Assess plaintiff claims -> Review evidence -> Determine outcome,621167.64,0.81,0.76
FLC-2024-1534,Region D,2023,Commercial,Win,False,196064.75,4.9,4.7,6.1,7.9,9.0,9.4,9.2,4.9,0,5.3,5.6,1.1,5,1,1,94.6,False,5,7.6,918404,9.8,7.5,Art. 25 CISG,Cross-Border Dispute,210302.81,Analyze treaty -> Evaluate cross-border compliance -> Recommend settlement,114365.42,0.58,0.54
FLC-2025-1535,Region E,2024,Administrative,Dismissed,False,1003211.06,6.8,8.3,6.4,5.2,3.1,9.6,6.3,6.8,2,7.0,9.8,4.7,1,2,4,35.9,True,7,10.0,256765,6.4,8.4,Art. 5 Admin Law,Regulatory Violation,44704.05,Assess plaintiff claims -> Review evidence -> Determine outcome,150205.97,0.15,0.65
FLC-2023-1536,Region C,2017,Civil,Settlement,True,95571.41,5.0,9.3,7.1,5.0,5.1,5.2,8.0,5.0,2,4.3,7.5,1.9,9,2,1,154.1,False,5,7.8,517451,5.1,7.5,Art. 45 Civil Code,Breach of Contract,101449.53,Analyze treaty -> Evaluate cross-border compliance -> Recommend settlement,48256.39,0.5,0.82
FLC-2024-1537,Region E,2016,Criminal,Win,False,51860.56,3.6,8.5,8.2,6.7,4.2,5.3,5.0,3.6,3,4.0,9.1,2.7,5,3,0,72.6,False,6,6.3,572616,9.2,7.6,Art. 12 Penal Code,Fraud,40079.81,Check jurisdiction -> Assess contract clauses -> Compute liability,20839.17,0.4,0.66
FLC-2025-1538,Region E,2023,Administrative,Settlement,True,646874.75,5.5,8.5,7.2,7.0,4.0,4.9,9.0,5.5,1,3.8,6.0,6.8,6,1,2,105.8,False,7,5.0,534807,8.5,7.8,Art. 5 Admin Law,Regulatory Violation,135726.2,Assess plaintiff claims -> Review evidence -> Determine outcome,261286.79,0.4,0.69
FLC-2023-1539,Region A,2016,Commercial,Settlement,True,476513.8,2.9,8.4,10.0,9.8,8.6,7.2,8.4,2.9,0,3.3,5.0,1.0,3,2,3,108.1,True,6,8.1,112258,9.6,5.6,Art. 25 CISG,Cross-Border Dispute,11416.49,Analyze treaty -> Evaluate cross-border compliance -> Recommend settlement,305487.17,0.64,0.77
FLC-2024-1540,Region B,2021,International Treaty,Loss,False,660969.19,3.0,5.3,7.2,8.6,7.7,8.7,7.4,3.0,2,2.6,9.5,6.3,8,3,2,146.7,True,6,6.8,860410,8.1,6.5,Art. 97,Cross-Border Dispute,27799.61,Check jurisdiction -> Assess contract clauses -> Compute liability,490868.59,0.74,0.54
FLC-2025-1541,Region B,2022,Administrative,Settlement,False,96893.43,6.3,4.0,8.3,6.5,6.6,7.2,8.0,6.3,1,3.9,9.6,0.1,1,0,3,60.6,False,0,9.3,947464,5.8,9.8,Art. 5 Admin Law,Regulatory Violation,121228.45,Analyze treaty -> Evaluate cross-border compliance -> Recommend settlement,33869.97,0.35,0.52
FLC-2023-1542,Region A,2020,International Treaty,Settlement,True,1296929.42,2.0,7.6,8.2,8.5,8.8,5.0,9.7,2.0,2,1.5,9.2,1.0,9,3,3,181.5,False,1,9.9,883232,6.9,6.0,Art. 97,Cross-Border Dispute,254336.0,Check applicable law -> Compute damages -> Advise resolution,1208887.51,0.93,0.63
FLC-2024-1543,Region D,2019,Civil,Settlement,True,24619.19,3.0,8.9,8.3,8.6,6.4,6.7,6.1,3.0,3,3.9,5.8,9.9,4,1,4,80.8,False,7,6.4,316945,9.7,8.6,Art. 45 Civil Code,Breach of Contract,50925.59,Assess plaintiff claims -> Review evidence -> Determine outcome,15045.38,0.61,0.76
FLC-2025-1544,Region D,2022,Civil,Settlement,True,353614.78,5.0,4.8,7.6,6.2,4.0,5.7,5.5,5.0,0,6.0,5.7,9.4,2,4,0,52.1,False,2,6.8,787600,5.4,9.6,Art. 45 Civil Code,Breach of Contract,169151.96,Review charges -> Evaluate evidence -> Determine verdict,153127.42,0.43,0.86
FLC-2023-1545,Region B,2015,Civil,Win,False,129533.05,7.3,7.2,9.3,7.4,8.9,6.2,5.9,7.3,4,6.0,8.9,7.1,2,1,4,123.0,True,1,7.6,454992,9.4,7.3,Art. 45 Civil Code,Breach of Contract,31473.83,Analyze treaty -> Evaluate cross-border compliance -> Recommend settlement,24950.28,0.19,0.56
FLC-2024-1546,Region E,2015,Administrative,Win,False,392050.12,6.4,8.1,7.4,6.1,8.9,6.1,6.8,6.4,4,5.4,8.4,0.9,3,1,0,176.4,False,4,6.5,328225,9.9,8.2,Art. 5 Admin Law,Regulatory Violation,119864.23,Analyze treaty -> Evaluate cross-border compliance -> Recommend settlement,152073.32,0.39,0.62
FLC-2025-1547,Region B,2020,Criminal,Win,False,362445.29,5.1,5.8,9.9,8.1,5.9,7.0,5.5,5.1,3,4.8,8.4,5.0,2,1,3,189.9,True,4,7.1,820081,5.8,5.5,Art. 12 Penal Code,Fraud,49401.63,Assess plaintiff claims -> Review evidence -> Determine outcome,236184.59,0.65,0.6
FLC-2023-1548,Region E,2017,Administrative,Settlement,True,320970.52,6.2,8.1,5.3,8.2,5.1,5.1,6.9,6.2,3,5.7,9.1,7.4,4,4,2,86.2,True,7,6.6,477242,7.3,7.1,Art. 5 Admin Law,Regulatory Violation,131739.32,Check applicable law -> Compute damages -> Advise resolution,152816.91,0.48,0.71
FLC-2024-1549,Region D,2021,Commercial,Win,False,395674.24,6.9,6.2,5.3,5.2,7.7,9.4,7.0,6.9,4,4.0,5.0,7.0,8,0,4,178.8,True,4,7.0,11694,7.8,6.3,Art. 25 CISG,Cross-Border Dispute,136678.65,Check applicable law -> Compute damages -> Advise resolution,139543.14,0.35,0.39
FLC-2025-1550,Region C,2022,Civil,Settlement,False,190876.94,5.8,8.4,8.6,6.4,9.9,5.5,5.4,5.8,4,6.2,6.5,9.4,5,4,2,172.7,False,9,7.5,157865,8.2,7.1,Art. 45 Civil Code,Breach of Contract,82241.87,Check applicable law -> Compute damages -> Advise resolution,76188.35,0.4,0.7
FLC-2023-1551,Region B,2016,International Treaty,Settlement,True,1481522.61,0.0,4.3,6.1,6.8,9.5,7.7,7.5,0.0,1,1.5,7.1,9.3,2,1,0,199.5,True,8,8.2,737900,7.5,6.3,Art. 97,Cross-Border Dispute,472840.0,Check applicable law -> Compute damages -> Advise resolution,1481522.61,1.0,0.68
FLC-2024-1552,Region D,2017,International Treaty,Win,False,2073073.54,4.7,8.8,7.7,7.6,9.7,7.6,9.2,4.7,1,4.1,6.2,6.9,1,0,4,118.5,True,0,7.6,302032,8.0,5.5,Art. 97,Cross-Border Dispute,204383.32,Check applicable law -> Compute damages -> Advise resolution,1153789.89,0.56,0.41
FLC-2025-1553,Region A,2021,International Treaty,Loss,True,513038.36,2.3,5.5,7.6,8.7,5.9,7.7,8.0,2.3,4,1.1,5.9,4.8,2,4,3,195.2,True,0,8.1,527479,10.0,5.5,Art. 97,Cross-Border Dispute,354985.87,Check applicable law -> Compute damages -> Advise resolution,391424.85,0.76,0.42
FLC-2023-1554,Region C,2018,Criminal,Settlement,False,1078355.02,5.0,9.9,7.4,5.7,7.6,4.4,9.9,5.0,0,4.2,9.9,3.8,2,1,2,80.5,True,5,8.8,229376,5.4,5.9,Art. 12 Penal Code,Fraud,136630.58,Review charges -> Evaluate evidence -> Determine verdict,401487.49,0.37,0.49
FLC-2024-1555,Region E,2018,Criminal,Settlement,False,1113489.66,5.1,6.6,6.5,5.3,6.1,7.9,6.3,5.1,4,3.3,7.4,8.6,1,4,2,187.9,True,7,7.7,407822,6.2,5.5,Art. 12 Penal Code,Fraud,102802.37,Check applicable law -> Compute damages -> Advise resolution,589073.63,0.53,0.45
FLC-2025-1556,Region C,2021,Civil,Win,True,170712.73,3.7,4.1,5.4,8.2,5.6,4.3,6.5,3.7,0,2.9,8.4,0.4,7,2,0,195.3,False,9,7.9,675866,9.8,7.5,Art. 45 Civil Code,Breach of Contract,127722.52,Review charges -> Evaluate evidence -> Determine verdict,91836.66,0.54,0.87
FLC-2023-1557,Region E,2023,Criminal,Settlement,False,913005.99,4.5,5.6,5.2,5.8,5.5,4.1,8.8,4.5,3,2.4,9.2,8.3,3,3,4,192.4,True,3,9.7,972432,8.3,9.7,Art. 12 Penal Code,Fraud,130305.35,Analyze treaty -> Evaluate cross-border compliance -> Recommend settlement,488966.91,0.54,0.6
FLC-2024-1558,Region D,2024,Civil,Settlement,True,1162638.11,4.0,9.5,7.7,6.3,3.4,9.3,7.4,4.0,3,4.3,6.1,2.9,9,2,4,109.6,False,7,7.6,741596,6.1,8.7,Art. 45 Civil Code,Breach of Contract,196194.38,Check applicable law -> Compute damages -> Advise resolution,581753.1,0.5,0.91
FLC-2025-1559,Region A,2015,Administrative,Loss,True,234365.6,3.3,5.0,7.4,5.2,5.5,8.4,6.2,3.3,4,0.2,8.7,8.2,9,3,1,145.2,True,6,9.1,283344,7.8,6.8,Art. 5 Admin Law,Regulatory Violation,92973.4,Check applicable law -> Compute damages -> Advise resolution,164588.95,0.7,0.72
FLC-2023-1560,Region D,2019,Civil,Settlement,True,413300.14,6.3,4.5,9.2,9.0,6.2,4.7,8.3,6.3,2,6.3,9.4,7.8,8,2,3,65.9,False,0,7.8,542849,9.9,6.1,Art. 45 Civil Code,Breach of Contract,134234.77,Assess plaintiff claims -> Review evidence -> Determine outcome,228419.64,0.55,0.89
FLC-2024-1561,Region B,2018,Civil,Win,True,32503.24,6.2,5.3,9.5,9.9,4.8,8.3,7.5,6.2,2,5.1,9.8,2.8,7,0,2,137.5,False,0,8.5,427220,5.2,8.3,Art. 45 Civil Code,Breach of Contract,33540.47,Review charges -> Evaluate evidence -> Determine verdict,14626.53,0.45,1.0
FLC-2025-1562,Region B,2024,Administrative,Win,False,121724.19,5.4,7.4,9.6,9.6,4.6,5.8,5.8,5.4,0,3.8,7.0,4.5,3,4,3,28.1,True,5,7.2,657897,7.7,8.6,Art. 5 Admin Law,Regulatory Violation,145006.47,Analyze treaty -> Evaluate cross-border compliance -> Recommend settlement,55290.74,0.45,0.72
FLC-2023-1563,Region A,2022,Civil,Dismissed,True,240520.2,6.8,7.3,5.8,7.7,9.8,7.8,7.2,6.8,0,4.6,6.9,4.9,7,3,1,110.8,False,2,6.5,461596,5.1,6.9,Art. 45 Civil Code,Breach of Contract,26772.28,Assess plaintiff claims -> Review evidence -> Determine outcome,72093.8,0.3,0.82
FLC-2024-1564,Region B,2015,Civil,Win,True,486270.79,5.4,8.9,5.8,9.0,8.9,8.1,8.3,5.4,1,4.0,8.2,7.4,9,0,4,171.4,False,0,9.3,415402,9.1,8.6,Art. 45 Civil Code,Breach of Contract,124497.15,Assess plaintiff claims -> Review evidence -> Determine outcome,320755.15,0.66,0.97
FLC-2025-1565,Region E,2015,Criminal,Loss,True,214987.02,0.0,7.0,7.5,7.2,4.6,9.5,6.6,0.0,2,0.0,8.5,0.7,9,0,0,130.9,True,1,6.3,401846,8.3,5.2,Art. 12 Penal Code,Fraud,229892.53,Check jurisdiction -> Assess contract clauses -> Compute liability,212333.94,0.99,0.81
FLC-2023-1566,Region C,2020,Civil,Win,True,1150091.43,5.7,5.1,9.4,6.8,4.4,9.8,5.2,5.7,3,4.2,5.6,4.7,9,2,3,191.7,False,5,6.3,47381,9.4,8.0,Art. 45 Civil Code,Breach of Contract,12285.21,Check applicable law -> Compute damages -> Advise resolution,496106.56,0.43,0.96
FLC-2024-1567,Region D,2016,International Treaty,Loss,True,1059205.65,2.3,4.4,6.1,5.3,3.4,6.7,9.1,2.3,1,1.3,8.4,2.6,9,2,2,131.9,True,1,7.4,970720,8.9,6.9,Art. 97,Cross-Border Dispute,374012.88,Check jurisdiction -> Assess contract clauses -> Compute liability,811847.79,0.77,0.62
FLC-2025-1568,Region B,2017,Criminal,Settlement,False,433679.64,5.0,4.3,7.9,5.9,5.6,5.6,8.2,5.0,0,4.5,8.2,5.4,3,0,3,42.1,True,5,5.5,988008,7.2,7.8,Art. 12 Penal Code,Fraud,5918.25,Analyze treaty -> Evaluate cross-border compliance -> Recommend settlement,272813.02,0.63,0.59
FLC-2023-1569,Region C,2023,Administrative,Settlement,True,402023.89,4.6,8.8,9.5,7.6,8.5,4.3,5.4,4.6,3,2.4,5.4,8.3,4,3,1,39.3,True,7,6.6,216385,5.2,5.1,Art. 5 Admin Law,Regulatory Violation,207452.08,Check jurisdiction -> Assess contract clauses -> Compute liability,233292.56,0.58,0.84
FLC-2024-1570,Region B,2022,Civil,Win,True,495959.41,5.7,4.1,8.9,9.8,7.7,9.1,7.4,5.7,0,3.1,8.4,5.1,2,4,2,125.0,True,8,8.1,747966,9.6,6.4,Art. 45 Civil Code,Breach of Contract,12056.52,Check jurisdiction -> Assess contract clauses -> Compute liability,248371.63,0.5,0.86
FLC-2025-1571,Region C,2021,Administrative,Settlement,True,96600.85,1.8,6.9,6.9,6.7,4.2,6.0,7.0,1.8,4,0.7,5.4,2.6,9,4,0,64.1,True,4,5.4,710157,6.3,6.7,Art. 5 Admin Law,Regulatory Violation,227133.68,Assess plaintiff claims -> Review evidence -> Determine outcome,66790.78,0.69,0.84
FLC-2023-1572,Region A,2023,Criminal,Settlement,False,634636.88,2.9,8.7,7.6,5.6,9.5,9.1,5.7,2.9,0,1.6,6.9,8.9,5,3,3,35.7,True,6,9.2,280455,6.4,9.8,Art. 12 Penal Code,Fraud,76176.31,Check applicable law -> Compute damages -> Advise resolution,427515.39,0.67,0.62
FLC-2024-1573,Region B,2024,Civil,Win,False,100975.68,8.3,9.8,6.4,8.9,5.0,5.7,5.3,8.3,3,7.1,9.1,0.6,3,1,3,51.3,True,2,8.8,806455,6.5,8.8,Art. 45 Civil Code,Breach of Contract,32395.93,Assess plaintiff claims -> Review evidence -> Determine outcome,15442.14,0.15,0.61
FLC-2025-1574,Region B,2017,Commercial,Loss,True,150799.34,0.5,5.4,8.7,8.7,6.3,9.7,6.0,0.5,3,1.0,9.8,5.2,7,3,1,106.9,False,9,5.5,745551,7.8,8.5,Art. 25 CISG,Cross-Border Dispute,96465.95,Check applicable law -> Compute damages -> Advise resolution,124981.75,0.83,0.71
FLC-2023-1575,Region C,2015,Civil,Win,False,1892069.21,8.5,5.4,6.5,5.5,6.1,7.7,9.7,8.5,1,6.5,8.9,5.2,5,2,4,190.5,True,0,6.2,243208,8.0,8.2,Art. 45 Civil Code,Breach of Contract,5462.6,Review charges -> Evaluate evidence -> Determine verdict,284727.5,0.15,0.79
FLC-2024-1576,Region E,2017,Criminal,Settlement,False,170443.41,5.5,4.9,9.4,9.1,3.4,7.3,6.5,5.5,2,4.3,9.6,6.7,7,1,1,100.7,False,1,7.4,726975,8.0,7.3,Art. 12 Penal Code,Fraud,23367.58,Assess plaintiff claims -> Review evidence -> Determine outcome,73242.42,0.43,0.4
FLC-2025-1577,Region A,2015,International Treaty,Settlement,True,964579.96,0.0,8.0,5.7,7.5,3.7,7.5,6.6,0.0,4,0.7,9.0,10.0,4,3,1,154.1,False,6,5.9,568648,9.5,7.7,Art. 97,Cross-Border Dispute,310432.17,Assess plaintiff claims -> Review evidence -> Determine outcome,902572.81,0.94,0.62
FLC-2023-1578,Region B,2017,Administrative,Loss,True,198617.24,1.0,6.4,5.2,9.2,5.2,9.7,9.4,1.0,4,0.0,9.2,0.7,1,3,3,191.0,False,3,8.8,597539,7.6,8.7,Art. 5 Admin Law,Regulatory Violation,366380.03,Assess plaintiff claims -> Review evidence -> Determine outcome,162628.06,0.82,0.7
FLC-2024-1579,Region A,2016,Administrative,Settlement,True,5179112.19,4.7,8.4,8.9,5.5,7.1,6.3,5.7,4.7,0,3.8,6.8,9.9,7,0,4,103.2,False,2,5.1,12255,9.8,9.4,Art. 5 Admin Law,Regulatory Violation,117891.84,Assess plaintiff claims -> Review evidence -> Determine outcome,3030570.21,0.59,0.88
FLC-2025-1580,Region E,2024,International Treaty,Loss,True,68671.43,1.1,5.7,5.1,9.7,5.2,8.6,7.3,1.1,4,0.3,8.3,2.3,4,3,4,23.0,True,3,8.0,278581,6.0,9.6,Art. 97,Cross-Border Dispute,96919.48,Review charges -> Evaluate evidence -> Determine verdict,54131.69,0.79,0.5
FLC-2023-1581,Region B,2019,Civil,Settlement,True,971581.13,5.8,9.9,5.3,5.4,7.2,5.5,7.1,5.8,0,5.0,8.0,2.9,9,1,3,107.3,False,7,9.8,491173,6.6,6.1,Art. 45 Civil Code,Breach of Contract,189633.53,Assess plaintiff claims -> Review evidence -> Determine outcome,462909.24,0.48,0.85
FLC-2024-1582,Region B,2022,Criminal,Loss,True,411699.22,1.9,5.0,7.9,9.2,9.0,6.9,6.2,1.9,3,2.4,9.8,8.3,9,0,1,148.9,False,8,7.7,250483,5.8,6.8,Art. 12 Penal Code,Fraud,223004.33,Check jurisdiction -> Assess contract clauses -> Compute liability,349787.06,0.85,0.68
FLC-2025-1583,Region D,2024,Commercial,Loss,True,268273.41,2.9,8.8,6.1,7.8,4.4,5.7,6.2,2.9,2,3.1,6.0,5.7,1,1,3,85.0,True,7,9.3,658957,8.1,5.9,Art. 25 CISG,Cross-Border Dispute,241728.8,Analyze treaty -> Evaluate cross-border compliance -> Recommend settlement,192082.09,0.72,0.64
FLC-2023-1584,Region D,2023,Civil,Settlement,True,2179887.43,3.6,4.2,8.8,5.8,9.6,6.6,8.1,3.6,4,3.9,8.7,5.6,2,3,0,26.1,False,5,5.1,376424,6.6,5.3,Art. 45 Civil Code,Breach of Contract,41051.51,Review charges -> Evaluate evidence -> Determine verdict,1253434.12,0.57,0.76
FLC-2024-1585,Region E,2024,Commercial,Win,False,2150283.43,8.1,7.4,7.0,5.9,3.5,7.3,5.5,8.1,3,6.8,9.6,1.6,5,3,3,89.2,False,9,9.6,163433,8.6,9.5,Art. 25 CISG,Cross-Border Dispute,69447.51,Check jurisdiction -> Assess contract clauses -> Compute liability,438229.11,0.2,0.44
FLC-2025-1586,Region C,2015,Commercial,Settlement,True,210458.32,1.0,7.1,7.4,8.8,9.1,6.1,7.2,1.0,2,0.8,6.6,7.4,9,3,0,115.6,False,1,6.1,59957,6.9,8.9,Art. 25 CISG,Cross-Border Dispute,109618.24,Analyze treaty -> Evaluate cross-border compliance -> Recommend settlement,180223.65,0.86,0.95
FLC-2023-1587,Region B,2023,Criminal,Loss,True,302362.32,0.8,4.2,9.7,6.8,9.4,7.5,8.3,0.8,4,0.0,9.2,8.9,9,2,1,107.9,False,7,9.7,146482,6.6,7.7,Art. 12 Penal Code,Fraud,220110.23,Analyze treaty -> Evaluate cross-border compliance -> Recommend settlement,242539.35,0.8,0.76
FLC-2024-1588,Region A,2020,Commercial,Loss,True,539415.75,2.8,6.0,6.7,9.6,7.9,9.6,10.0,2.8,4,2.9,6.9,7.1,1,2,0,83.0,True,9,9.2,382445,6.9,5.4,Art. 25 CISG,Cross-Border Dispute,419401.13,Check applicable law -> Compute damages -> Advise resolution,494971.28,0.92,0.68
FLC-2025-1589,Region A,2018,Administrative,Loss,True,463836.5,6.0,5.8,5.4,6.1,5.0,6.1,8.2,6.0,2,4.2,5.3,9.3,7,2,0,89.3,True,8,8.0,390386,7.0,8.1,Art. 5 Admin Law,Regulatory Violation,208732.32,Analyze treaty -> Evaluate cross-border compliance -> Recommend settlement,196414.2,0.42,0.77
FLC-2023-1590,Region B,2023,Criminal,Settlement,True,96082.2,2.4,4.1,9.1,9.2,5.8,5.4,9.9,2.4,4,2.3,7.6,9.5,8,4,2,146.1,True,1,8.0,186594,9.5,7.8,Art. 12 Penal Code,Fraud,88028.05,Check jurisdiction -> Assess contract clauses -> Compute liability,67720.86,0.7,0.91
FLC-2024-1591,Region D,2018,International Treaty,Settlement,True,476220.81,5.0,6.2,8.0,5.1,9.1,7.7,6.5,5.0,0,5.6,6.9,6.5,6,2,0,24.8,False,2,9.3,909522,7.0,6.1,Art. 97,Cross-Border Dispute,61628.71,Check applicable law -> Compute damages -> Advise resolution,337087.64,0.71,0.58
FLC-2025-1592,Region B,2022,Criminal,Settlement,True,1340900.93,0.1,5.7,6.6,5.0,9.8,7.1,7.9,0.1,1,0.0,9.1,4.2,4,1,3,165.4,True,1,9.3,479283,5.6,6.8,Art. 12 Penal Code,Fraud,152934.16,Check applicable law -> Compute damages -> Advise resolution,1282390.05,0.96,0.7
FLC-2023-1593,Region C,2020,Commercial,Settlement,False,101566.75,6.2,5.6,7.5,9.2,6.7,5.5,5.2,6.2,1,4.5,7.1,9.8,3,4,3,22.2,False,1,5.3,500765,7.9,5.7,Art. 25 CISG,Cross-Border Dispute,17053.56,Analyze treaty -> Evaluate cross-border compliance -> Recommend settlement,40326.76,0.4,0.65
FLC-2024-1594,Region B,2018,Commercial,Settlement,False,258848.58,5.7,7.3,9.0,7.9,6.5,4.4,5.5,5.7,1,3.9,6.2,4.5,9,4,3,64.4,False,0,8.8,402930,6.7,7.9,Art. 25 CISG,Cross-Border Dispute,91803.5,Check applicable law -> Compute damages -> Advise resolution,102247.8,0.4,0.51
FLC-2025-1595,Region D,2024,Administrative,Win,False,422012.1,9.7,9.1,5.2,6.7,8.2,7.9,9.6,9.7,3,5.5,8.2,7.0,2,3,1,188.4,True,7,5.1,258999,8.4,9.6,Art. 5 Admin Law,Regulatory Violation,50886.79,Analyze treaty -> Evaluate cross-border compliance -> Recommend settlement,53624.09,0.13,0.61
FLC-2023-1596,Region C,2016,Administrative,Settlement,False,166767.05,6.5,6.0,7.6,8.2,7.6,4.0,5.4,6.5,1,5.5,5.4,0.6,3,1,3,172.9,True,8,6.8,719049,8.4,9.8,Art. 5 Admin Law,Regulatory Violation,91330.45,Check jurisdiction -> Assess contract clauses -> Compute liability,52366.35,0.31,0.65
FLC-2024-1597,Region D,2017,Criminal,Win,False,444512.07,6.8,6.5,9.2,7.1,8.8,9.6,5.1,6.8,0,5.4,9.5,3.8,2,4,3,193.0,False,3,8.3,319996,8.2,7.0,Art. 12 Penal Code,Fraud,88027.26,Check applicable law -> Compute damages -> Advise resolution,163845.18,0.37,0.68
FLC-2025-1598,Region E,2021,Commercial,Settlement,False,855008.62,5.0,5.4,5.3,10.0,9.1,7.1,8.6,5.0,1,5.4,5.1,7.0,9,2,1,196.1,False,1,9.5,708751,5.6,9.8,Art. 25 CISG,Cross-Border Dispute,21621.28,Review charges -> Evaluate evidence -> Determine verdict,477474.41,0.56,0.43
FLC-2023-1599,Region B,2023,Commercial,Settlement,True,141127.71,2.8,7.0,7.7,8.6,6.2,5.1,8.7,2.8,4,3.2,9.1,1.0,8,3,4,66.7,True,2,6.2,414319,7.4,7.4,Art. 25 CISG,Cross-Border Dispute,291033.0,Check applicable law -> Compute damages -> Advise resolution,85334.42,0.6,0.8
FLC-2024-1600,Region E,2016,Criminal,Loss,True,1687461.52,2.9,9.6,6.2,6.8,8.1,5.8,8.4,2.9,1,3.7,6.1,2.2,7,0,0,26.6,False,7,7.3,781531,8.3,7.8,Art. 12 Penal Code,Fraud,222276.83,Check jurisdiction -> Assess contract clauses -> Compute liability,1450086.0,0.86,0.91
FLC-2025-1601,Region C,2019,Administrative,Win,False,108089.26,6.3,4.4,7.5,5.9,6.4,5.1,8.5,6.3,3,6.1,9.8,2.0,7,2,3,188.2,False,0,7.8,214349,9.9,5.9,Art. 5 Admin Law,Regulatory Violation,75783.14,Check applicable law -> Compute damages -> Advise resolution,31790.67,0.29,0.59
FLC-2023-1602,Region A,2015,Commercial,Loss,True,286267.31,2.5,6.9,5.9,8.5,3.8,8.9,7.0,2.5,0,2.4,9.0,4.9,4,2,0,111.7,True,9,8.8,911571,7.9,8.6,Art. 25 CISG,Cross-Border Dispute,151463.38,Check applicable law -> Compute damages -> Advise resolution,213845.08,0.75,0.69
FLC-2024-1603,Region D,2023,International Treaty,Loss,True,157437.59,0.9,8.2,8.8,5.8,9.4,4.8,9.4,0.9,1,1.0,9.4,4.2,8,0,1,162.6,False,6,5.8,361552,8.2,6.8,Art. 97,Cross-Border Dispute,322160.43,Analyze treaty -> Evaluate cross-border compliance -> Recommend settlement,125121.59,0.79,0.69
FLC-2025-1604,Region A,2022,Commercial,Settlement,False,1860132.92,5.4,5.3,7.9,9.5,7.4,6.7,5.7,5.4,4,4.1,5.4,6.0,7,0,1,78.1,False,7,8.5,228259,9.8,9.0,Art. 25 CISG,Cross-Border Dispute,200184.15,Assess plaintiff claims -> Review evidence -> Determine outcome,764992.17,0.41,0.42
FLC-2023-1605,Region D,2016,Administrative,Win,True,584591.42,7.3,4.7,9.0,8.3,5.4,9.5,5.9,7.3,0,4.1,5.0,3.1,6,1,1,172.6,True,5,7.4,132613,8.0,5.6,Art. 5 Admin Law,Regulatory Violation,182992.11,Analyze treaty -> Evaluate cross-border compliance -> Recommend settlement,220971.96,0.38,0.75
FLC-2024-1606,Region C,2024,Commercial,Loss,True,1000190.67,4.0,9.2,5.9,6.7,6.3,5.8,8.1,4.0,1,3.7,8.7,9.0,7,1,3,122.5,False,6,7.9,387570,6.0,7.0,Art. 25 CISG,Cross-Border Dispute,361080.61,Analyze treaty -> Evaluate cross-border compliance -> Recommend settlement,728027.03,0.73,0.77
FLC-2025-1607,Region E,2021,Criminal,Win,False,928473.43,5.4,5.5,8.9,8.1,5.7,5.0,6.6,5.4,1,4.8,6.4,4.8,1,0,4,65.0,True,2,6.9,735600,7.3,8.5,Art. 12 Penal Code,Fraud,3992.26,Analyze treaty -> Evaluate cross-border compliance -> Recommend settlement,496345.31,0.53,0.47
FLC-2023-1608,Region D,2022,Civil,Win,True,1565587.33,6.1,4.1,9.5,6.4,3.2,10.0,6.6,6.1,3,4.5,9.4,9.1,1,4,2,191.2,True,9,8.9,253631,9.5,7.4,Art. 45 Civil Code,Breach of Contract,134582.19,Check applicable law -> Compute damages -> Advise resolution,772185.85,0.49,0.69
FLC-2024-1609,Region D,2015,Criminal,Settlement,False,1851992.03,3.2,8.0,7.5,8.8,6.9,9.1,6.4,3.2,3,2.8,6.3,0.3,8,2,4,65.0,False,3,8.9,771865,9.6,5.8,Art. 12 Penal Code,Fraud,242944.61,Analyze treaty -> Evaluate cross-border compliance -> Recommend settlement,1237023.66,0.67,0.71
FLC-2025-1610,Region C,2024,Commercial,Settlement,False,318490.3,3.4,5.5,7.7,9.3,3.7,7.4,8.0,3.4,1,2.3,5.7,7.0,5,0,2,158.2,False,1,6.6,378192,6.3,5.4,Art. 25 CISG,Cross-Border Dispute,210527.08,Review charges -> Evaluate evidence -> Determine verdict,169531.77,0.53,0.46
FLC-2023-1611,Region C,2020,Civil,Loss,True,309089.27,3.0,4.6,5.1,9.8,8.5,6.0,6.9,3.0,0,2.1,8.4,0.2,9,0,4,131.6,True,0,5.6,872989,6.7,9.7,Art. 45 Civil Code,Breach of Contract,86993.44,Review charges -> Evaluate evidence -> Determine verdict,189298.65,0.61,0.95
FLC-2024-1612,Region A,2022,Criminal,Settlement,False,723943.31,6.5,6.3,5.6,6.9,8.8,9.2,8.2,6.5,1,3.3,9.8,9.3,2,2,1,107.9,True,3,7.5,496888,5.7,9.5,Art. 12 Penal Code,Fraud,226655.81,Assess plaintiff claims -> Review evidence -> Determine outcome,382464.25,0.53,0.66
FLC-2025-1613,Region A,2017,Administrative,Settlement,True,479866.03,4.5,4.1,6.9,9.7,8.5,7.7,7.7,4.5,2,4.4,6.1,3.4,6,4,1,65.8,False,4,9.9,817019,5.4,7.6,Art. 5 Admin Law,Regulatory Violation,163501.57,Check jurisdiction -> Assess contract clauses -> Compute liability,284033.47,0.59,0.89
FLC-2023-1614,Region B,2017,Administrative,Win,False,502130.9,8.9,9.2,5.4,9.3,9.7,7.3,8.9,8.9,3,6.7,6.4,5.9,3,4,2,122.5,True,9,8.4,343423,8.2,7.5,Art. 5 Admin Law,Regulatory Violation,36520.59,Check applicable law -> Compute damages -> Advise resolution,92886.48,0.18,0.52
FLC-2024-1615,Region D,2023,Criminal,Loss,True,1107093.78,0.4,6.7,9.6,8.8,8.4,5.6,7.2,0.4,2,2.1,6.5,0.9,3,4,1,130.4,True,5,7.3,223072,9.6,7.7,Art. 12 Penal Code,Fraud,221047.49,Analyze treaty -> Evaluate cross-border compliance -> Recommend settlement,925169.58,0.84,0.78
FLC-2025-1616,Region B,2016,Civil,Win,False,206954.34,6.9,4.9,7.6,6.3,4.8,9.0,6.9,6.9,1,4.7,9.2,8.9,4,4,0,96.5,True,2,5.6,535734,7.3,7.3,Art. 45 Civil Code,Breach of Contract,20045.92,Review charges -> Evaluate evidence -> Determine verdict,39008.84,0.19,0.67
FLC-2023-1617,Region C,2015,Civil,Settlement,True,632449.49,2.1,7.6,5.0,5.6,6.6,5.4,5.4,2.1,2,2.3,9.8,0.6,2,2,3,84.3,False,6,9.6,807975,8.9,5.0,Art. 45 Civil Code,Breach of Contract,157723.51,Analyze treaty -> Evaluate cross-border compliance -> Recommend settlement,429838.34,0.68,0.9
FLC-2024-1618,Region A,2020,International Treaty,Settlement,True,932058.81,1.2,8.7,6.9,5.9,7.4,9.7,8.5,1.2,0,0.1,9.5,0.9,5,4,4,99.2,False,0,6.8,140298,9.5,7.0,Art. 97,Cross-Border Dispute,44088.22,Analyze treaty -> Evaluate cross-border compliance -> Recommend settlement,894586.06,0.96,0.63
FLC-2025-1619,Region A,2024,Administrative,Settlement,True,70005.7,6.1,5.3,8.9,5.3,7.9,6.3,5.2,6.1,2,4.6,9.6,3.7,8,0,3,32.3,False,1,9.0,953738,6.8,6.2,Art. 5 Admin Law,Regulatory Violation,9376.92,Assess plaintiff claims -> Review evidence -> Determine outcome,39656.74,0.57,0.79
FLC-2023-1620,Region D,2021,International Treaty,Settlement,True,194677.28,0.2,9.6,6.1,5.5,4.5,5.3,6.5,0.2,2,0.7,9.8,1.6,1,4,1,199.4,True,8,6.1,49145,8.2,5.3,Art. 97,Cross-Border Dispute,5205.25,Check applicable law -> Compute damages -> Advise resolution,169342.21,0.87,0.67
FLC-2024-1621,Region E,2023,Civil,Dismissed,False,245963.66,8.4,6.9,5.4,8.9,8.0,7.5,9.4,8.4,3,6.6,5.1,2.2,2,2,0,72.7,True,7,9.4,528667,8.4,8.5,Art. 45 Civil Code,Breach of Contract,12416.19,Check jurisdiction -> Assess contract clauses -> Compute liability,58986.93,0.24,0.69
FLC-2025-1622,Region E,2017,Criminal,Loss,True,257314.57,1.6,5.5,6.2,5.3,3.5,9.5,5.5,1.6,4,1.4,9.4,1.4,1,1,0,142.2,False,1,6.3,552352,7.6,6.9,Art. 12 Penal Code,Fraud,347376.02,Check applicable law -> Compute damages -> Advise resolution,182528.82,0.71,0.84
FLC-2023-1623,Region E,2019,Administrative,Dismissed,False,7498866.9,8.8,5.2,9.1,7.1,4.2,8.6,8.8,8.8,2,6.9,8.9,1.5,3,1,2,168.9,False,0,7.6,489042,6.9,6.3,Art. 5 Admin Law,Regulatory Violation,27581.44,Assess plaintiff claims -> Review evidence -> Determine outcome,1165571.84,0.16,0.65
FLC-2024-1624,Region B,2022,Commercial,Win,False,358046.52,6.5,5.6,7.5,8.1,3.6,8.5,8.5,6.5,1,6.2,7.1,0.6,7,2,1,136.5,False,2,5.4,938036,5.4,5.0,Art. 25 CISG,Cross-Border Dispute,158867.86,Assess plaintiff claims -> Review evidence -> Determine outcome,162663.38,0.45,0.64
FLC-2025-1625,Region A,2022,Administrative,Win,False,1318627.54,8.7,9.5,8.9,7.9,8.8,6.8,5.6,8.7,3,8.1,8.7,6.2,9,1,4,68.9,False,8,5.4,366611,8.4,6.9,Art. 5 Admin Law,Regulatory Violation,66515.97,Review charges -> Evaluate evidence -> Determine verdict,191195.49,0.14,0.63
FLC-2023-1626,Region D,2019,Commercial,Loss,True,3356657.12,2.5,9.3,7.1,5.6,5.2,5.3,8.4,2.5,1,2.3,8.4,6.8,8,3,4,96.2,False,5,5.6,414136,5.4,7.1,Art. 25 CISG,Cross-Border Dispute,309443.48,Check jurisdiction -> Assess contract clauses -> Compute liability,2724633.42,0.81,0.77
FLC-2024-1627,Region A,2019,Criminal,Loss,True,75916.69,1.6,9.7,8.8,7.2,6.3,7.9,6.0,1.6,3,1.4,7.0,0.4,6,1,4,59.4,False,6,8.1,526772,8.4,6.6,Art. 12 Penal Code,Fraud,444866.47,Review charges -> Evaluate evidence -> Determine verdict,67595.6,0.89,0.58
FLC-2025-1628,Region E,2020,Criminal,Settlement,False,396141.4,4.1,5.4,5.3,7.4,5.2,7.5,8.0,4.1,2,3.3,9.9,8.2,6,2,3,78.8,False,8,9.7,350412,6.6,6.5,Art. 12 Penal Code,Fraud,160361.05,Check applicable law -> Compute damages -> Advise resolution,234444.01,0.59,0.67
FLC-2023-1629,Region C,2023,Administrative,Win,True,863087.38,4.0,5.9,9.0,9.4,7.9,9.6,9.5,4.0,1,3.4,6.1,10.0,1,3,1,43.6,True,6,6.5,599721,9.0,5.4,Art. 5 Admin Law,Regulatory Violation,170936.15,Check jurisdiction -> Assess contract clauses -> Compute liability,442668.01,0.51,0.72
FLC-2024-1630,Region D,2017,Commercial,Settlement,True,58922.84,5.8,5.8,9.9,9.8,8.3,7.1,8.9,5.8,4,4.9,5.3,5.3,3,2,2,157.5,True,8,8.1,353419,5.7,8.6,Art. 25 CISG,Cross-Border Dispute,167410.1,Assess plaintiff claims -> Review evidence -> Determine outcome,30911.07,0.52,0.52
FLC-2025-1631,Region A,2023,Administrative,Win,False,460413.53,8.9,6.2,9.3,7.5,4.5,7.7,6.4,8.9,2,8.5,7.5,6.3,5,4,4,41.2,False,8,6.2,875137,5.1,8.7,Art. 5 Admin Law,Regulatory Violation,25717.74,Review charges -> Evaluate evidence -> Determine verdict,52543.79,0.11,0.5
FLC-2023-1632,Region C,2017,Administrative,Loss,True,740410.56,5.7,7.7,6.7,9.9,9.3,7.4,8.9,5.7,0,4.0,8.4,9.3,2,3,2,88.2,True,3,7.2,931294,5.6,5.5,Art. 5 Admin Law,Regulatory Violation,190812.32,Check applicable law -> Compute damages -> Advise resolution,377488.11,0.51,0.88
FLC-2024-1633,Region D,2017,Criminal,Loss,True,1125594.45,0.3,6.4,8.8,5.1,4.0,10.0,8.7,0.3,4,0.0,7.9,6.2,1,3,2,190.3,True,2,7.0,550228,9.7,7.2,Art. 12 Penal Code,Fraud,158993.0,Analyze treaty -> Evaluate cross-border compliance -> Recommend settlement,1125594.45,1.0,0.84
FLC-2025-1634,Region D,2020,International Treaty,Win,False,943013.53,5.8,6.7,9.1,9.6,8.1,6.6,7.9,5.8,1,3.3,8.7,2.9,2,0,3,46.4,True,0,9.1,799359,7.5,7.1,Art. 97,Cross-Border Dispute,146183.93,Analyze treaty -> Evaluate cross-border compliance -> Recommend settlement,543168.39,0.58,0.3
FLC-2023-1635,Region B,2024,International Treaty,Loss,True,243943.71,2.5,4.3,7.0,8.5,3.2,5.4,9.4,2.5,0,2.1,8.6,0.3,5,3,3,182.1,True,0,7.2,358488,9.0,6.6,Art. 97,Cross-Border Dispute,314498.59,Analyze treaty -> Evaluate cross-border compliance -> Recommend settlement,193775.91,0.79,0.56
FLC-2024-1636,Region A,2023,Civil,Settlement,True,240346.23,3.2,6.7,7.1,8.8,9.5,6.9,9.2,3.2,2,3.7,8.0,7.3,3,0,2,24.2,True,8,7.4,334796,8.2,6.7,Art. 45 Civil Code,Breach of Contract,282454.23,Check applicable law -> Compute damages -> Advise resolution,139093.79,0.58,0.87
FLC-2025-1637,Region B,2016,Commercial,Settlement,False,218057.01,5.5,9.3,8.2,8.0,6.3,4.9,9.3,5.5,3,4.0,7.7,4.6,3,4,4,90.3,False,0,5.5,473696,8.1,9.4,Art. 25 CISG,Cross-Border Dispute,112684.19,Assess plaintiff claims -> Review evidence -> Determine outcome,70176.43,0.32,0.43
FLC-2023-1638,Region E,2016,Administrative,Settlement,True,153099.69,4.4,4.7,7.9,9.7,4.0,8.2,7.2,4.4,0,5.1,9.8,0.3,3,0,2,65.5,False,1,7.1,373314,7.8,6.5,Art. 5 Admin Law,Regulatory Violation,23656.34,Analyze treaty -> Evaluate cross-border compliance -> Recommend settlement,74803.85,0.49,0.88
FLC-2024-1639,Region E,2019,Commercial,Settlement,True,52920.91,4.1,5.0,7.1,7.9,6.2,7.7,7.0,4.1,3,3.8,5.4,7.4,7,1,3,196.5,True,5,8.9,763205,5.3,6.2,Art. 25 CISG,Cross-Border Dispute,239393.17,Review charges -> Evaluate evidence -> Determine verdict,37411.79,0.71,0.69
FLC-2025-1640,Region E,2021,Commercial,Settlement,False,139116.22,9.2,5.6,7.7,7.2,4.4,4.1,5.8,9.2,0,7.5,7.2,2.3,6,1,0,108.8,False,8,8.6,284005,8.9,6.7,Art. 25 CISG,Cross-Border Dispute,150726.05,Check applicable law -> Compute damages -> Advise resolution,49353.88,0.35,0.37
FLC-2023-1641,Region A,2024,Criminal,Settlement,True,60491.3,3.8,9.2,5.4,5.8,3.9,4.7,6.6,3.8,0,3.2,8.9,4.6,9,4,4,199.1,False,4,6.5,571775,9.6,7.7,Art. 12 Penal Code,Fraud,32780.39,Assess plaintiff claims -> Review evidence -> Determine outcome,42217.81,0.7,0.86
FLC-2024-1642,Region E,2020,Civil,Win,True,800720.47,8.3,9.5,8.3,7.1,6.8,4.9,6.1,8.3,2,6.5,6.9,9.2,2,2,4,166.0,True,5,8.7,955577,8.0,7.7,Art. 45 Civil Code,Breach of Contract,89280.42,Assess plaintiff claims -> Review evidence -> Determine outcome,182651.39,0.23,0.72
FLC-2025-1643,Region C,2023,Civil,Settlement,False,89044.19,7.9,6.5,5.4,10.0,4.2,5.5,5.8,7.9,0,6.6,5.7,3.0,4,2,1,29.5,False,2,5.2,189124,5.1,8.2,Art. 45 Civil Code,Breach of Contract,105758.2,Analyze treaty -> Evaluate cross-border compliance -> Recommend settlement,31031.58,0.35,0.64
FLC-2023-1644,Region E,2015,Civil,Win,False,383616.52,7.4,7.3,9.7,9.6,6.2,7.5,6.2,7.4,0,5.6,5.5,8.3,3,1,4,28.1,True,7,6.2,866022,6.2,8.8,Art. 45 Civil Code,Breach of Contract,96347.38,Check jurisdiction -> Assess contract clauses -> Compute liability,83032.18,0.22,0.6
FLC-2024-1645,Region C,2018,Administrative,Win,False,697900.23,8.4,8.0,9.2,9.8,7.4,4.8,5.3,8.4,2,9.0,8.6,3.6,9,0,1,129.9,True,3,5.4,791107,9.8,8.8,Art. 5 Admin Law,Regulatory Violation,44841.74,Assess plaintiff claims -> Review evidence -> Determine outcome,114424.77,0.16,0.62
FLC-2025-1646,Region D,2016,International Treaty,Loss,True,42039.29,0.8,7.0,7.0,6.6,8.8,9.0,9.9,0.8,1,0.0,9.1,5.0,2,4,0,181.3,True,3,9.2,184273,6.7,7.4,Art. 97,Cross-Border Dispute,260872.29,Check jurisdiction -> Assess contract clauses -> Compute liability,38722.14,0.92,0.55
FLC-2023-1647,Region C,2020,Administrative,Settlement,False,192242.68,4.6,8.6,6.5,8.8,3.9,4.6,7.9,4.6,2,5.1,9.0,0.6,2,2,4,166.4,True,5,7.2,188176,5.8,7.1,Art. 5 Admin Law,Regulatory Violation,108786.41,Analyze treaty -> Evaluate cross-border compliance -> Recommend settlement,79501.67,0.41,0.64
FLC-2024-1648,Region C,2021,Administrative,Settlement,True,6723595.03,2.9,9.3,9.3,7.0,5.7,8.4,5.4,2.9,3,3.0,9.7,4.5,4,4,3,178.6,True,7,9.3,806481,8.8,6.6,Art. 5 Admin Law,Regulatory Violation,253398.13,Review charges -> Evaluate evidence -> Determine verdict,4338831.68,0.65,0.84
FLC-2025-1649,Region E,2019,Civil,Dismissed,False,359409.33,7.8,6.7,5.0,9.1,6.4,6.6,8.8,7.8,2,6.2,6.8,7.2,3,3,4,40.9,True,9,6.5,118877,6.9,5.8,Art. 45 Civil Code,Breach of Contract,19061.38,Assess plaintiff claims -> Review evidence -> Determine outcome,47454.33,0.13,0.65
FLC-2023-1650,Region D,2020,International Treaty,Loss,False,1006624.23,5.8,8.9,6.0,6.5,4.2,8.6,7.9,5.8,4,4.7,7.9,4.6,4,3,4,58.5,False,0,9.3,967692,9.6,5.9,Art. 97,Cross-Border Dispute,176035.16,Analyze treaty -> Evaluate cross-border compliance -> Recommend settlement,478699.78,0.48,0.41
FLC-2024-1651,Region B,2019,Administrative,Settlement,True,381238.89,2.3,5.5,9.7,7.4,8.9,5.3,5.9,2.3,2,2.1,8.4,4.7,9,2,2,48.0,True,6,7.9,247470,9.9,8.5,Art. 5 Admin Law,Regulatory Violation,286932.2,Assess plaintiff claims -> Review evidence -> Determine outcome,245470.96,0.64,0.67
FLC-2025-1652,Region D,2024,Criminal,Loss,True,183665.35,1.9,4.7,9.8,6.4,4.9,7.9,8.9,1.9,3,3.1,9.8,9.1,5,3,2,197.6,False,3,6.0,378902,9.5,5.0,Art. 12 Penal Code,Fraud,119146.12,Analyze treaty -> Evaluate cross-border compliance -> Recommend settlement,138662.44,0.75,0.67
FLC-2023-1653,Region D,2024,Criminal,Settlement,True,428741.59,4.2,6.3,7.7,9.8,4.4,6.8,5.1,4.2,1,4.3,5.5,8.8,9,0,0,174.4,False,9,7.8,253139,5.8,8.0,Art. 12 Penal Code,Fraud,128137.27,Review charges -> Evaluate evidence -> Determine verdict,246935.76,0.58,0.69
FLC-2024-1654,Region D,2018,Administrative,Win,False,910528.69,7.0,5.0,8.9,8.7,4.6,6.0,8.6,7.0,0,5.1,6.0,7.0,7,2,4,129.3,True,7,8.5,549263,8.4,8.1,Art. 5 Admin Law,Regulatory Violation,46341.15,Check applicable law -> Compute damages -> Advise resolution,151921.37,0.17,0.49
FLC-2025-1655,Region E,2021,Commercial,Settlement,False,96667.55,5.1,9.3,5.5,7.7,5.1,8.0,7.7,5.1,1,3.9,8.7,6.9,9,1,4,116.6,False,4,6.1,641448,7.0,9.1,Art. 25 CISG,Cross-Border Dispute,21380.19,Analyze treaty -> Evaluate cross-border compliance -> Recommend settlement,39728.02,0.41,0.42
FLC-2023-1656,Region A,2016,Criminal,Win,False,221953.82,6.4,5.4,6.1,9.8,7.5,5.0,7.4,6.4,0,3.4,8.8,1.8,4,1,1,141.5,False,8,7.6,215020,9.5,7.7,Art. 12 Penal Code,Fraud,115698.66,Review charges -> Evaluate evidence -> Determine verdict,106608.98,0.48,0.56
FLC-2024-1657,Region D,2015,Criminal,Loss,True,410772.48,2.0,4.8,9.6,5.1,8.8,5.7,5.9,2.0,4,3.0,5.5,6.2,7,1,3,117.4,False,2,9.9,869302,5.9,7.5,Art. 12 Penal Code,Fraud,424810.7,Check applicable law -> Compute damages -> Advise resolution,370175.1,0.9,0.88
FLC-2025-1658,Region B,2024,Criminal,Loss,True,893391.57,0.4,8.5,6.2,8.8,8.8,6.6,7.9,0.4,1,0.0,7.7,7.4,3,4,3,24.4,True,6,9.8,763981,9.7,9.2,Art. 12 Penal Code,Fraud,163232.06,Analyze treaty -> Evaluate cross-border compliance -> Recommend settlement,763868.54,0.86,0.9
FLC-2023-1659,Region D,2021,International Treaty,Loss,True,1341228.77,3.2,6.7,9.7,5.1,9.9,8.9,6.8,3.2,4,3.0,6.9,3.5,3,1,4,182.7,False,4,7.7,199864,7.5,7.8,Art. 97,Cross-Border Dispute,273697.83,Analyze treaty -> Evaluate cross-border compliance -> Recommend settlement,1027622.46,0.77,0.65
FLC-2024-1660,Region C,2021,Criminal,Loss,True,68724.38,0.6,4.2,6.1,8.7,4.6,9.5,8.3,0.6,3,0.0,7.2,7.9,2,2,4,84.3,False,4,7.6,227395,6.6,5.2,Art. 12 Penal Code,Fraud,87330.88,Check jurisdiction -> Assess contract clauses -> Compute liability,63057.61,0.92,0.76
FLC-2025-1661,Region C,2021,Civil,Win,True,537999.29,6.8,5.6,5.9,9.5,3.6,5.6,7.2,6.8,3,3.9,8.4,6.2,9,4,1,100.6,False,6,7.1,911114,5.2,8.2,Art. 45 Civil Code,Breach of Contract,32958.84,Review charges -> Evaluate evidence -> Determine verdict,224760.83,0.42,0.84
FLC-2023-1662,Region A,2021,Administrative,Win,True,342484.32,3.6,4.6,5.1,9.8,6.0,6.4,5.2,3.6,2,4.3,6.2,8.0,4,0,2,111.0,True,5,7.2,157381,8.7,5.5,Art. 5 Admin Law,Regulatory Violation,107925.89,Check jurisdiction -> Assess contract clauses -> Compute liability,176893.34,0.52,0.82
FLC-2024-1663,Region B,2022,Administrative,Win,False,470250.88,8.0,5.9,6.2,5.4,8.0,5.7,6.9,8.0,4,6.2,6.3,1.8,6,0,3,101.4,False,9,5.6,344434,9.2,6.5,Art. 5 Admin Law,Regulatory Violation,94158.51,Review charges -> Evaluate evidence -> Determine verdict,108586.56,0.23,0.66
FLC-2025-1664,Region C,2023,Civil,Win,False,267646.46,7.6,7.1,8.9,8.7,4.8,5.6,8.7,7.6,4,5.9,8.7,1.4,4,2,0,164.4,False,3,6.8,160739,9.8,6.5,Art. 45 Civil Code,Breach of Contract,38237.0,Check applicable law -> Compute damages -> Advise resolution,52866.2,0.2,0.63
FLC-2023-1665,Region A,2023,Civil,Settlement,True,174489.56,7.2,6.6,5.8,7.7,6.2,4.7,8.3,7.2,3,6.6,5.6,7.0,2,0,3,90.1,True,0,8.2,130960,6.3,5.4,Art. 45 Civil Code,Breach of Contract,123908.98,Check jurisdiction -> Assess contract clauses -> Compute liability,83967.3,0.48,0.99
FLC-2024-1666,Region E,2015,International Treaty,Loss,True,165101.41,1.3,6.3,7.1,6.4,9.2,6.1,5.9,1.3,2,2.1,8.9,3.7,6,1,4,157.8,False,6,8.3,390700,8.9,6.4,Art. 97,Cross-Border Dispute,144510.0,Check jurisdiction -> Assess contract clauses -> Compute liability,165101.41,1.0,0.6
FLC-2025-1667,Region D,2020,Civil,Loss,True,2424664.27,6.8,7.1,8.1,10.0,4.0,7.7,7.4,6.8,1,4.5,6.8,3.0,7,2,0,111.2,False,1,5.7,642540,8.0,7.7,Art. 45 Civil Code,Breach of Contract,74386.69,Check applicable law -> Compute damages -> Advise resolution,1145684.07,0.47,0.75
FLC-2023-1668,Region C,2016,International Treaty,Settlement,True,2567013.29,0.0,7.7,9.9,8.6,7.7,10.0,9.0,0.0,2,0.0,9.6,7.3,4,4,1,104.1,True,9,8.1,638003,5.3,5.2,Art. 97,Cross-Border Dispute,375220.0,Check jurisdiction -> Assess contract clauses -> Compute liability,2567013.29,1.0,0.59
FLC-2024-1669,Region A,2024,International Treaty,Loss,True,750370.69,1.5,5.0,9.2,7.3,7.6,7.4,5.5,1.5,0,1.2,9.2,4.9,7,4,0,194.4,False,3,8.3,160497,7.5,8.4,Art. 97,Cross-Border Dispute,269922.35,Check applicable law -> Compute damages -> Advise resolution,692367.83,0.92,0.5
FLC-2025-1670,Region E,2023,International Treaty,Win,False,1075375.67,4.4,4.3,7.3,9.6,9.9,5.1,9.4,4.4,0,3.7,9.2,2.8,5,0,4,152.7,True,6,6.4,559796,7.4,6.8,Art. 97,Cross-Border Dispute,239247.06,Check jurisdiction -> Assess contract clauses -> Compute liability,649607.92,0.6,0.41
FLC-2023-1671,Region E,2021,Criminal,Loss,True,177841.7,2.0,5.9,10.0,6.9,5.0,5.4,8.3,2.0,3,0.3,6.7,8.4,7,0,4,64.3,True,6,6.0,968088,6.4,5.2,Art. 12 Penal Code,Fraud,3103.45,Analyze treaty -> Evaluate cross-border compliance -> Recommend settlement,145587.55,0.82,0.8
FLC-2024-1672,Region A,2022,International Treaty,Settlement,False,1203081.71,4.2,4.6,9.0,7.8,9.9,8.8,6.6,4.2,4,3.9,9.6,0.1,1,1,1,81.6,True,1,5.7,459817,9.0,5.3,Art. 97,Cross-Border Dispute,36209.18,Assess plaintiff claims -> Review evidence -> Determine outcome,635616.38,0.53,0.23
FLC-2025-1673,Region A,2024,International Treaty,Loss,True,70914.29,0.0,4.5,6.8,9.1,8.9,9.2,5.2,0.0,2,0.0,9.5,0.9,5,2,2,167.5,False,4,6.7,961809,5.1,5.1,Art. 97,Cross-Border Dispute,447405.0,Analyze treaty -> Evaluate cross-border compliance -> Recommend settlement,70914.29,1.0,0.62
FLC-2023-1674,Region E,2024,Civil,Settlement,True,501820.32,5.2,7.4,7.5,7.6,6.9,9.7,5.3,5.2,0,4.8,6.9,0.9,6,4,2,182.0,False,1,6.9,599873,9.9,6.3,Art. 45 Civil Code,Breach of Contract,84365.14,Check jurisdiction -> Assess contract clauses -> Compute liability,220950.7,0.44,0.83
FLC-2024-1675,Region A,2019,International Treaty,Settlement,True,604155.12,2.0,9.8,9.5,6.8,5.6,9.1,8.6,2.0,4,2.0,8.2,2.7,5,2,1,175.8,True,1,9.3,771305,7.3,8.0,Art. 97,Cross-Border Dispute,139346.04,Check applicable law -> Compute damages -> Advise resolution,530810.99,0.88,0.47
FLC-2025-1676,Region D,2024,Civil,Dismissed,False,421678.0,10.0,8.2,5.4,6.0,8.3,4.1,9.8,10.0,2,7.5,9.5,5.2,7,4,3,66.2,True,6,8.5,449069,9.5,6.2,Art. 45 Civil Code,Breach of Contract,43493.14,Review charges -> Evaluate evidence -> Determine verdict,60418.52,0.14,0.66
FLC-2023-1677,Region C,2017,Administrative,Win,False,1036239.0,6.9,5.5,8.0,7.3,6.5,8.0,6.2,6.9,1,4.6,8.4,5.4,2,1,2,131.6,True,4,8.7,554185,8.0,6.3,Art. 5 Admin Law,Regulatory Violation,118279.04,Review charges -> Evaluate evidence -> Determine verdict,338884.45,0.33,0.8
FLC-2024-1678,Region A,2020,Civil,Loss,True,1350920.31,7.4,8.3,8.6,5.9,7.7,5.7,6.3,7.4,4,6.8,9.0,9.7,2,2,3,186.2,True,0,8.9,554369,9.0,9.4,Art. 45 Civil Code,Breach of Contract,27355.49,Analyze treaty -> Evaluate cross-border compliance -> Recommend settlement,490940.9,0.36,0.9
FLC-2025-1679,Region E,2020,Commercial,Settlement,True,839003.96,2.3,6.1,5.7,7.8,7.4,9.2,7.4,2.3,0,0.9,8.9,2.5,4,1,2,133.8,True,0,9.1,37678,9.4,5.4,Art. 25 CISG,Cross-Border Dispute,209658.79,Analyze treaty -> Evaluate cross-border compliance -> Recommend settlement,565129.78,0.67,0.79
FLC-2023-1680,Region E,2020,Commercial,Win,False,1161312.13,8.1,8.4,9.6,6.8,7.1,8.1,9.2,8.1,1,7.5,7.8,7.4,6,4,2,58.3,False,2,6.2,183605,7.3,8.9,Art. 25 CISG,Cross-Border Dispute,8008.87,Analyze treaty -> Evaluate cross-border compliance -> Recommend settlement,232607.25,0.2,0.72
FLC-2024-1681,Region D,2016,International Treaty,Loss,False,198303.37,5.3,7.9,7.0,10.0,3.3,7.0,7.6,5.3,0,5.1,7.7,5.4,5,0,4,56.5,True,8,8.5,785616,5.6,9.6,Art. 97,Cross-Border Dispute,120779.73,Assess plaintiff claims -> Review evidence -> Determine outcome,113648.79,0.57,0.51
FLC-2025-1682,Region D,2018,Administrative,Settlement,True,1215726.55,2.6,8.8,9.2,9.8,5.0,7.9,8.5,2.6,3,0.0,5.8,8.0,7,0,4,178.3,True,4,6.3,922305,5.2,5.9,Art. 5 Admin Law,Regulatory Violation,174037.96,Assess plaintiff claims -> Review evidence -> Determine outcome,750377.95,0.62,0.97
FLC-2023-1683,Region B,2020,Criminal,Loss,True,248052.36,4.9,7.5,7.2,9.5,7.8,6.2,9.0,4.9,3,3.7,6.1,1.4,8,2,0,82.7,False,5,7.0,828793,9.1,6.9,Art. 12 Penal Code,Fraud,207620.35,Assess plaintiff claims -> Review evidence -> Determine outcome,173689.65,0.7,0.84
FLC-2024-1684,Region B,2021,International Treaty,Loss,True,435108.76,0.1,7.1,6.2,9.6,8.5,4.1,9.7,0.1,0,0.0,5.8,1.8,8,4,4,126.3,False,3,6.0,802451,7.6,5.4,Art. 97,Cross-Border Dispute,414025.0,Check applicable law -> Compute damages -> Advise resolution,435108.76,1.0,0.77
FLC-2025-1685,Region E,2018,Administrative,Win,False,881192.32,9.6,5.5,6.3,9.8,8.1,4.8,5.5,9.6,3,7.2,8.9,8.7,5,1,4,106.5,True,4,5.0,698277,5.8,7.6,Art. 5 Admin Law,Regulatory Violation,4592.0,Check jurisdiction -> Assess contract clauses -> Compute liability,97164.87,0.11,0.79
FLC-2023-1686,Region A,2016,Commercial,Settlement,True,363728.92,3.8,5.9,5.0,6.6,3.5,9.5,5.4,3.8,0,2.5,9.0,1.3,2,0,1,24.6,False,7,6.1,564344,8.0,9.7,Art. 25 CISG,Cross-Border Dispute,20659.56,Review charges -> Evaluate evidence -> Determine verdict,211193.57,0.58,0.75
FLC-2024-1687,Region C,2015,Commercial,Settlement,True,95115.24,5.7,9.8,7.6,5.0,5.7,4.0,6.2,5.7,2,6.7,9.7,1.5,4,1,4,151.7,False,7,5.6,422983,7.6,9.7,Art. 25 CISG,Cross-Border Dispute,40681.0,Assess plaintiff claims -> Review evidence -> Determine outcome,49787.47,0.52,0.74
FLC-2025-1688,Region A,2020,Criminal,Loss,False,879145.58,3.8,9.6,5.4,9.0,3.9,4.5,9.8,3.8,3,4.4,7.7,0.0,6,1,1,103.5,False,8,6.4,380227,5.5,5.5,Art. 12 Penal Code,Fraud,61796.5,Check jurisdiction -> Assess contract clauses -> Compute liability,462327.61,0.53,0.5
FLC-2023-1689,Region B,2022,Administrative,Loss,True,774305.32,2.9,9.9,8.1,5.4,7.1,8.4,9.7,2.9,4,1.6,6.7,7.9,7,2,4,175.0,False,5,9.3,264036,9.4,7.6,Art. 5 Admin Law,Regulatory Violation,208767.04,Check jurisdiction -> Assess contract clauses -> Compute liability,521931.31,0.67,0.93
FLC-2024-1690,Region C,2016,Administrative,Settlement,True,1840359.22,5.3,6.2,9.2,10.0,9.3,8.7,8.7,5.3,1,6.3,6.7,0.1,2,1,3,96.2,False,2,6.6,730790,9.7,8.4,Art. 5 Admin Law,Regulatory Violation,131952.16,Review charges -> Evaluate evidence -> Determine verdict,836898.07,0.45,0.78
FLC-2025-1691,Region B,2021,Commercial,Settlement,True,2908032.03,1.6,6.5,7.6,6.4,6.2,4.9,8.5,1.6,0,1.2,9.5,1.5,6,4,4,106.9,False,9,7.1,150882,5.4,8.8,Art. 25 CISG,Cross-Border Dispute,419698.22,Check jurisdiction -> Assess contract clauses -> Compute liability,2454525.98,0.84,0.74
FLC-2023-1692,Region E,2024,Administrative,Settlement,True,553685.95,3.6,7.0,7.1,5.2,9.2,8.8,8.2,3.6,3,4.4,5.8,1.0,4,2,4,167.9,False,9,8.2,198004,9.9,9.2,Art. 5 Admin Law,Regulatory Violation,132764.8,Assess plaintiff claims -> Review evidence -> Determine outcome,292854.55,0.53,0.65
FLC-2024-1693,Region A,2022,International Treaty,Settlement,True,3064325.64,1.0,7.7,9.4,5.9,6.5,6.5,6.5,1.0,2,0.6,5.8,4.6,8,2,0,155.0,True,5,6.0,159734,9.0,8.8,Art. 97,Cross-Border Dispute,290939.42,Assess plaintiff claims -> Review evidence -> Determine outcome,2578533.5,0.84,0.7
FLC-2025-1694,Region E,2016,Criminal,Settlement,True,538199.33,0.4,6.8,8.0,7.1,3.5,8.4,9.1,0.4,4,0.0,5.9,5.5,8,4,4,55.4,False,2,9.8,884298,7.3,7.5,Art. 12 Penal Code,Fraud,25784.43,Check applicable law -> Compute damages -> Advise resolution,483255.44,0.9,0.88
FLC-2023-1695,Region D,2017,Commercial,Win,True,285137.18,2.9,5.2,7.5,9.4,9.1,8.5,8.5,2.9,3,2.5,6.8,7.1,8,2,3,166.6,False,2,8.8,137292,6.9,5.9,Art. 25 CISG,Cross-Border Dispute,58540.41,Review charges -> Evaluate evidence -> Determine verdict,172084.73,0.6,0.52
FLC-2024-1696,Region E,2021,Administrative,Win,False,726951.77,8.2,4.6,7.4,5.7,3.4,8.1,6.4,8.2,3,7.9,8.3,2.2,5,0,4,180.0,False,5,8.1,128669,6.0,8.9,Art. 5 Admin Law,Regulatory Violation,57562.25,Check applicable law -> Compute damages -> Advise resolution,287377.11,0.4,0.49
FLC-2025-1697,Region A,2024,Administrative,Win,True,266757.18,4.8,9.7,9.5,6.2,4.8,9.9,6.2,4.8,2,3.9,8.1,0.6,5,4,0,147.8,False,4,8.1,418660,8.9,6.4,Art. 5 Admin Law,Regulatory Violation,114771.19,Assess plaintiff claims -> Review evidence -> Determine outcome,142978.75,0.54,0.83
FLC-2023-1698,Region A,2017,Commercial,Settlement,True,145120.18,2.8,6.3,5.6,6.2,5.9,9.5,6.0,2.8,1,2.7,7.8,0.3,7,0,2,118.7,True,9,8.8,400442,5.7,5.6,Art. 25 CISG,Cross-Border Dispute,327978.49,Check jurisdiction -> Assess contract clauses -> Compute liability,95886.43,0.66,0.62
FLC-2024-1699,Region A,2017,Civil,Loss,True,706028.1,5.2,5.1,6.8,6.6,9.9,7.8,7.5,5.2,4,4.5,5.6,1.8,2,2,3,78.0,True,0,6.0,876750,7.9,8.5,Art. 45 Civil Code,Breach of Contract,194342.62,Review charges -> Evaluate evidence -> Determine verdict,351139.71,0.5,0.99
FLC-2025-1700,Region D,2019,Commercial,Settlement,False,287306.81,5.1,5.4,8.4,6.4,8.7,4.2,6.0,5.1,1,5.2,5.2,3.7,8,2,2,85.8,True,7,9.3,235012,6.0,8.9,Art. 25 CISG,Cross-Border Dispute,93948.82,Check jurisdiction -> Assess contract clauses -> Compute liability,106909.29,0.37,0.56
FLC-2023-1701,Region A,2018,Administrative,Settlement,True,402391.17,3.9,6.5,7.7,5.1,4.0,7.9,7.8,3.9,4,1.9,8.1,5.2,8,1,3,161.5,True,4,5.6,510129,7.4,5.4,Art. 5 Admin Law,Regulatory Violation,247100.22,Check applicable law -> Compute damages -> Advise resolution,207768.51,0.52,0.74
FLC-2024-1702,Region C,2022,Civil,Loss,False,452349.46,6.8,6.3,8.1,7.8,7.5,8.3,8.6,6.8,2,5.0,9.6,3.3,3,4,3,82.8,True,9,7.1,800366,5.0,9.7,Art. 45 Civil Code,Breach of Contract,168216.6,Review charges -> Evaluate evidence -> Determine verdict,195893.54,0.43,0.77
FLC-2025-1703,Region D,2016,International Treaty,Loss,True,208885.22,0.0,6.2,5.7,8.8,8.9,6.9,9.8,0.0,1,0.0,5.5,2.0,1,0,3,23.8,True,4,6.0,670498,5.6,6.1,Art. 97,Cross-Border Dispute,349535.53,Review charges -> Evaluate evidence -> Determine verdict,205876.91,0.99,0.71
FLC-2023-1704,Region A,2016,International Treaty,Settlement,True,232590.66,2.0,8.4,5.7,5.9,7.5,6.6,6.1,2.0,2,2.6,8.1,7.3,4,3,4,104.7,False,6,6.5,345443,7.8,7.8,Art. 97,Cross-Border Dispute,395480.66,Analyze treaty -> Evaluate cross-border compliance -> Recommend settlement,208539.51,0.9,0.62
FLC-2024-1705,Region D,2018,Criminal,Settlement,False,142390.37,4.6,4.9,6.1,7.8,7.8,5.9,7.7,4.6,1,3.2,8.1,2.0,5,4,2,117.6,False,4,5.2,969496,6.5,6.1,Art. 12 Penal Code,Fraud,112069.8,Check jurisdiction -> Assess contract clauses -> Compute liability,79886.57,0.56,0.65
FLC-2025-1706,Region C,2019,Criminal,Settlement,False,508683.59,2.7,6.9,8.8,9.0,4.5,6.8,8.9,2.7,2,2.3,6.6,6.1,9,4,1,192.9,True,7,6.1,667728,5.6,8.8,Art. 12 Penal Code,Fraud,287151.02,Check jurisdiction -> Assess contract clauses -> Compute liability,334205.09,0.66,0.56
FLC-2023-1707,Region C,2018,International Treaty,Loss,True,445737.7,2.3,7.7,6.4,8.8,7.6,9.0,8.8,2.3,3,0.9,9.7,9.5,9,4,3,198.9,False,2,9.4,588811,8.6,5.9,Art. 97,Cross-Border Dispute,114423.87,Assess plaintiff claims -> Review evidence -> Determine outcome,329260.01,0.74,0.69
FLC-2024-1708,Region E,2021,Commercial,Settlement,True,388972.9,1.7,7.8,9.5,6.4,8.6,8.8,5.6,1.7,2,0.8,8.2,4.2,7,4,1,137.6,False,0,7.5,311636,8.8,7.7,Art. 25 CISG,Cross-Border Dispute,95617.97,Check jurisdiction -> Assess contract clauses -> Compute liability,323379.08,0.83,0.52
FLC-2025-1709,Region E,2021,Commercial,Loss,True,346036.11,1.6,10.0,9.0,9.1,7.0,9.8,8.7,1.6,2,0.5,5.9,9.8,1,4,3,111.7,False,5,8.7,958056,9.7,5.4,Art. 25 CISG,Cross-Border Dispute,27233.42,Check applicable law -> Compute damages -> Advise resolution,302586.23,0.87,0.84
FLC-2023-1710,Region D,2024,Commercial,Settlement,True,63921.41,2.8,5.5,6.0,8.5,8.7,8.3,8.2,2.8,2,1.9,6.4,3.8,6,4,2,98.5,False,7,7.5,558032,9.9,6.0,Art. 25 CISG,Cross-Border Dispute,105358.4,Review charges -> Evaluate evidence -> Determine verdict,42781.19,0.67,0.84
FLC-2024-1711,Region C,2021,Commercial,Settlement,True,241817.06,0.0,9.4,7.3,5.3,4.4,6.6,6.2,0.0,2,0.0,7.6,4.2,5,4,0,112.1,True,8,5.3,430876,9.1,9.7,Art. 25 CISG,Cross-Border Dispute,179221.81,Check jurisdiction -> Assess contract clauses -> Compute liability,204622.74,0.85,0.7
FLC-2025-1712,Region D,2021,Commercial,Loss,True,143401.81,2.9,7.5,7.3,7.6,9.3,6.9,7.4,2.9,1,1.1,9.0,2.9,8,3,4,36.2,False,5,9.6,870900,9.4,9.3,Art. 25 CISG,Cross-Border Dispute,81009.13,Check jurisdiction -> Assess contract clauses -> Compute liability,111091.66,0.77,0.73
FLC-2023-1713,Region A,2017,Civil,Settlement,True,72232.31,3.4,6.0,8.2,7.7,3.2,9.7,7.9,3.4,4,3.6,7.2,4.7,9,4,0,90.9,False,3,9.2,292901,5.6,8.7,Art. 45 Civil Code,Breach of Contract,2759.02,Check applicable law -> Compute damages -> Advise resolution,43108.38,0.6,0.91
FLC-2024-1714,Region D,2024,Criminal,Loss,False,382403.48,3.0,9.8,9.7,8.0,5.2,9.4,9.0,3.0,2,1.8,7.4,9.9,7,1,4,187.9,False,4,6.5,895738,9.8,5.7,Art. 12 Penal Code,Fraud,114225.98,Analyze treaty -> Evaluate cross-border compliance -> Recommend settlement,221452.57,0.58,0.7
FLC-2025-1715,Region B,2018,Commercial,Settlement,False,110207.1,5.2,6.0,9.7,5.5,9.5,4.5,8.1,5.2,2,4.0,5.2,3.7,3,2,2,30.9,False,0,8.9,297052,7.1,8.8,Art. 25 CISG,Cross-Border Dispute,20300.37,Check applicable law -> Compute damages -> Advise resolution,38581.83,0.35,0.42
FLC-2023-1716,Region B,2016,Administrative,Settlement,False,740513.68,5.4,8.2,8.8,7.1,8.5,4.3,8.8,5.4,3,5.7,6.8,2.7,6,0,1,59.2,False,9,8.5,489235,9.6,5.8,Art. 5 Admin Law,Regulatory Violation,182370.55,Analyze treaty -> Evaluate cross-border compliance -> Recommend settlement,343904.57,0.46,0.6
FLC-2024-1717,Region B,2017,Administrative,Loss,True,329748.4,2.5,8.1,8.0,5.5,8.5,6.6,5.0,2.5,4,1.2,8.6,9.9,7,2,4,110.6,True,1,7.9,400032,8.6,6.4,Art. 5 Admin Law,Regulatory Violation,65172.68,Assess plaintiff claims -> Review evidence -> Determine outcome,214077.4,0.65,0.75
FLC-2025-1718,Region D,2016,Commercial,Settlement,True,99130.45,2.0,7.7,9.3,5.7,4.1,6.2,6.5,2.0,3,3.2,7.4,2.7,1,4,3,63.8,False,7,5.5,435861,8.9,9.8,Art. 25 CISG,Cross-Border Dispute,314818.62,Analyze treaty -> Evaluate cross-border compliance -> Recommend settlement,79810.02,0.81,0.49
FLC-2023-1719,Region B,2018,Commercial,Settlement,True,244079.41,3.4,7.6,6.8,8.5,9.2,8.6,8.2,3.4,4,1.8,7.7,9.2,5,3,3,48.0,False,8,7.9,957382,7.3,8.6,Art. 25 CISG,Cross-Border Dispute,202815.74,Analyze treaty -> Evaluate cross-border compliance -> Recommend settlement,141527.33,0.58,0.68
FLC-2024-1720,Region D,2017,Commercial,Settlement,True,204796.85,2.1,6.3,7.6,8.0,8.9,6.4,5.3,2.1,1,2.6,8.8,7.3,8,1,0,143.2,False,7,7.5,216328,9.1,8.8,Art. 25 CISG,Cross-Border Dispute,295579.83,Check applicable law -> Compute damages -> Advise resolution,144012.93,0.7,0.6
FLC-2025-1721,Region E,2015,Criminal,Settlement,False,1190961.9,2.9,5.4,8.2,6.4,4.3,7.9,8.6,2.9,0,1.2,9.7,3.5,1,0,3,39.6,False,2,7.2,420812,6.7,9.0,Art. 12 Penal Code,Fraud,37821.16,Check applicable law -> Compute damages -> Advise resolution,644399.92,0.54,0.44
FLC-2023-1722,Region B,2019,Civil,Loss,True,312880.98,2.9,9.0,6.2,7.6,7.6,9.9,5.2,2.9,1,3.5,7.6,5.6,9,0,3,20.0,True,5,9.7,811526,6.6,9.7,Art. 45 Civil Code,Breach of Contract,131071.49,Check jurisdiction -> Assess contract clauses -> Compute liability,226051.31,0.72,1.0
FLC-2024-1723,Region A,2018,International Treaty,Loss,True,134745.76,0.0,9.0,5.5,8.2,7.7,7.3,9.7,0.0,1,1.3,6.5,7.7,8,4,4,44.4,False,8,5.2,511921,7.7,6.7,Art. 97,Cross-Border Dispute,226268.0,Analyze treaty -> Evaluate cross-border compliance -> Recommend settlement,134745.76,1.0,0.44
FLC-2025-1724,Region D,2015,International Treaty,Loss,True,334167.06,0.1,9.3,6.2,10.0,4.8,8.4,7.1,0.1,0,0.1,6.1,4.9,9,4,1,165.3,False,3,6.0,549646,7.1,9.8,Art. 97,Cross-Border Dispute,148541.52,Check applicable law -> Compute damages -> Advise resolution,333214.85,1.0,0.64
FLC-2023-1725,Region B,2017,Administrative,Settlement,True,4153520.08,4.7,10.0,8.9,5.1,6.4,6.4,9.0,4.7,0,2.9,8.4,2.4,9,0,2,183.3,True,2,8.0,781809,7.1,6.6,Art. 5 Admin Law,Regulatory Violation,222949.2,Check applicable law -> Compute damages -> Advise resolution,2415697.95,0.58,0.81
FLC-2024-1726,Region C,2021,International Treaty,Settlement,True,422069.19,1.0,7.7,5.5,9.3,9.0,6.8,8.1,1.0,2,0.8,8.4,2.7,9,3,4,36.1,True,2,9.5,999512,7.4,7.5,Art. 97,Cross-Border Dispute,454072.0,Analyze treaty -> Evaluate cross-border compliance -> Recommend settlement,422069.19,1.0,0.7
FLC-2025-1727,Region B,2021,Commercial,Loss,True,1530421.04,0.4,8.3,8.8,9.1,7.4,5.1,9.0,0.4,2,2.2,7.7,3.4,5,1,0,21.8,False,4,9.9,349320,8.1,6.9,Art. 25 CISG,Cross-Border Dispute,327573.08,Check applicable law -> Compute damages -> Advise resolution,1349867.9,0.88,0.79
FLC-2023-1728,Region E,2020,Civil,Settlement,True,555806.97,5.0,8.6,9.0,8.8,7.5,8.1,9.3,5.0,2,4.1,7.7,3.4,8,0,4,61.9,True,9,5.8,194087,8.0,7.4,Art. 45 Civil Code,Breach of Contract,60382.92,Analyze treaty -> Evaluate cross-border compliance -> Recommend settlement,276764.14,0.5,0.9
FLC-2024-1729,Region A,2023,Civil,Settlement,True,1384319.64,5.3,9.4,7.9,6.1,8.3,9.5,8.3,5.3,1,4.9,9.9,7.7,4,0,4,80.1,False,1,7.2,847258,7.4,6.7,Art. 45 Civil Code,Breach of Contract,60475.83,Check applicable law -> Compute damages -> Advise resolution,822731.67,0.59,0.85
FLC-2025-1730,Region E,2024,Criminal,Settlement,False,365680.72,5.8,8.1,7.1,9.5,7.3,4.9,7.4,5.8,2,5.0,8.3,4.1,2,2,3,41.6,True,7,9.4,445405,5.7,8.6,Art. 12 Penal Code,Fraud,19874.98,Check jurisdiction -> Assess contract clauses -> Compute liability,149311.73,0.41,0.52
FLC-2023-1731,Region E,2016,Civil,Win,False,109097.45,8.7,9.5,8.8,7.9,6.1,9.8,8.9,8.7,2,6.3,9.9,8.5,2,3,1,69.2,False,3,8.7,724541,8.3,7.7,Art. 45 Civil Code,Breach of Contract,78789.04,Check applicable law -> Compute damages -> Advise resolution,23352.51,0.21,0.89
FLC-2024-1732,Region D,2022,Criminal,Loss,True,243518.41,0.6,8.5,8.6,9.1,4.4,10.0,7.4,0.6,3,1.8,5.1,0.6,1,1,2,52.7,False,9,8.8,950132,9.4,8.2,Art. 12 Penal Code,Fraud,29876.53,Assess plaintiff claims -> Review evidence -> Determine outcome,219378.97,0.9,0.71
FLC-2025-1733,Region C,2024,International Treaty,Settlement,False,1151830.16,5.0,5.1,8.9,8.6,6.5,9.3,5.9,5.0,2,5.2,5.1,6.7,5,2,1,122.9,True,7,8.0,877787,8.0,6.8,Art. 97,Cross-Border Dispute,58079.12,Check jurisdiction -> Assess contract clauses -> Compute liability,470570.77,0.41,0.33
FLC-2023-1734,Region D,2017,Commercial,Win,False,120362.65,5.4,5.4,5.3,6.8,7.1,4.4,7.3,5.4,0,3.1,8.8,8.7,8,3,1,133.8,True,2,7.3,343921,9.0,7.2,Art. 25 CISG,Cross-Border Dispute,69298.27,Assess plaintiff claims -> Review evidence -> Determine outcome,49445.86,0.41,0.6
FLC-2024-1735,Region A,2020,Civil,Loss,True,498397.97,7.1,7.6,6.8,8.5,5.7,9.9,9.8,7.1,2,6.6,7.3,3.0,6,2,0,150.6,True,6,9.7,700049,9.8,6.0,Art. 45 Civil Code,Breach of Contract,138880.1,Check jurisdiction -> Assess contract clauses -> Compute liability,199327.76,0.4,0.94
FLC-2025-1736,Region D,2020,Commercial,Loss,True,954303.14,0.0,7.4,8.3,5.7,3.9,4.2,8.8,0.0,4,0.0,6.1,7.8,2,3,0,123.3,False,0,5.8,106334,8.3,8.7,Art. 25 CISG,Cross-Border Dispute,388430.05,Assess plaintiff claims -> Review evidence -> Determine outcome,776608.75,0.81,0.66
FLC-2023-1737,Region B,2015,International Treaty,Settlement,True,152109.27,0.0,7.9,7.2,7.9,5.7,6.8,6.8,0.0,4,0.2,9.1,1.1,1,1,2,65.3,False,5,8.3,214845,6.7,7.0,Art. 97,Cross-Border Dispute,498197.0,Check applicable law -> Compute damages -> Advise resolution,152109.27,1.0,0.62
FLC-2024-1738,Region C,2023,Administrative,Win,False,793082.08,6.3,6.6,7.6,6.4,6.4,4.6,9.5,6.3,0,6.5,6.9,0.5,4,2,1,112.5,True,5,5.1,196657,8.9,6.9,Art. 5 Admin Law,Regulatory Violation,24067.03,Assess plaintiff claims -> Review evidence -> Determine outcome,368505.83,0.46,0.85
FLC-2025-1739,Region C,2019,Civil,Settlement,True,701839.28,4.2,7.6,6.2,7.5,3.8,4.6,9.5,4.2,2,3.1,6.8,9.5,6,0,0,107.3,False,6,7.8,262918,9.9,7.5,Art. 45 Civil Code,Breach of Contract,202868.18,Assess plaintiff claims -> Review evidence -> Determine outcome,364602.34,0.52,1.0
FLC-2023-1740,Region C,2020,International Treaty,Loss,False,338414.85,2.3,8.6,5.1,6.4,3.9,8.5,7.5,2.3,4,0.0,10.0,8.8,1,3,4,63.5,True,0,5.3,448267,9.5,9.8,Art. 97,Cross-Border Dispute,164109.37,Analyze treaty -> Evaluate cross-border compliance -> Recommend settlement,180693.49,0.53,0.5
FLC-2024-1741,Region B,2019,Administrative,Win,True,609409.0,4.6,7.8,6.8,7.1,6.0,9.6,5.3,4.6,2,2.7,5.7,9.0,8,0,4,85.3,True,1,9.4,661245,8.6,6.3,Art. 5 Admin Law,Regulatory Violation,10058.07,Check jurisdiction -> Assess contract clauses -> Compute liability,272227.77,0.45,0.84
FLC-2025-1742,Region D,2021,International Treaty,Loss,True,471352.43,2.6,5.7,8.4,6.0,5.3,8.5,9.3,2.6,2,3.2,6.3,4.4,7,3,4,144.5,True,6,7.1,4386,7.2,5.4,Art. 97,Cross-Border Dispute,34685.99,Analyze treaty -> Evaluate cross-border compliance -> Recommend settlement,406113.71,0.86,0.62
FLC-2023-1743,Region D,2015,International Treaty,Win,False,654798.37,3.8,6.5,7.8,8.4,9.0,5.4,6.5,3.8,2,3.2,6.4,4.5,6,0,4,198.6,True,9,9.1,561832,7.6,7.3,Art. 97,Cross-Border Dispute,167933.23,Assess plaintiff claims -> Review evidence -> Determine outcome,391691.89,0.6,0.6
FLC-2024-1744,Region B,2024,Criminal,Settlement,True,470922.44,1.2,8.3,7.7,7.5,4.3,6.6,9.4,1.2,3,0.0,5.4,3.9,6,4,3,91.8,False,8,7.2,821345,8.9,5.8,Art. 12 Penal Code,Fraud,259580.32,Analyze treaty -> Evaluate cross-border compliance -> Recommend settlement,422080.81,0.9,0.8
FLC-2025-1745,Region D,2019,Commercial,Loss,False,203225.56,6.1,5.3,9.3,7.4,6.2,7.0,5.9,6.1,3,4.1,7.7,4.2,1,1,4,36.4,True,0,5.5,158624,8.1,9.8,Art. 25 CISG,Cross-Border Dispute,200086.91,Assess plaintiff claims -> Review evidence -> Determine outcome,84971.33,0.42,0.6
FLC-2023-1746,Region D,2024,Administrative,Dismissed,True,1065307.61,7.3,8.2,8.8,7.4,4.9,5.9,6.7,7.3,0,5.9,9.3,0.7,9,2,0,20.7,True,7,8.5,566936,8.9,8.7,Art. 5 Admin Law,Regulatory Violation,21686.39,Check applicable law -> Compute damages -> Advise resolution,260982.3,0.24,0.73
FLC-2024-1747,Region C,2024,International Treaty,Loss,False,131405.39,4.9,5.5,8.8,9.6,3.5,4.1,9.1,4.9,4,4.0,6.4,1.9,3,0,1,158.1,True,9,6.7,289081,5.9,9.7,Art. 97,Cross-Border Dispute,178987.69,Analyze treaty -> Evaluate cross-border compliance -> Recommend settlement,78968.93,0.6,0.46
FLC-2025-1748,Region D,2016,Civil,Settlement,True,210537.64,5.0,4.7,5.1,9.4,7.1,6.5,5.4,5.0,4,3.5,7.5,3.7,3,2,1,122.4,True,1,7.4,217261,8.4,6.9,Art. 45 Civil Code,Breach of Contract,35792.18,Check applicable law -> Compute damages -> Advise resolution,85847.41,0.41,0.78
FLC-2023-1749,Region D,2019,Administrative,Win,False,159484.91,7.9,8.3,5.5,5.8,8.5,7.4,9.1,7.9,2,7.3,5.2,1.6,2,1,4,198.3,False,7,7.5,874326,7.7,6.3,Art. 5 Admin Law,Regulatory Violation,98903.17,Review charges -> Evaluate evidence -> Determine verdict,49391.63,0.31,0.58
FLC-2024-1750,Region A,2024,Commercial,Settlement,True,200044.28,1.7,9.5,5.8,7.2,3.4,6.2,8.9,1.7,2,2.4,5.5,5.3,2,0,1,193.0,True,3,8.5,696940,7.7,7.3,Art. 25 CISG,Cross-Border Dispute,222524.78,Analyze treaty -> Evaluate cross-border compliance -> Recommend settlement,147968.88,0.74,0.69
FLC-2025-1751,Region D,2023,Criminal,Settlement,True,291161.97,0.0,9.5,9.4,7.7,6.1,4.6,9.1,0.0,1,0.2,8.6,2.1,6,0,3,164.2,False,9,9.0,539157,5.6,7.5,Art. 12 Penal Code,Fraud,158236.38,Review charges -> Evaluate evidence -> Determine verdict,287819.49,0.99,0.97
FLC-2023-1752,Region E,2022,Criminal,Loss,False,411624.25,3.9,9.7,7.7,9.2,6.7,8.6,5.3,3.9,2,4.0,7.6,4.5,5,0,0,43.6,True,2,9.4,30834,5.0,8.3,Art. 12 Penal Code,Fraud,45761.37,Assess plaintiff claims -> Review evidence -> Determine outcome,207656.17,0.5,0.64
FLC-2024-1753,Region B,2020,Criminal,Loss,True,503841.16,2.7,9.8,9.7,7.7,5.5,6.6,6.7,2.7,2,0.1,5.3,7.7,5,4,3,106.4,False,4,9.6,933037,7.2,8.5,Art. 12 Penal Code,Fraud,15680.38,Review charges -> Evaluate evidence -> Determine verdict,367563.9,0.73,0.75
FLC-2025-1754,Region C,2017,Criminal,Loss,False,155738.85,5.9,8.8,6.5,6.4,7.0,9.1,9.7,5.9,1,3.2,7.3,0.9,8,0,2,53.7,True,7,8.1,800483,9.4,8.4,Art. 12 Penal Code,Fraud,149425.92,Analyze treaty -> Evaluate cross-border compliance -> Recommend settlement,68889.28,0.44,0.43
FLC-2023-1755,Region A,2021,Criminal,Loss,True,840319.02,1.0,6.5,7.7,5.3,3.1,5.2,7.4,1.0,2,1.8,5.2,6.4,1,0,0,56.9,True,8,5.3,330031,6.7,5.1,Art. 12 Penal Code,Fraud,317441.12,Review charges -> Evaluate evidence -> Determine verdict,782086.78,0.93,0.68
FLC-2024-1756,Region A,2015,Commercial,Win,False,339775.15,5.3,7.4,9.8,8.1,5.5,4.2,8.6,5.3,2,4.9,8.0,8.8,5,3,4,42.3,False,3,7.0,921411,9.2,7.6,Art. 25 CISG,Cross-Border Dispute,171001.76,Assess plaintiff claims -> Review evidence -> Determine outcome,153070.78,0.45,0.44
FLC-2025-1757,Region C,2021,Criminal,Settlement,False,2022586.95,2.7,7.3,9.9,7.1,6.0,5.0,8.0,2.7,4,1.3,6.2,0.1,2,0,0,26.2,False,9,8.1,110031,8.3,5.7,Art. 12 Penal Code,Fraud,16048.88,Review charges -> Evaluate evidence -> Determine verdict,1046362.55,0.52,0.73
FLC-2023-1758,Region C,2017,Civil,Win,False,268937.4,8.0,7.9,8.5,6.4,4.3,9.0,8.7,8.0,2,7.1,9.4,4.3,5,1,2,93.0,True,8,9.0,801751,9.0,9.4,Art. 45 Civil Code,Breach of Contract,31825.92,Analyze treaty -> Evaluate cross-border compliance -> Recommend settlement,63302.39,0.24,0.51
FLC-2024-1759,Region C,2019,Civil,Settlement,True,822028.92,1.9,9.1,8.9,8.2,3.6,9.7,6.5,1.9,1,0.9,8.3,4.5,2,4,2,74.2,True,4,8.6,228030,7.9,8.8,Art. 45 Civil Code,Breach of Contract,235889.0,Check applicable law -> Compute damages -> Advise resolution,451722.09,0.55,0.82
FLC-2025-1760,Region C,2021,Administrative,Loss,True,847787.29,2.4,5.1,6.3,5.7,5.7,9.9,5.8,2.4,1,1.6,8.3,0.2,9,1,3,182.9,True,4,5.3,194445,6.9,8.5,Art. 5 Admin Law,Regulatory Violation,225576.65,Assess plaintiff claims -> Review evidence -> Determine outcome,625054.39,0.74,0.83
FLC-2023-1761,Region B,2024,Administrative,Settlement,True,353263.27,5.1,4.2,6.7,6.9,3.7,4.0,7.9,5.1,4,4.0,6.8,9.4,7,1,1,180.3,False,2,6.1,442557,7.6,9.3,Art. 5 Admin Law,Regulatory Violation,104767.87,Check applicable law -> Compute damages -> Advise resolution,190508.4,0.54,0.86
FLC-2024-1762,Region D,2022,Criminal,Settlement,False,284563.3,4.0,5.3,5.5,7.9,9.7,7.6,8.8,4.0,3,2.1,7.9,2.5,3,1,3,124.2,True,0,7.7,345977,5.7,5.8,Art. 12 Penal Code,Fraud,126431.69,Check jurisdiction -> Assess contract clauses -> Compute liability,148759.65,0.52,0.47
FLC-2025-1763,Region E,2024,Criminal,Settlement,True,210645.71,0.9,9.9,7.7,8.4,5.4,5.8,6.7,0.9,4,1.4,8.8,5.0,5,4,0,82.1,False,9,8.3,818116,9.3,5.5,Art. 12 Penal Code,Fraud,360400.76,Analyze treaty -> Evaluate cross-border compliance -> Recommend settlement,153185.15,0.73,0.72
FLC-2023-1764,Region C,2021,Criminal,Settlement,False,434307.96,3.5,9.0,6.5,5.8,7.8,4.7,9.3,3.5,3,3.5,9.5,6.4,2,2,2,106.4,True,1,9.0,546331,7.6,5.7,Art. 12 Penal Code,Fraud,249901.14,Check jurisdiction -> Assess contract clauses -> Compute liability,233342.84,0.54,0.55
FLC-2024-1765,Region B,2021,Criminal,Win,False,62685.37,6.1,8.4,8.8,7.1,8.8,4.6,7.2,6.1,3,4.2,9.7,0.8,5,3,4,191.3,True,4,8.7,401604,6.1,8.7,Art. 12 Penal Code,Fraud,32416.09,Review charges -> Evaluate evidence -> Determine verdict,26650.42,0.43,0.5
FLC-2025-1766,Region D,2023,Civil,Win,False,1456407.52,5.5,5.3,5.5,7.4,3.5,7.8,8.2,5.5,0,4.4,8.0,6.7,2,1,2,83.6,False,0,8.6,85403,5.8,8.3,Art. 45 Civil Code,Breach of Contract,15081.43,Analyze treaty -> Evaluate cross-border compliance -> Recommend settlement,410164.35,0.28,0.71
FLC-2023-1767,Region E,2023,International Treaty,Loss,True,2495327.93,0.2,10.0,9.5,6.3,8.4,9.6,9.5,0.2,2,0.0,5.3,9.3,2,0,0,122.2,True,5,7.9,259024,8.9,7.1,Art. 97,Cross-Border Dispute,171127.83,Check jurisdiction -> Assess contract clauses -> Compute liability,2144590.08,0.86,0.68
FLC-2024-1768,Region A,2022,Administrative,Settlement,True,323627.75,5.0,9.9,9.4,9.8,8.1,5.0,7.8,5.0,3,4.7,6.4,6.4,3,0,2,134.7,True,7,6.6,233302,9.6,7.4,Art. 5 Admin Law,Regulatory Violation,38987.27,Check jurisdiction -> Assess contract clauses -> Compute liability,179481.38,0.55,0.9
FLC-2025-1769,Region B,2020,Criminal,Loss,True,251933.23,2.5,6.1,5.7,5.3,5.3,6.8,6.8,2.5,1,1.4,5.8,8.3,5,1,3,187.5,True,1,5.5,42204,7.7,9.0,Art. 12 Penal Code,Fraud,356633.95,Assess plaintiff claims -> Review evidence -> Determine outcome,215749.32,0.86,0.88
FLC-2023-1770,Region C,2022,Civil,Loss,True,2785519.97,3.4,6.4,9.8,8.8,3.5,6.6,9.9,3.4,1,3.0,9.0,2.4,3,3,2,147.5,True,8,7.8,720862,8.0,7.5,Art. 45 Civil Code,Breach of Contract,56691.26,Review charges -> Evaluate evidence -> Determine verdict,1474817.77,0.53,0.87
FLC-2024-1771,Region D,2016,Criminal,Win,False,176982.2,6.7,7.5,8.9,5.6,9.8,5.4,7.2,6.7,1,4.5,7.7,3.9,1,0,0,97.9,True,8,7.3,804079,6.6,8.7,Art. 12 Penal Code,Fraud,69443.64,Review charges -> Evaluate evidence -> Determine verdict,75792.05,0.43,0.57
FLC-2025-1772,Region B,2020,Commercial,Loss,False,220697.65,7.5,4.4,7.7,6.6,9.9,7.8,6.2,7.5,1,8.0,8.7,2.7,3,2,4,173.9,True,8,7.8,316300,6.8,8.2,Art. 25 CISG,Cross-Border Dispute,106905.6,Analyze treaty -> Evaluate cross-border compliance -> Recommend settlement,82506.24,0.37,0.57
FLC-2023-1773,Region A,2016,Commercial,Loss,True,522843.38,3.3,6.5,10.0,6.4,6.2,8.6,9.9,3.3,0,3.6,9.7,10.0,6,3,0,45.4,True,4,8.2,22712,7.3,8.0,Art. 25 CISG,Cross-Border Dispute,218618.75,Check jurisdiction -> Assess contract clauses -> Compute liability,398896.4,0.76,0.54
FLC-2024-1774,Region D,2016,Commercial,Win,True,276822.28,5.3,6.6,5.8,7.5,9.6,5.0,6.3,5.3,4,3.1,9.7,7.4,7,3,0,46.6,True,2,7.6,770547,5.2,5.7,Art. 25 CISG,Cross-Border Dispute,999.9,Review charges -> Evaluate evidence -> Determine verdict,169396.41,0.61,0.61
FLC-2025-1775,Region D,2023,Criminal,Win,True,255915.69,2.3,6.3,6.6,9.6,3.3,8.1,7.0,2.3,2,1.1,8.6,4.5,9,3,1,140.6,False,9,7.4,397171,7.3,5.7,Art. 12 Penal Code,Fraud,54357.27,Analyze treaty -> Evaluate cross-border compliance -> Recommend settlement,177736.2,0.69,1.0
FLC-2023-1776,Region D,2019,Commercial,Win,False,69378.81,7.7,7.5,7.3,9.9,9.0,8.2,6.9,7.7,2,6.0,7.4,2.6,4,3,1,110.1,True,6,5.9,637564,8.8,5.1,Art. 25 CISG,Cross-Border Dispute,119005.63,Analyze treaty -> Evaluate cross-border compliance -> Recommend settlement,31896.11,0.46,0.57
FLC-2024-1777,Region A,2016,Criminal,Loss,True,870894.77,0.8,7.7,9.4,9.8,5.4,6.9,6.4,0.8,1,1.4,7.3,4.8,5,4,0,52.7,False,7,8.0,369206,9.4,9.5,Art. 12 Penal Code,Fraud,188332.0,Analyze treaty -> Evaluate cross-border compliance -> Recommend settlement,870894.77,1.0,0.86
FLC-2025-1778,Region C,2022,Civil,Settlement,False,213996.26,6.6,7.2,6.7,5.4,6.3,7.4,8.1,6.6,4,5.5,7.0,0.2,4,1,4,112.0,True,4,5.3,654153,9.8,6.0,Art. 45 Civil Code,Breach of Contract,185069.09,Check jurisdiction -> Assess contract clauses -> Compute liability,84166.43,0.39,0.96
FLC-2023-1779,Region D,2024,Civil,Settlement,True,1365680.66,3.1,5.0,5.8,8.9,3.8,7.7,5.8,3.1,4,2.6,6.4,0.4,6,4,4,189.7,False,1,5.9,316250,5.9,6.1,Art. 45 Civil Code,Breach of Contract,189778.9,Analyze treaty -> Evaluate cross-border compliance -> Recommend settlement,821822.59,0.6,0.79
FLC-2024-1780,Region C,2024,Criminal,Settlement,False,228398.33,6.1,7.6,9.1,8.7,7.9,9.6,7.0,6.1,3,6.4,5.5,9.6,1,4,1,113.1,False,5,9.3,167086,9.2,9.1,Art. 12 Penal Code,Fraud,84871.18,Analyze treaty -> Evaluate cross-border compliance -> Recommend settlement,105548.67,0.46,0.69
FLC-2025-1781,Region C,2015,Civil,Win,False,181111.18,9.4,7.9,6.3,9.7,9.9,7.2,7.8,9.4,2,8.7,8.2,2.2,3,4,2,39.4,False,8,7.9,504084,8.7,6.0,Art. 45 Civil Code,Breach of Contract,16609.51,Check applicable law -> Compute damages -> Advise resolution,7060.6,0.04,0.6
FLC-2023-1782,Region B,2022,Civil,Settlement,True,387947.65,6.4,7.4,9.3,9.8,10.0,8.1,6.7,6.4,1,5.4,6.8,4.1,3,2,1,198.2,False,8,5.5,995017,8.1,6.4,Art. 45 Civil Code,Breach of Contract,32807.19,Analyze treaty -> Evaluate cross-border compliance -> Recommend settlement,162176.78,0.42,1.0
FLC-2024-1783,Region A,2020,Administrative,Settlement,False,376742.84,4.7,7.0,9.7,5.7,3.1,4.8,5.9,4.7,4,2.9,9.1,3.8,4,0,1,171.9,True,8,9.7,858312,7.2,6.4,Art. 5 Admin Law,Regulatory Violation,131000.43,Check applicable law -> Compute damages -> Advise resolution,162370.45,0.43,0.7
FLC-2025-1784,Region A,2018,Administrative,Win,False,2737850.75,5.6,5.4,8.0,7.0,4.0,6.5,6.6,5.6,0,5.5,9.2,1.1,6,3,1,155.8,False,8,5.6,890155,7.4,9.5,Art. 5 Admin Law,Regulatory Violation,29069.76,Analyze treaty -> Evaluate cross-border compliance -> Recommend settlement,1172749.83,0.43,0.66
FLC-2023-1785,Region C,2018,Criminal,Settlement,False,679519.71,7.7,4.4,5.2,5.0,7.8,6.7,5.5,7.7,4,4.7,8.0,2.1,2,0,0,150.3,False,1,7.6,56749,8.2,5.3,Art. 12 Penal Code,Fraud,87066.92,Assess plaintiff claims -> Review evidence -> Determine outcome,265058.42,0.39,0.62
FLC-2024-1786,Region C,2021,Administrative,Win,False,885382.93,6.2,4.6,8.0,7.1,8.3,7.2,7.6,6.2,4,3.8,8.8,4.4,8,3,3,159.6,True,8,8.2,27662,7.8,9.6,Art. 5 Admin Law,Regulatory Violation,133132.13,Review charges -> Evaluate evidence -> Determine verdict,279616.55,0.32,0.58
FLC-2025-1787,Region E,2016,Criminal,Loss,False,120724.04,3.9,5.2,7.0,9.4,10.0,5.4,8.7,3.9,4,2.9,5.7,4.4,4,1,1,88.6,False,9,7.8,700765,6.2,7.1,Art. 12 Penal Code,Fraud,155387.47,Check applicable law -> Compute damages -> Advise resolution,66179.13,0.55,0.62
FLC-2023-1788,Region E,2020,International Treaty,Settlement,False,426608.78,5.4,8.5,6.0,9.3,6.2,4.1,8.2,5.4,1,4.7,8.0,8.6,4,0,2,70.8,True,3,5.9,986574,5.1,9.3,Art. 97,Cross-Border Dispute,98384.1,Review charges -> Evaluate evidence -> Determine verdict,207108.25,0.49,0.42
FLC-2024-1789,Region E,2024,Civil,Win,False,687847.32,7.4,5.9,8.8,7.5,8.5,8.2,9.3,7.4,1,5.0,7.7,7.8,9,1,3,43.4,True,5,6.5,134501,7.1,6.6,Art. 45 Civil Code,Breach of Contract,59696.88,Review charges -> Evaluate evidence -> Determine verdict,111092.48,0.16,0.61
FLC-2025-1790,Region A,2018,Civil,Loss,True,62437.62,6.2,7.1,7.4,6.9,3.8,4.8,5.9,6.2,0,5.0,7.0,8.3,6,4,3,143.2,True,2,6.0,263149,7.8,9.7,Art. 45 Civil Code,Breach of Contract,188693.71,Assess plaintiff claims -> Review evidence -> Determine outcome,26359.61,0.42,1.0
FLC-2023-1791,Region D,2016,Civil,Dismissed,False,248343.43,7.8,7.3,7.8,5.5,8.6,7.2,5.5,7.8,4,5.3,6.1,1.0,9,0,0,120.4,True,2,5.3,967974,8.8,10.0,Art. 45 Civil Code,Breach of Contract,101389.04,Review charges -> Evaluate evidence -> Determine verdict,52042.92,0.21,0.64
FLC-2024-1792,Region C,2023,Civil,Settlement,True,2190457.07,4.5,6.7,10.0,9.3,6.2,6.5,5.5,4.5,4,3.9,7.8,0.0,5,2,1,141.2,True,9,8.1,628031,7.8,6.3,Art. 45 Civil Code,Breach of Contract,65889.94,Assess plaintiff claims -> Review evidence -> Determine outcome,928125.53,0.42,0.75
FLC-2025-1793,Region D,2019,Administrative,Settlement,True,1365247.89,4.8,8.2,10.0,8.2,4.9,4.5,6.8,4.8,4,2.3,7.3,6.6,3,0,1,52.3,True,6,6.5,908786,6.4,8.3,Art. 5 Admin Law,Regulatory Violation,62095.45,Review charges -> Evaluate evidence -> Determine verdict,760408.71,0.56,0.92
FLC-2023-1794,Region A,2015,Criminal,Loss,True,956732.49,0.8,9.4,8.6,5.9,4.4,8.9,7.1,0.8,3,0.9,7.1,1.6,6,4,2,83.6,True,8,8.7,185394,8.9,5.1,Art. 12 Penal Code,Fraud,161673.75,Analyze treaty -> Evaluate cross-border compliance -> Recommend settlement,777677.65,0.81,0.75
FLC-2024-1795,Region A,2015,Civil,Dismissed,False,184882.4,7.9,5.7,5.7,6.7,4.4,4.1,5.8,7.9,0,5.3,8.5,5.6,6,0,3,57.5,True,7,7.4,639755,7.1,6.0,Art. 45 Civil Code,Breach of Contract,85743.97,Assess plaintiff claims -> Review evidence -> Determine outcome,45491.87,0.25,0.81
FLC-2025-1796,Region E,2024,International Treaty,Settlement,True,415377.22,2.1,6.6,9.1,9.5,7.1,5.1,7.3,2.1,2,1.5,6.7,5.0,2,1,2,166.8,True,0,5.9,890136,6.9,8.6,Art. 97,Cross-Border Dispute,11171.55,Check applicable law -> Compute damages -> Advise resolution,275787.98,0.66,0.74
FLC-2023-1797,Region A,2022,Criminal,Loss,False,754517.12,3.8,8.3,5.8,8.6,8.5,7.6,6.2,3.8,2,2.1,9.3,0.3,7,4,0,174.8,True,9,9.5,361460,8.5,8.7,Art. 12 Penal Code,Fraud,26931.27,Analyze treaty -> Evaluate cross-border compliance -> Recommend settlement,490776.38,0.65,0.76
FLC-2024-1798,Region B,2022,Civil,Win,False,280048.08,7.8,5.8,5.5,6.3,6.9,7.4,5.8,7.8,2,5.4,7.8,3.6,7,2,3,21.3,False,4,7.8,602535,6.2,8.7,Art. 45 Civil Code,Breach of Contract,62417.56,Analyze treaty -> Evaluate cross-border compliance -> Recommend settlement,44724.2,0.16,0.73
FLC-2025-1799,Region D,2024,Criminal,Loss,False,488556.47,5.2,4.6,7.0,9.4,5.7,6.5,8.3,5.2,2,4.2,7.3,8.3,1,2,3,190.7,False,5,8.3,872615,6.3,5.8,Art. 12 Penal Code,Fraud,102993.62,Check applicable law -> Compute damages -> Advise resolution,215246.6,0.44,0.46
FLC-2023-1800,Region B,2022,Civil,Dismissed,False,1055562.54,6.9,7.2,6.7,9.3,6.5,9.5,5.5,6.9,1,5.9,6.3,3.8,9,3,0,134.0,True,8,8.4,905495,7.5,9.1,Art. 45 Civil Code,Breach of Contract,126222.05,Check jurisdiction -> Assess contract clauses -> Compute liability,287777.59,0.27,0.45
FLC-2024-1801,Region B,2015,Civil,Settlement,True,2099214.87,4.8,6.3,9.9,7.3,9.0,9.3,5.8,4.8,4,4.9,6.3,5.0,4,4,2,72.6,True,5,7.9,502968,6.0,7.2,Art. 45 Civil Code,Breach of Contract,132763.44,Review charges -> Evaluate evidence -> Determine verdict,1334624.64,0.64,0.74
FLC-2025-1802,Region C,2021,Administrative,Dismissed,False,66140.05,9.1,5.2,5.6,7.6,7.7,5.0,8.0,9.1,1,8.0,8.1,4.9,9,0,0,56.7,False,9,9.6,941322,9.6,6.1,Art. 5 Admin Law,Regulatory Violation,56178.99,Review charges -> Evaluate evidence -> Determine verdict,9964.15,0.15,0.58
FLC-2023-1803,Region C,2018,Criminal,Settlement,False,2164966.47,4.5,5.9,9.3,9.5,3.5,4.8,6.3,4.5,1,5.6,5.9,2.2,5,1,0,120.5,True,2,7.6,979242,7.4,6.1,Art. 12 Penal Code,Fraud,171994.36,Analyze treaty -> Evaluate cross-border compliance -> Recommend settlement,1356925.31,0.63,0.71
FLC-2024-1804,Region D,2015,Administrative,Win,True,589185.46,2.5,9.1,8.6,9.1,4.4,4.2,9.3,2.5,0,1.0,5.4,8.0,5,3,2,145.2,True,0,9.5,224536,7.6,9.6,Art. 5 Admin Law,Regulatory Violation,69577.95,Analyze treaty -> Evaluate cross-border compliance -> Recommend settlement,354101.37,0.6,0.89
FLC-2025-1805,Region E,2022,Administrative,Win,True,875054.41,2.9,9.2,8.4,9.4,3.8,6.9,8.4,2.9,2,4.4,8.6,9.4,2,4,0,21.3,True,0,5.7,751415,8.0,6.8,Art. 5 Admin Law,Regulatory Violation,265608.77,Review charges -> Evaluate evidence -> Determine verdict,541636.37,0.62,1.0
FLC-2023-1806,Region D,2019,Administrative,Dismissed,False,269000.72,7.0,8.8,6.1,7.9,6.7,7.0,6.5,7.0,0,6.8,5.5,0.5,5,4,2,36.3,False,6,9.3,190356,5.1,7.3,Art. 5 Admin Law,Regulatory Violation,23597.4,Assess plaintiff claims -> Review evidence -> Determine outcome,72615.88,0.27,0.62
FLC-2024-1807,Region B,2016,Civil,Dismissed,False,332940.24,8.9,5.0,5.5,5.4,8.1,6.5,8.6,8.9,3,7.7,6.1,7.7,7,2,2,49.8,False,3,8.3,31089,7.2,9.8,Art. 45 Civil Code,Breach of Contract,12926.8,Check applicable law -> Compute damages -> Advise resolution,74418.59,0.22,0.6
FLC-2025-1808,Region E,2024,Civil,Settlement,True,342244.32,5.3,6.8,6.6,8.1,3.4,8.8,5.9,5.3,0,4.7,6.2,1.1,2,0,4,39.2,False,4,8.4,652109,7.4,9.6,Art. 45 Civil Code,Breach of Contract,8411.73,Assess plaintiff claims -> Review evidence -> Determine outcome,183309.01,0.54,0.86
FLC-2023-1809,Region E,2015,Criminal,Win,False,889778.05,3.0,6.3,8.4,5.9,6.5,8.4,8.3,3.0,2,1.4,9.0,6.0,3,3,3,36.7,True,8,5.6,886168,9.8,8.2,Art. 12 Penal Code,Fraud,18678.89,Analyze treaty -> Evaluate cross-border compliance -> Recommend settlement,471544.77,0.53,0.43
FLC-2024-1810,Region B,2023,Criminal,Loss,True,409574.51,3.2,9.9,9.1,6.4,8.7,6.3,7.6,3.2,0,1.2,5.6,1.4,3,0,3,131.5,True,0,9.7,428157,5.9,9.6,Art. 12 Penal Code,Fraud,228389.48,Assess plaintiff claims -> Review evidence -> Determine outcome,278649.95,0.68,0.57
FLC-2025-1811,Region A,2024,Civil,Settlement,True,627925.76,4.2,7.6,8.0,6.9,8.5,8.1,6.7,4.2,0,3.8,5.9,7.6,1,0,1,28.2,True,1,9.4,833973,6.6,9.0,Art. 45 Civil Code,Breach of Contract,164625.22,Assess plaintiff claims -> Review evidence -> Determine outcome,348570.5,0.56,1.0
FLC-2023-1812,Region C,2023,Administrative,Settlement,True,413042.36,3.7,7.3,6.5,8.9,8.2,5.4,8.2,3.7,4,3.4,6.5,4.0,5,3,0,165.1,True,0,5.5,860381,6.8,6.3,Art. 5 Admin Law,Regulatory Violation,339335.17,Check jurisdiction -> Assess contract clauses -> Compute liability,282768.37,0.68,0.8
FLC-2024-1813,Region C,2018,Commercial,Settlement,True,321524.74,3.3,8.7,6.7,9.7,7.3,6.6,7.8,3.3,3,2.7,10.0,4.7,9,1,2,127.5,False,1,8.0,312531,9.7,7.2,Art. 25 CISG,Cross-Border Dispute,160920.44,Assess plaintiff claims -> Review evidence -> Determine outcome,196537.62,0.61,0.49
FLC-2025-1814,Region C,2023,Criminal,Win,False,385644.07,7.2,6.9,5.6,7.5,4.2,6.2,7.5,7.2,4,5.4,6.8,8.0,5,4,3,142.3,True,6,5.7,938557,6.8,7.0,Art. 12 Penal Code,Fraud,103388.15,Check applicable law -> Compute damages -> Advise resolution,107936.31,0.28,0.43
FLC-2023-1815,Region E,2020,Civil,Win,False,404518.36,6.9,7.4,5.4,8.5,6.8,7.4,10.0,6.9,2,4.1,8.0,5.0,9,4,3,56.6,True,7,7.3,85482,7.8,6.6,Art. 45 Civil Code,Breach of Contract,49552.77,Check applicable law -> Compute damages -> Advise resolution,75846.17,0.19,0.71
FLC-2024-1816,Region D,2020,Criminal,Settlement,True,49771.71,0.0,6.0,5.0,9.2,9.8,6.1,5.4,0.0,4,1.0,9.0,5.4,1,4,3,51.8,False,7,6.2,440476,6.3,9.5,Art. 12 Penal Code,Fraud,260898.05,Review charges -> Evaluate evidence -> Determine verdict,42102.79,0.85,0.84
FLC-2025-1817,Region B,2017,Civil,Win,False,2530268.3,8.8,5.4,5.5,6.7,7.5,7.1,6.2,8.8,2,7.4,5.7,2.3,2,4,1,123.7,False,2,9.2,423757,5.9,7.8,Art. 45 Civil Code,Breach of Contract,0.0,Analyze treaty -> Evaluate cross-border compliance -> Recommend settlement,0.0,0.0,0.66
FLC-2023-1818,Region B,2018,Civil,Loss,True,735565.81,3.6,10.0,9.2,6.7,8.0,7.2,8.9,3.6,4,2.2,7.4,1.8,4,2,4,187.2,True,3,6.7,830851,10.0,8.4,Art. 45 Civil Code,Breach of Contract,175174.48,Analyze treaty -> Evaluate cross-border compliance -> Recommend settlement,488090.07,0.66,0.87
FLC-2024-1819,Region B,2020,International Treaty,Settlement,False,129925.31,6.9,4.9,9.9,9.5,9.6,4.6,7.4,6.9,1,6.2,8.9,0.2,2,4,1,179.4,False,5,9.1,125072,7.9,7.4,Art. 97,Cross-Border Dispute,66151.44,Check applicable law -> Compute damages -> Advise resolution,55997.67,0.43,0.34
FLC-2025-1820,Region D,2023,Commercial,Win,False,238644.05,6.8,5.3,6.1,6.6,3.9,8.9,6.1,6.8,2,6.1,5.4,6.1,1,4,3,115.7,True,3,7.1,745657,6.3,7.7,Art. 25 CISG,Cross-Border Dispute,44759.5,Check jurisdiction -> Assess contract clauses -> Compute liability,96681.71,0.41,0.39
FLC-2023-1821,Region E,2020,International Treaty,Loss,True,1046777.05,2.2,6.9,9.6,8.8,3.4,4.0,8.9,2.2,4,2.6,7.6,8.2,5,4,2,180.4,False,9,6.2,96525,5.8,9.7,Art. 97,Cross-Border Dispute,43433.12,Analyze treaty -> Evaluate cross-border compliance -> Recommend settlement,873181.02,0.83,0.64
FLC-2024-1822,Region E,2016,Civil,Win,True,418889.33,4.4,4.4,9.3,7.1,6.2,4.8,5.2,4.4,2,3.6,9.7,6.9,4,0,1,155.0,True,4,8.4,88659,7.6,9.7,Art. 45 Civil Code,Breach of Contract,130068.6,Assess plaintiff claims -> Review evidence -> Determine outcome,207501.71,0.5,0.96
FLC-2025-1823,Region B,2017,Civil,Win,False,483380.85,7.7,8.9,8.3,8.9,6.3,7.3,9.4,7.7,4,6.7,8.0,9.7,3,3,3,106.6,False,7,8.1,656052,8.0,6.0,Art. 45 Civil Code,Breach of Contract,9099.38,Assess plaintiff claims -> Review evidence -> Determine outcome,51349.13,0.11,0.76
FLC-2023-1824,Region C,2020,Civil,Loss,False,387232.26,5.5,9.2,7.0,9.3,7.5,4.4,5.2,5.5,3,5.1,6.5,3.0,9,2,3,189.7,False,5,9.9,472644,8.2,8.6,Art. 45 Civil Code,Breach of Contract,16744.93,Review charges -> Evaluate evidence -> Determine verdict,135706.16,0.35,0.76
FLC-2024-1825,Region C,2022,Civil,Settlement,True,2442249.1,5.9,7.5,7.5,9.4,3.8,9.9,9.3,5.9,0,5.8,8.4,6.2,8,0,2,186.8,False,1,7.9,597259,6.5,8.9,Art. 45 Civil Code,Breach of Contract,57643.74,Check applicable law -> Compute damages -> Advise resolution,1041036.25,0.43,1.0
FLC-2025-1826,Region E,2020,Administrative,Loss,True,521557.4,6.4,5.6,8.1,7.8,4.1,5.7,6.5,6.4,0,5.8,5.3,7.7,9,0,0,193.9,False,3,7.6,657223,5.9,7.2,Art. 5 Admin Law,Regulatory Violation,12642.41,Check jurisdiction -> Assess contract clauses -> Compute liability,303063.11,0.58,0.87
FLC-2023-1827,Region D,2021,Commercial,Settlement,False,226346.56,6.1,5.1,9.8,7.8,7.2,8.7,5.4,6.1,0,5.5,6.8,0.7,8,4,1,142.6,True,2,5.7,3668,7.0,8.5,Art. 25 CISG,Cross-Border Dispute,80506.28,Check applicable law -> Compute damages -> Advise resolution,78503.88,0.35,0.45
FLC-2024-1828,Region A,2022,Commercial,Loss,False,4141983.21,4.2,4.6,6.1,7.8,8.3,9.3,9.0,4.2,3,2.8,8.9,5.8,4,4,0,32.2,False,6,7.5,375799,7.7,6.8,Art. 25 CISG,Cross-Border Dispute,119389.57,Assess plaintiff claims -> Review evidence -> Determine outcome,1857250.31,0.45,0.75
FLC-2025-1829,Region E,2023,Administrative,Win,False,51695.71,6.6,8.3,9.9,7.5,6.7,4.3,6.9,6.6,0,5.5,6.1,9.3,6,3,2,42.8,True,3,6.7,754709,6.2,5.1,Art. 5 Admin Law,Regulatory Violation,121260.41,Check jurisdiction -> Assess contract clauses -> Compute liability,16093.29,0.31,0.64
FLC-2023-1830,Region A,2018,Criminal,Loss,True,4510112.62,4.4,5.9,7.6,8.7,4.5,5.5,6.8,4.4,3,3.5,9.1,5.5,8,4,3,129.8,False,8,9.8,900762,6.1,6.3,Art. 12 Penal Code,Fraud,119004.76,Analyze treaty -> Evaluate cross-border compliance -> Recommend settlement,2710211.42,0.6,0.91
FLC-2024-1831,Region B,2018,Criminal,Loss,False,181681.47,4.2,7.8,5.3,9.1,8.8,9.3,7.6,4.2,4,3.4,8.6,6.8,4,2,2,179.6,False,7,5.6,522784,8.1,7.2,Art. 12 Penal Code,Fraud,248290.65,Check jurisdiction -> Assess contract clauses -> Compute liability,98211.91,0.54,0.67
FLC-2025-1832,Region D,2019,Administrative,Win,True,657936.37,7.9,5.5,8.0,6.3,9.9,8.4,8.0,7.9,1,4.8,6.1,5.9,5,0,1,160.0,False,6,7.3,33681,6.4,5.6,Art. 5 Admin Law,Regulatory Violation,158021.0,Assess plaintiff claims -> Review evidence -> Determine outcome,307737.15,0.47,0.9
FLC-2023-1833,Region A,2021,International Treaty,Win,False,806359.53,4.8,7.7,8.5,5.3,9.2,7.9,8.1,4.8,4,4.7,6.6,1.4,5,1,0,24.0,True,4,5.6,57248,9.2,5.7,Art. 97,Cross-Border Dispute,228602.74,Check jurisdiction -> Assess contract clauses -> Compute liability,479215.52,0.59,0.4
FLC-2024-1834,Region B,2017,Civil,Win,False,90653.39,10.0,10.0,7.0,8.1,9.3,4.1,8.3,10.0,0,7.8,6.3,3.8,6,1,4,87.1,False,7,5.5,760639,5.5,7.0,Art. 45 Civil Code,Breach of Contract,27411.63,Check applicable law -> Compute damages -> Advise resolution,14335.41,0.16,0.75
FLC-2025-1835,Region E,2022,Civil,Win,False,1873462.83,10.0,7.4,7.1,7.5,3.4,9.8,5.3,10.0,0,8.1,7.3,5.7,1,2,0,121.2,False,6,6.3,530043,7.9,8.6,Art. 45 Civil Code,Breach of Contract,12364.42,Assess plaintiff claims -> Review evidence -> Determine outcome,205937.71,0.11,0.71
FLC-2023-1836,Region D,2018,Administrative,Settlement,True,64563.25,6.3,9.8,8.5,5.8,9.8,6.2,9.9,6.3,1,6.6,6.7,8.6,2,3,2,52.7,True,4,5.8,382485,6.6,6.3,Art. 5 Admin Law,Regulatory Violation,166893.98,Assess plaintiff claims -> Review evidence -> Determine outcome,37573.25,0.58,0.91
FLC-2024-1837,Region B,2021,Criminal,Settlement,False,280512.34,3.8,4.3,6.5,8.7,4.4,5.8,9.5,3.8,1,5.2,9.6,5.0,4,0,4,165.9,False,4,7.7,991421,7.0,9.7,Art. 12 Penal Code,Fraud,202684.2,Analyze treaty -> Evaluate cross-border compliance -> Recommend settlement,190213.61,0.68,0.69
FLC-2025-1838,Region C,2018,Civil,Win,False,721739.76,10.0,8.6,9.7,6.3,9.6,9.8,9.1,10.0,3,9.4,10.0,7.0,5,4,2,162.5,False,5,9.2,828813,8.5,6.4,Art. 45 Civil Code,Breach of Contract,20302.89,Check jurisdiction -> Assess contract clauses -> Compute liability,58801.31,0.08,0.67
FLC-2023-1839,Region A,2020,Criminal,Loss,True,687246.09,0.8,6.9,7.2,6.2,4.4,5.5,8.0,0.8,3,0.0,7.7,0.1,9,4,3,146.1,False,2,5.7,435941,5.2,7.1,Art. 12 Penal Code,Fraud,120646.69,Analyze treaty -> Evaluate cross-border compliance -> Recommend settlement,581942.26,0.85,0.74
FLC-2024-1840,Region B,2016,Commercial,Settlement,True,181986.17,3.1,5.9,7.4,9.2,4.0,7.7,9.7,3.1,0,2.2,7.4,6.6,3,2,1,85.2,True,9,5.1,508828,5.2,6.9,Art. 25 CISG,Cross-Border Dispute,97545.55,Check jurisdiction -> Assess contract clauses -> Compute liability,122761.6,0.67,0.71
FLC-2025-1841,Region D,2020,Administrative,Settlement,True,554596.38,4.0,7.2,8.0,7.6,8.7,5.5,7.0,4.0,3,3.7,8.6,3.2,6,0,3,134.2,False,1,8.8,553781,9.0,8.7,Art. 5 Admin Law,Regulatory Violation,177252.65,Assess plaintiff claims -> Review evidence -> Determine outcome,355999.91,0.64,0.8
FLC-2023-1842,Region A,2022,Criminal,Win,False,755863.62,4.8,9.2,6.0,9.5,5.5,4.2,5.8,4.8,3,3.9,8.7,6.3,7,3,1,154.7,True,7,6.8,220575,6.8,6.8,Art. 12 Penal Code,Fraud,240342.2,Analyze treaty -> Evaluate cross-border compliance -> Recommend settlement,386347.34,0.51,0.72
FLC-2024-1843,Region B,2016,Administrative,Win,False,2147401.44,9.6,7.3,9.0,8.0,5.9,4.8,6.2,9.6,0,7.3,8.9,0.9,1,1,2,124.4,True,1,6.3,738663,5.2,7.1,Art. 5 Admin Law,Regulatory Violation,36230.24,Assess plaintiff claims -> Review evidence -> Determine outcome,422552.97,0.2,0.7
FLC-2025-1844,Region E,2020,Administrative,Dismissed,False,515991.32,5.3,8.4,8.4,8.0,6.5,9.8,5.6,5.3,0,4.8,7.8,0.2,1,3,3,126.6,True,7,8.3,969226,9.0,8.4,Art. 5 Admin Law,Regulatory Violation,108447.47,Check applicable law -> Compute damages -> Advise resolution,152779.54,0.3,0.53
FLC-2023-1845,Region D,2019,Administrative,Settlement,False,611209.95,8.3,9.8,5.4,5.9,8.7,6.9,5.9,8.3,3,8.3,8.1,5.7,1,1,0,93.2,True,0,5.8,363698,7.9,9.6,Art. 5 Admin Law,Regulatory Violation,113107.73,Review charges -> Evaluate evidence -> Determine verdict,234286.55,0.38,0.71
FLC-2024-1846,Region E,2023,International Treaty,Settlement,True,83764.78,0.0,6.6,5.4,9.9,4.3,8.6,5.7,0.0,4,0.0,7.8,4.1,1,1,4,185.9,True,1,5.6,650958,7.6,8.8,Art. 97,Cross-Border Dispute,155762.53,Check jurisdiction -> Assess contract clauses -> Compute liability,76421.78,0.91,0.45
FLC-2025-1847,Region D,2019,Commercial,Loss,True,1264024.44,2.4,7.0,7.7,9.7,3.3,9.2,7.8,2.4,1,2.4,8.8,9.2,9,1,0,141.9,True,0,8.4,544687,7.9,5.5,Art. 25 CISG,Cross-Border Dispute,220726.2,Analyze treaty -> Evaluate cross-border compliance -> Recommend settlement,1061442.35,0.84,0.78
FLC-2023-1848,Region C,2015,Commercial,Loss,True,1222888.03,4.6,8.6,9.5,5.9,6.4,7.9,6.7,4.6,1,4.1,8.5,4.2,6,4,3,170.3,True,2,8.9,418765,5.2,6.0,Art. 25 CISG,Cross-Border Dispute,132679.0,Check applicable law -> Compute damages -> Advise resolution,683965.06,0.56,0.94
FLC-2024-1849,Region A,2016,Criminal,Settlement,False,104845.77,4.1,6.2,7.1,9.8,7.0,7.8,8.9,4.1,3,4.1,8.0,2.5,6,4,3,176.1,True,4,7.7,672393,5.3,5.8,Art. 12 Penal Code,Fraud,62110.27,Review charges -> Evaluate evidence -> Determine verdict,56321.94,0.54,0.62
FLC-2025-1850,Region B,2023,Criminal,Win,False,1000632.14,6.2,6.5,9.6,5.8,4.2,7.1,9.7,6.2,1,4.0,9.6,6.9,5,4,3,38.5,False,8,7.4,248105,8.9,6.4,Art. 12 Penal Code,Fraud,56317.47,Review charges -> Evaluate evidence -> Determine verdict,492950.11,0.49,0.35
FLC-2023-1851,Region E,2018,Commercial,Settlement,True,572961.0,1.8,7.2,9.6,9.5,9.0,6.2,9.7,1.8,3,1.6,8.1,0.8,2,1,1,189.4,True,7,8.5,970271,8.2,8.4,Art. 25 CISG,Cross-Border Dispute,149984.79,Analyze treaty -> Evaluate cross-border compliance -> Recommend settlement,440423.51,0.77,0.79
FLC-2024-1852,Region C,2015,Commercial,Loss,True,459078.59,0.9,7.1,9.1,8.3,4.6,9.1,9.8,0.9,1,0.2,5.6,0.9,3,3,3,177.2,True,9,8.2,751151,5.1,8.8,Art. 25 CISG,Cross-Border Dispute,262916.11,Assess plaintiff claims -> Review evidence -> Determine outcome,328305.34,0.72,0.81
FLC-2025-1853,Region D,2020,Administrative,Settlement,False,218649.73,6.1,6.4,8.8,7.5,5.4,8.2,7.4,6.1,1,3.4,9.5,1.1,7,4,3,50.4,False,8,5.7,896987,5.6,6.2,Art. 5 Admin Law,Regulatory Violation,72000.79,Check applicable law -> Compute damages -> Advise resolution,84794.53,0.39,0.55
FLC-2023-1854,Region C,2016,International Treaty,Win,False,807407.35,5.4,7.0,7.7,7.1,3.8,8.5,8.4,5.4,2,6.2,5.6,9.7,1,2,3,57.5,True,4,6.9,164149,7.3,6.6,Art. 97,Cross-Border Dispute,307651.73,Review charges -> Evaluate evidence -> Determine verdict,510404.87,0.63,0.33
FLC-2024-1855,Region C,2017,Criminal,Loss,False,498172.31,8.2,4.9,8.0,9.1,4.3,5.3,6.0,8.2,0,6.9,5.8,1.3,2,1,0,134.5,True,8,8.8,724472,7.0,5.4,Art. 12 Penal Code,Fraud,111656.18,Check applicable law -> Compute damages -> Advise resolution,191277.98,0.38,0.66
FLC-2025-1856,Region D,2017,International Treaty,Loss,True,158871.83,0.0,5.2,9.9,8.7,6.2,4.4,5.6,0.0,4,0.0,6.4,3.1,1,4,0,58.5,False,5,8.7,715626,7.3,9.2,Art. 97,Cross-Border Dispute,137549.44,Review charges -> Evaluate evidence -> Determine verdict,145262.64,0.91,0.66
FLC-2023-1857,Region A,2022,Administrative,Win,False,2370462.74,6.6,9.5,5.7,7.5,5.5,8.1,8.2,6.6,1,4.9,8.3,2.6,5,0,4,186.5,True,5,5.4,539496,7.7,6.7,Art. 5 Admin Law,Regulatory Violation,157223.2,Review charges -> Evaluate evidence -> Determine verdict,879936.32,0.37,0.49
FLC-2024-1858,Region E,2018,Civil,Settlement,True,261373.49,4.4,9.2,6.6,5.6,4.8,4.5,8.2,4.4,3,1.7,7.6,9.4,7,2,0,35.6,False,3,7.5,745875,5.6,9.2,Art. 45 Civil Code,Breach of Contract,33557.97,Check jurisdiction -> Assess contract clauses -> Compute liability,158452.96,0.61,0.8
FLC-2025-1859,Region E,2018,Administrative,Settlement,True,732803.88,3.5,9.8,5.8,6.8,9.0,9.6,5.1,3.5,1,2.5,5.3,0.8,5,3,1,150.4,True,9,6.3,231603,8.5,5.2,Art. 5 Admin Law,Regulatory Violation,182361.85,Check applicable law -> Compute damages -> Advise resolution,380649.75,0.52,0.97
FLC-2023-1860,Region B,2023,Commercial,Win,False,898280.52,7.1,5.7,7.4,7.3,9.3,5.1,5.9,7.1,0,4.9,6.4,5.1,1,2,3,24.5,False,4,5.5,236696,9.7,5.7,Art. 25 CISG,Cross-Border Dispute,61307.95,Analyze treaty -> Evaluate cross-border compliance -> Recommend settlement,189778.21,0.21,0.5
FLC-2024-1861,Region D,2021,Administrative,Win,True,564442.89,4.7,9.9,8.5,7.8,5.9,7.6,8.0,4.7,1,3.1,5.7,7.3,3,0,2,76.3,True,6,5.3,309908,7.8,9.6,Art. 5 Admin Law,Regulatory Violation,86248.27,Analyze treaty -> Evaluate cross-border compliance -> Recommend settlement,263400.59,0.47,0.91
FLC-2025-1862,Region A,2022,Administrative,Win,False,172626.55,6.4,8.9,8.4,8.2,4.7,6.4,5.9,6.4,3,6.5,7.9,6.3,1,1,1,107.1,False,8,5.1,430884,8.6,5.7,Art. 5 Admin Law,Regulatory Violation,96548.74,Check applicable law -> Compute damages -> Advise resolution,40542.54,0.23,0.56
FLC-2023-1863,Region C,2016,Criminal,Settlement,False,173843.95,6.7,7.8,5.1,7.7,3.8,4.9,6.1,6.7,1,5.6,5.2,7.8,6,0,3,187.0,False,7,9.3,668768,7.9,6.9,Art. 12 Penal Code,Fraud,143952.8,Assess plaintiff claims -> Review evidence -> Determine outcome,56797.38,0.33,0.55
FLC-2024-1864,Region D,2024,Administrative,Win,True,135195.34,2.7,4.7,9.6,6.7,8.1,4.5,5.6,2.7,0,1.7,6.4,4.4,5,2,4,160.8,True,6,9.4,446792,8.4,8.6,Art. 5 Admin Law,Regulatory Violation,5606.6,Check jurisdiction -> Assess contract clauses -> Compute liability,82912.56,0.61,0.72
FLC-2025-1865,Region E,2020,Civil,Loss,True,35045.11,7.5,6.1,6.8,6.1,5.0,7.5,7.1,7.5,0,6.0,8.7,4.2,9,0,2,69.5,False,1,8.0,813862,9.0,9.9,Art. 45 Civil Code,Breach of Contract,69707.7,Assess plaintiff claims -> Review evidence -> Determine outcome,13826.54,0.39,0.95
FLC-2023-1866,Region E,2021,Criminal,Loss,False,736767.59,8.1,7.9,5.1,9.8,8.4,9.6,8.6,8.1,0,4.8,8.7,0.2,5,3,4,187.5,False,5,7.6,464051,9.1,6.8,Art. 12 Penal Code,Fraud,32250.94,Analyze treaty -> Evaluate cross-border compliance -> Recommend settlement,232934.81,0.32,0.56
FLC-2024-1867,Region E,2021,International Treaty,Win,False,381280.69,4.4,4.6,9.9,5.2,5.0,7.3,5.9,4.4,0,3.3,5.5,4.7,3,3,0,52.9,False,5,5.2,325999,6.2,7.4,Art. 97,Cross-Border Dispute,40508.38,Check jurisdiction -> Assess contract clauses -> Compute liability,225261.63,0.59,0.47
FLC-2025-1868,Region C,2017,Administrative,Loss,True,242290.29,1.9,8.8,9.9,6.9,3.8,7.1,8.0,1.9,3,1.8,7.4,6.0,6,4,2,113.8,True,5,7.0,775866,9.1,8.1,Art. 5 Admin Law,Regulatory Violation,174480.32,Check applicable law -> Compute damages -> Advise resolution,183545.29,0.76,0.89
FLC-2023-1869,Region E,2017,Criminal,Loss,True,404078.08,1.2,7.8,5.8,5.0,9.5,8.1,5.5,1.2,1,0.7,7.9,6.1,6,2,1,32.8,True,1,9.7,772237,8.2,6.2,Art. 12 Penal Code,Fraud,262072.46,Analyze treaty -> Evaluate cross-border compliance -> Recommend settlement,318915.3,0.79,0.81
FLC-2024-1870,Region E,2021,International Treaty,Settlement,False,1492918.66,4.6,8.0,8.2,6.6,5.5,8.5,9.6,4.6,1,5.1,6.5,2.7,9,4,3,129.1,True,9,7.7,483618,9.0,9.7,Art. 97,Cross-Border Dispute,271774.17,Assess plaintiff claims -> Review evidence -> Determine outcome,814091.56,0.55,0.52
FLC-2025-1871,Region A,2022,Commercial,Loss,True,1830210.68,3.2,7.8,8.2,5.2,3.5,7.9,9.8,3.2,0,2.5,6.5,2.6,8,4,0,54.0,True,3,6.4,585374,5.0,7.6,Art. 25 CISG,Cross-Border Dispute,146715.05,Check jurisdiction -> Assess contract clauses -> Compute liability,1165782.93,0.64,0.66
FLC-2023-1872,Region E,2022,Civil,Settlement,True,626336.84,5.3,7.8,6.3,6.9,6.4,5.4,9.0,5.3,3,6.7,9.8,5.0,7,0,2,51.2,True,7,8.4,536374,6.7,6.6,Art. 45 Civil Code,Breach of Contract,130092.18,Check jurisdiction -> Assess contract clauses -> Compute liability,270897.13,0.43,0.94
FLC-2024-1873,Region D,2019,Administrative,Settlement,True,142352.89,2.5,5.2,5.4,7.5,9.7,8.9,7.8,2.5,1,1.5,9.0,0.6,4,2,0,130.2,False,7,8.9,404285,9.7,8.1,Art. 5 Admin Law,Regulatory Violation,76961.78,Analyze treaty -> Evaluate cross-border compliance -> Recommend settlement,110878.99,0.78,0.74
FLC-2025-1874,Region B,2024,Criminal,Win,True,936884.77,4.3,8.4,7.0,9.7,9.8,6.7,9.8,4.3,0,5.2,6.7,2.8,2,2,3,175.6,True,9,5.4,194821,6.7,7.3,Art. 12 Penal Code,Fraud,254433.25,Assess plaintiff claims -> Review evidence -> Determine outcome,624350.79,0.67,0.82
FLC-2023-1875,Region C,2017,Administrative,Dismissed,False,451435.47,8.3,6.7,5.6,7.8,5.7,9.5,7.1,8.3,1,5.9,7.5,7.6,8,0,1,97.9,True,0,6.1,809814,5.5,7.0,Art. 5 Admin Law,Regulatory Violation,132100.54,Check jurisdiction -> Assess contract clauses -> Compute liability,121407.48,0.27,0.64
FLC-2024-1876,Region A,2024,Criminal,Win,True,199072.78,1.9,7.0,9.5,6.9,6.6,8.5,5.2,1.9,3,1.1,5.4,4.3,5,2,0,163.3,True,1,7.8,214083,6.4,9.3,Art. 12 Penal Code,Fraud,168382.52,Review charges -> Evaluate evidence -> Determine verdict,138677.27,0.7,0.93
FLC-2025-1877,Region B,2021,International Treaty,Loss,True,359249.19,1.1,8.8,7.8,6.2,7.7,8.6,9.2,1.1,0,0.6,5.1,5.1,6,2,3,149.1,False,8,6.3,770049,8.6,8.9,Art. 97,Cross-Border Dispute,129783.92,Check jurisdiction -> Assess contract clauses -> Compute liability,336981.56,0.94,0.7
FLC-2023-1878,Region D,2017,Criminal,Settlement,True,216400.16,2.3,9.4,7.9,7.5,3.2,9.5,9.8,2.3,1,1.2,8.0,9.3,6,2,0,43.1,False,7,5.2,13897,7.8,7.1,Art. 12 Penal Code,Fraud,356480.14,Check jurisdiction -> Assess contract clauses -> Compute liability,160871.77,0.74,0.84
FLC-2024-1879,Region D,2022,Criminal,Win,False,298543.67,2.6,8.3,6.3,9.0,5.5,6.4,6.4,2.6,1,2.7,5.8,8.9,6,4,2,107.3,True,1,6.4,130615,5.9,5.6,Art. 12 Penal Code,Fraud,120513.96,Check jurisdiction -> Assess contract clauses -> Compute liability,165099.64,0.55,0.74
FLC-2025-1880,Region B,2015,Civil,Win,False,4106047.58,10.0,6.9,9.3,7.6,9.1,4.8,8.5,10.0,4,8.2,6.5,0.5,1,3,2,89.6,False,3,7.5,195542,5.5,5.2,Art. 45 Civil Code,Breach of Contract,13527.32,Check jurisdiction -> Assess contract clauses -> Compute liability,280891.68,0.07,0.63
FLC-2023-1881,Region B,2018,Commercial,Win,False,2287994.6,6.3,7.9,5.7,8.2,5.8,9.7,9.3,6.3,1,5.4,6.9,9.4,1,2,0,37.0,False,6,8.4,684362,5.8,7.9,Art. 25 CISG,Cross-Border Dispute,2952.56,Analyze treaty -> Evaluate cross-border compliance -> Recommend settlement,1069576.61,0.47,0.49
FLC-2024-1882,Region C,2024,Criminal,Loss,True,563331.23,1.8,6.6,6.0,7.7,6.2,8.7,9.7,1.8,0,3.0,7.2,9.8,4,1,2,89.5,False,1,5.4,967164,7.9,7.4,Art. 12 Penal Code,Fraud,191581.39,Check jurisdiction -> Assess contract clauses -> Compute liability,423715.71,0.75,0.74
FLC-2025-1883,Region E,2019,International Treaty,Loss,True,135984.26,0.0,7.5,8.8,9.4,4.5,8.7,6.8,0.0,1,0.0,6.1,7.6,9,2,2,94.1,False,6,7.5,764421,7.3,6.9,Art. 97,Cross-Border Dispute,392495.39,Analyze treaty -> Evaluate cross-border compliance -> Recommend settlement,109641.81,0.81,0.66
FLC-2023-1884,Region A,2024,Civil,Settlement,True,619309.59,3.1,4.1,6.4,7.2,9.3,7.9,6.8,3.1,0,2.7,6.2,0.5,3,4,4,187.5,True,3,5.1,965406,5.1,6.6,Art. 45 Civil Code,Breach of Contract,146272.83,Review charges -> Evaluate evidence -> Determine verdict,332338.5,0.54,0.9
FLC-2024-1885,Region C,2017,International Treaty,Loss,True,602297.66,0.8,8.3,9.2,8.4,8.3,6.3,8.0,0.8,4,1.1,5.9,4.2,8,0,3,142.7,True,2,5.4,301675,5.1,9.7,Art. 97,Cross-Border Dispute,472110.0,Analyze treaty -> Evaluate cross-border compliance -> Recommend settlement,602297.66,1.0,0.65
FLC-2025-1886,Region B,2021,Criminal,Win,True,217155.84,2.5,4.1,7.6,6.3,4.8,9.3,6.6,2.5,0,1.7,8.5,4.1,8,4,0,145.5,True,0,8.2,629726,6.9,6.0,Art. 12 Penal Code,Fraud,30632.13,Assess plaintiff claims -> Review evidence -> Determine outcome,148653.47,0.68,0.87
FLC-2023-1887,Region D,2018,Criminal,Loss,False,520243.13,5.8,4.0,5.7,9.4,6.3,9.9,9.4,5.8,2,4.4,9.0,5.3,3,2,3,123.4,True,8,6.7,121891,7.9,8.8,Art. 12 Penal Code,Fraud,24299.26,Assess plaintiff claims -> Review evidence -> Determine outcome,256847.57,0.49,0.62
FLC-2024-1888,Region D,2022,Commercial,Settlement,False,620275.83,3.9,6.6,7.0,8.1,9.6,6.7,7.9,3.9,1,2.3,5.4,9.9,7,1,1,48.1,False,0,6.4,279733,6.6,6.8,Art. 25 CISG,Cross-Border Dispute,162339.64,Check applicable law -> Compute damages -> Advise resolution,373251.26,0.6,0.37
FLC-2025-1889,Region B,2022,Administrative,Settlement,True,306289.86,3.0,10.0,5.9,8.8,7.3,7.2,9.8,3.0,3,1.4,5.8,7.1,2,1,4,60.9,True,8,5.8,289768,6.6,6.4,Art. 5 Admin Law,Regulatory Violation,223209.8,Assess plaintiff claims -> Review evidence -> Determine outcome,189269.27,0.62,0.94
FLC-2023-1890,Region E,2017,Commercial,Settlement,False,370955.16,4.6,5.1,7.4,5.7,9.1,8.7,7.8,4.6,0,2.5,8.4,8.9,2,0,2,36.0,False,8,7.2,496709,7.7,6.8,Art. 25 CISG,Cross-Border Dispute,49508.9,Check jurisdiction -> Assess contract clauses -> Compute liability,209058.54,0.56,0.49
FLC-2024-1891,Region D,2022,Criminal,Loss,False,1295322.86,3.9,8.1,5.1,5.1,6.3,7.3,6.4,3.9,0,3.3,8.6,6.5,1,2,0,108.3,False,9,6.2,996760,7.5,9.5,Art. 12 Penal Code,Fraud,139601.46,Check applicable law -> Compute damages -> Advise resolution,576534.72,0.45,0.52
FLC-2025-1892,Region A,2018,Commercial,Loss,False,136949.35,3.6,8.0,5.4,6.5,5.6,7.1,7.4,3.6,2,3.4,6.1,7.6,1,3,3,74.0,False,0,8.4,2699,8.8,6.3,Art. 25 CISG,Cross-Border Dispute,131947.66,Review charges -> Evaluate evidence -> Determine verdict,79927.04,0.58,0.51
FLC-2023-1893,Region A,2023,Criminal,Settlement,False,53840.89,3.7,7.2,9.9,8.7,7.9,7.2,7.6,3.7,1,2.8,5.1,3.0,7,0,3,103.5,False,0,9.8,722774,9.9,6.8,Art. 12 Penal Code,Fraud,48849.31,Assess plaintiff claims -> Review evidence -> Determine outcome,29656.21,0.55,0.85
FLC-2024-1894,Region D,2016,Civil,Dismissed,False,900574.25,6.4,6.3,9.0,8.3,7.4,9.1,5.1,6.4,3,4.9,7.1,8.9,1,3,0,108.5,False,4,7.3,371938,9.6,8.1,Art. 45 Civil Code,Breach of Contract,82859.5,Review charges -> Evaluate evidence -> Determine verdict,234947.27,0.26,0.86
FLC-2025-1895,Region A,2024,International Treaty,Settlement,False,182534.68,2.8,5.5,10.0,9.5,6.8,8.2,7.2,2.8,1,3.5,9.8,8.2,2,1,1,50.7,True,6,6.8,869800,8.6,6.3,Art. 97,Cross-Border Dispute,54481.9,Check applicable law -> Compute damages -> Advise resolution,104329.96,0.57,0.44
FLC-2023-1896,Region C,2017,Commercial,Win,False,277933.74,6.3,5.9,8.9,5.6,8.6,7.7,6.4,6.3,0,5.0,8.4,0.5,6,1,0,87.7,True,4,5.7,367914,5.7,7.5,Art. 25 CISG,Cross-Border Dispute,10984.28,Analyze treaty -> Evaluate cross-border compliance -> Recommend settlement,78111.3,0.28,0.47
FLC-2024-1897,Region B,2019,Criminal,Settlement,False,170351.36,4.7,8.9,5.4,7.9,7.9,4.5,6.1,4.7,0,4.3,9.4,8.5,1,1,2,157.0,False,7,7.9,259286,7.5,8.0,Art. 12 Penal Code,Fraud,27298.01,Assess plaintiff claims -> Review evidence -> Determine outcome,71408.32,0.42,0.7
FLC-2025-1898,Region C,2024,Civil,Win,False,199801.97,7.2,5.9,9.8,9.4,4.0,7.9,7.8,7.2,2,6.0,6.2,5.6,3,0,2,146.2,True,0,8.8,206135,8.6,7.2,Art. 45 Civil Code,Breach of Contract,64807.21,Check jurisdiction -> Assess contract clauses -> Compute liability,52853.4,0.26,0.7
FLC-2023-1899,Region E,2020,International Treaty,Win,False,686915.33,6.3,8.8,8.9,8.8,7.0,9.7,9.2,6.3,3,5.6,5.4,9.3,2,1,3,20.2,True,2,9.6,505332,6.6,9.9,Art. 97,Cross-Border Dispute,92772.87,Analyze treaty -> Evaluate cross-border compliance -> Recommend settlement,313679.41,0.46,0.5
FLC-2024-1900,Region B,2018,Commercial,Settlement,True,102341.0,5.7,6.2,7.4,7.3,4.8,7.7,6.7,5.7,1,5.8,9.6,2.7,3,1,3,114.9,True,7,5.5,649097,9.0,8.9,Art. 25 CISG,Cross-Border Dispute,152476.52,Review charges -> Evaluate evidence -> Determine verdict,52878.48,0.52,0.93
FLC-2025-1901,Region D,2020,Commercial,Settlement,True,87640.96,3.9,7.4,7.2,5.7,9.6,4.1,5.9,3.9,2,3.2,8.3,7.9,8,4,4,145.1,False,5,7.1,374140,5.5,9.6,Art. 25 CISG,Cross-Border Dispute,101046.33,Review charges -> Evaluate evidence -> Determine verdict,52836.05,0.6,0.79
FLC-2023-1902,Region A,2021,Commercial,Loss,True,436070.68,2.5,5.4,5.2,8.1,3.5,4.7,5.4,2.5,3,3.1,5.2,2.7,9,3,2,129.5,False,9,5.6,595865,7.4,9.1,Art. 25 CISG,Cross-Border Dispute,201592.58,Analyze treaty -> Evaluate cross-border compliance -> Recommend settlement,334971.63,0.77,0.79
FLC-2024-1903,Region A,2018,Civil,Dismissed,False,289505.8,9.5,5.1,9.1,6.0,6.2,5.1,5.1,9.5,1,7.6,8.9,4.7,2,3,2,130.6,True,2,7.3,463093,7.2,7.7,Art. 45 Civil Code,Breach of Contract,22571.53,Check applicable law -> Compute damages -> Advise resolution,27411.45,0.09,0.77
FLC-2025-1904,Region D,2020,Criminal,Loss,False,840808.6,4.2,4.3,7.8,5.2,9.2,8.1,6.3,4.2,4,2.9,9.5,3.9,1,0,2,142.1,True,3,7.5,913513,7.3,5.8,Art. 12 Penal Code,Fraud,166965.22,Review charges -> Evaluate evidence -> Determine verdict,463004.67,0.55,0.45
FLC-2023-1905,Region E,2019,Civil,Win,False,171715.56,10.0,8.4,7.9,5.6,7.8,4.1,9.0,10.0,3,6.8,8.2,0.1,8,0,2,159.3,True,7,9.1,614444,5.7,8.7,Art. 45 Civil Code,Breach of Contract,25048.53,Check jurisdiction -> Assess contract clauses -> Compute liability,8980.28,0.05,0.82
FLC-2024-1906,Region D,2018,Administrative,Settlement,False,1252404.09,4.8,7.8,7.1,6.5,5.2,8.4,8.6,4.8,2,2.5,9.0,4.0,1,2,1,38.3,True,0,7.2,914587,9.9,9.4,Art. 5 Admin Law,Regulatory Violation,165080.88,Analyze treaty -> Evaluate cross-border compliance -> Recommend settlement,439261.24,0.35,0.46
FLC-2025-1907,Region A,2016,International Treaty,Loss,True,2301753.35,4.9,9.8,9.9,9.1,7.1,7.3,6.6,4.9,4,4.1,5.8,0.1,5,1,0,83.2,True,2,7.0,851749,8.0,7.0,Art. 97,Cross-Border Dispute,169906.88,Assess plaintiff claims -> Review evidence -> Determine outcome,1581037.02,0.69,0.65
FLC-2023-1908,Region C,2019,Civil,Win,False,189314.15,8.0,7.4,6.1,8.2,8.4,6.8,8.7,8.0,0,6.4,9.9,2.4,6,0,3,20.4,False,8,6.8,874102,8.9,7.0,Art. 45 Civil Code,Breach of Contract,91146.44,Assess plaintiff claims -> Review evidence -> Determine outcome,43557.41,0.23,0.63
FLC-2024-1909,Region E,2019,Commercial,Settlement,False,1379877.17,5.6,6.6,5.6,5.6,7.5,9.3,7.1,5.6,1,2.8,8.6,1.2,7,1,3,78.7,False,1,5.0,243218,5.6,9.7,Art. 25 CISG,Cross-Border Dispute,119353.81,Check jurisdiction -> Assess contract clauses -> Compute liability,633673.35,0.46,0.48
FLC-2025-1910,Region C,2020,International Treaty,Loss,True,263034.56,0.0,5.9,7.3,9.4,4.0,8.5,6.6,0.0,0,1.7,5.6,2.8,7,4,1,59.4,False,6,6.0,599528,9.5,6.0,Art. 97,Cross-Border Dispute,259650.0,Check applicable law -> Compute damages -> Advise resolution,263034.56,1.0,0.75
FLC-2023-1911,Region A,2023,Civil,Win,False,404467.34,7.5,7.1,9.1,5.1,9.0,4.5,9.6,7.5,2,5.9,9.6,4.4,7,3,1,73.9,True,0,7.7,903467,7.4,9.9,Art. 45 Civil Code,Breach of Contract,32633.3,Review charges -> Evaluate evidence -> Determine verdict,111433.73,0.28,0.65
FLC-2024-1912,Region A,2016,Civil,Settlement,True,277588.42,4.9,9.7,8.1,8.5,5.8,7.4,7.7,4.9,4,3.8,9.2,3.6,9,4,2,42.4,False,0,9.9,314777,9.7,6.9,Art. 45 Civil Code,Breach of Contract,228589.36,Analyze treaty -> Evaluate cross-border compliance -> Recommend settlement,140193.67,0.51,1.0
FLC-2025-1913,Region A,2023,Administrative,Settlement,True,302921.29,4.6,7.2,8.5,8.4,6.7,5.4,6.1,4.6,4,4.5,5.6,9.2,5,1,3,163.7,True,5,8.4,594786,5.8,6.7,Art. 5 Admin Law,Regulatory Violation,204543.56,Analyze treaty -> Evaluate cross-border compliance -> Recommend settlement,162779.63,0.54,0.96
FLC-2023-1914,Region C,2018,Commercial,Settlement,True,718898.31,3.9,5.3,9.8,6.7,4.9,6.5,6.5,3.9,0,5.4,6.0,6.4,8,1,1,38.0,True,6,7.5,947134,8.8,8.3,Art. 25 CISG,Cross-Border Dispute,46374.35,Check jurisdiction -> Assess contract clauses -> Compute liability,564178.6,0.78,0.68
FLC-2024-1915,Region C,2023,Civil,Dismissed,False,727151.52,8.7,6.5,6.5,8.4,8.6,4.3,6.9,8.7,2,8.2,8.9,0.9,2,0,4,132.4,False,1,7.8,992563,7.7,5.1,Art. 45 Civil Code,Breach of Contract,59551.53,Check jurisdiction -> Assess contract clauses -> Compute liability,119730.98,0.16,0.73
FLC-2025-1916,Region B,2015,International Treaty,Loss,False,422419.51,1.3,4.6,7.4,6.0,6.2,6.1,9.0,1.3,4,0.0,9.9,7.5,6,1,0,84.3,True,0,8.1,604907,7.8,7.1,Art. 97,Cross-Border Dispute,206987.6,Assess plaintiff claims -> Review evidence -> Determine outcome,284902.1,0.67,0.42
FLC-2023-1917,Region C,2019,Administrative,Settlement,True,149616.97,3.6,7.7,7.8,6.1,7.7,4.3,6.0,3.6,0,1.4,7.9,2.5,6,2,2,32.6,True,7,9.5,737196,7.1,5.4,Art. 5 Admin Law,Regulatory Violation,227322.56,Analyze treaty -> Evaluate cross-border compliance -> Recommend settlement,85929.03,0.57,0.93
FLC-2024-1918,Region A,2024,International Treaty,Settlement,False,126125.1,3.7,8.5,7.5,7.8,8.3,8.7,5.7,3.7,0,3.2,8.2,0.8,3,0,2,47.7,True,4,6.4,584969,8.9,5.1,Art. 97,Cross-Border Dispute,181266.52,Check applicable law -> Compute damages -> Advise resolution,75210.24,0.6,0.41
FLC-2025-1919,Region C,2017,Administrative,Win,False,88055.4,9.2,4.6,9.3,5.3,9.0,8.9,5.5,9.2,1,7.3,9.8,6.6,9,1,0,28.7,False,0,8.8,522278,6.6,9.9,Art. 5 Admin Law,Regulatory Violation,15166.59,Assess plaintiff claims -> Review evidence -> Determine outcome,11185.09,0.13,0.62
FLC-2023-1920,Region A,2016,Civil,Dismissed,False,104838.08,9.6,4.1,8.0,6.3,8.0,6.8,8.0,9.6,2,7.1,6.7,9.2,6,4,0,137.8,False,0,5.9,232012,9.5,9.0,Art. 45 Civil Code,Breach of Contract,38210.71,Assess plaintiff claims -> Review evidence -> Determine outcome,13633.89,0.13,0.72
FLC-2024-1921,Region A,2022,Criminal,Loss,True,2155794.95,0.7,6.8,8.4,5.5,4.8,8.8,8.4,0.7,3,0.0,9.9,0.5,1,0,0,198.2,False,0,6.3,690336,9.7,9.2,Art. 12 Penal Code,Fraud,31266.67,Check jurisdiction -> Assess contract clauses -> Compute liability,2067814.06,0.96,0.8
FLC-2025-1922,Region D,2016,Criminal,Loss,True,234042.99,3.8,8.5,9.1,6.8,4.2,7.0,7.3,3.8,4,3.1,9.9,5.3,1,1,4,160.0,False,1,9.1,370150,8.6,9.1,Art. 12 Penal Code,Fraud,90414.02,Analyze treaty -> Evaluate cross-border compliance -> Recommend settlement,212624.02,0.91,0.77
FLC-2023-1923,Region B,2021,Administrative,Loss,True,550925.13,5.2,7.8,5.2,7.8,7.3,7.5,8.5,5.2,4,5.7,8.7,0.9,8,2,1,132.2,False,3,5.4,21257,6.3,9.8,Art. 5 Admin Law,Regulatory Violation,209470.72,Assess plaintiff claims -> Review evidence -> Determine outcome,288713.14,0.52,0.73
FLC-2024-1924,Region E,2019,Commercial,Settlement,False,310105.34,6.2,4.2,7.0,8.2,7.9,7.0,7.6,6.2,4,5.0,10.0,8.9,2,2,4,73.7,True,9,7.5,76209,8.8,5.9,Art. 25 CISG,Cross-Border Dispute,186015.78,Analyze treaty -> Evaluate cross-border compliance -> Recommend settlement,120109.95,0.39,0.62
FLC-2025-1925,Region D,2018,Criminal,Loss,True,2948976.54,3.4,8.7,6.0,7.2,6.4,9.6,6.5,3.4,4,4.1,6.7,2.2,2,2,3,195.7,False,9,5.1,781190,6.4,5.0,Art. 12 Penal Code,Fraud,364675.44,Assess plaintiff claims -> Review evidence -> Determine outcome,2358339.52,0.8,0.7
FLC-2023-1926,Region B,2021,International Treaty,Settlement,True,479886.48,1.1,7.6,5.9,6.4,3.3,7.9,8.4,1.1,3,0.0,7.5,1.8,6,1,0,94.3,True,4,8.5,154758,9.5,8.8,Art. 97,Cross-Border Dispute,122059.01,Check applicable law -> Compute damages -> Advise resolution,399370.46,0.83,0.51
FLC-2024-1927,Region E,2020,Administrative,Loss,True,554938.38,3.6,5.5,5.7,7.4,6.6,9.0,5.7,3.6,4,5.1,6.5,9.4,2,0,0,36.4,True,0,5.5,29832,7.0,8.4,Art. 5 Admin Law,Regulatory Violation,38296.23,Assess plaintiff claims -> Review evidence -> Determine outcome,271688.9,0.49,0.84
FLC-2025-1928,Region B,2017,Administrative,Settlement,True,495371.3,4.5,5.5,10.0,6.6,7.7,9.1,5.9,4.5,0,3.6,7.7,7.3,7,1,0,44.5,True,1,6.1,848758,8.1,9.1,Art. 5 Admin Law,Regulatory Violation,252484.6,Check jurisdiction -> Assess contract clauses -> Compute liability,266247.78,0.54,0.73
FLC-2023-1929,Region A,2015,Administrative,Win,True,2624034.93,6.4,5.2,5.5,6.7,6.8,5.0,6.0,6.4,3,4.1,6.8,4.0,1,3,0,145.3,False,2,9.2,28908,9.0,9.1,Art. 5 Admin Law,Regulatory Violation,131112.52,Assess plaintiff claims -> Review evidence -> Determine outcome,988580.57,0.38,0.81
FLC-2024-1930,Region C,2016,International Treaty,Settlement,False,1413067.45,4.8,8.7,7.9,9.9,6.1,9.1,9.1,4.8,0,3.4,9.0,5.3,7,3,0,170.5,True,4,8.4,9622,7.5,7.4,Art. 97,Cross-Border Dispute,279404.07,Assess plaintiff claims -> Review evidence -> Determine outcome,810750.39,0.57,0.28
FLC-2025-1931,Region D,2020,International Treaty,Loss,True,1784643.87,0.0,7.5,9.3,8.3,8.2,5.9,7.1,0.0,3,1.4,5.7,7.8,6,4,1,166.3,True,2,10.0,860972,9.4,9.9,Art. 97,Cross-Border Dispute,79176.56,Assess plaintiff claims -> Review evidence -> Determine outcome,1766981.28,0.99,0.47
FLC-2023-1932,Region C,2016,Administrative,Win,False,340047.43,9.2,8.6,8.2,7.5,3.2,8.2,5.4,9.2,0,6.4,6.3,9.2,4,3,0,74.1,True,2,7.4,690727,8.7,5.3,Art. 5 Admin Law,Regulatory Violation,16981.69,Review charges -> Evaluate evidence -> Determine verdict,24848.76,0.07,0.64
FLC-2024-1933,Region A,2016,Commercial,Settlement,False,348563.36,5.6,8.0,5.8,6.0,5.3,8.5,5.2,5.6,0,4.3,7.3,4.1,7,3,3,194.5,False,0,7.1,983368,7.2,8.3,Art. 25 CISG,Cross-Border Dispute,150236.76,Check jurisdiction -> Assess contract clauses -> Compute liability,136096.38,0.39,0.41
FLC-2025-1934,Region B,2022,Administrative,Loss,True,560260.09,3.6,7.9,6.9,6.1,6.6,8.9,7.9,3.6,1,1.0,5.1,10.0,5,4,3,80.3,False,2,5.5,667512,8.8,6.7,Art. 5 Admin Law,Regulatory Violation,66731.21,Assess plaintiff claims -> Review evidence -> Determine outcome,399380.78,0.71,0.73
FLC-2023-1935,Region E,2019,International Treaty,Loss,False,2568299.44,2.7,5.6,8.3,9.2,7.0,9.2,5.1,2.7,4,2.9,8.1,3.2,3,2,2,69.7,False,3,5.3,13409,6.0,9.3,Art. 97,Cross-Border Dispute,195585.62,Review charges -> Evaluate evidence -> Determine verdict,1840649.45,0.72,0.27
FLC-2024-1936,Region B,2015,Administrative,Loss,True,93020.89,6.9,9.3,8.1,5.3,8.6,4.4,5.5,6.9,0,5.5,8.7,7.4,4,1,4,174.7,True,5,10.0,109090,7.4,5.2,Art. 5 Admin Law,Regulatory Violation,38169.1,Check jurisdiction -> Assess contract clauses -> Compute liability,30575.54,0.33,0.75
FLC-2025-1937,Region E,2018,Civil,Loss,True,149627.98,8.1,6.8,9.8,8.6,9.8,9.6,8.1,8.1,0,7.9,8.8,7.0,8,4,0,130.4,False,9,7.2,2497,5.2,9.3,Art. 45 Civil Code,Breach of Contract,44732.09,Check jurisdiction -> Assess contract clauses -> Compute liability,53043.8,0.35,0.96
FLC-2023-1938,Region B,2016,Civil,Loss,True,576223.72,3.5,9.1,9.5,8.1,9.8,8.4,7.6,3.5,0,3.7,5.8,4.6,6,0,2,62.6,False,6,5.9,597557,8.0,8.2,Art. 45 Civil Code,Breach of Contract,124442.42,Assess plaintiff claims -> Review evidence -> Determine outcome,347294.92,0.6,0.79
FLC-2024-1939,Region C,2018,Administrative,Win,True,153327.5,4.0,4.1,6.2,7.4,4.2,7.6,5.6,4.0,2,2.4,6.9,5.3,4,4,2,137.8,False,3,8.5,178539,6.6,8.3,Art. 5 Admin Law,Regulatory Violation,54622.7,Analyze treaty -> Evaluate cross-border compliance -> Recommend settlement,76943.65,0.5,0.85
FLC-2025-1940,Region C,2021,Criminal,Settlement,True,406221.71,1.6,8.9,6.5,6.3,9.8,9.7,9.4,1.6,2,1.8,5.7,1.7,4,4,4,63.3,False,9,8.6,821169,8.0,9.4,Art. 12 Penal Code,Fraud,297580.18,Assess plaintiff claims -> Review evidence -> Determine outcome,313360.54,0.77,0.72
FLC-2023-1941,Region E,2017,Civil,Loss,True,205670.57,3.2,9.3,8.4,8.3,7.1,8.6,7.1,3.2,4,1.2,7.7,7.5,8,2,0,56.4,False,0,5.8,664326,6.9,7.3,Art. 45 Civil Code,Breach of Contract,284638.29,Analyze treaty -> Evaluate cross-border compliance -> Recommend settlement,150688.09,0.73,1.0
FLC-2024-1942,Region C,2017,Commercial,Settlement,True,355728.54,3.4,5.4,5.6,7.4,6.4,6.7,8.9,3.4,2,3.6,7.4,1.6,4,1,3,142.7,True,8,7.3,598755,10.0,9.4,Art. 25 CISG,Cross-Border Dispute,56500.49,Analyze treaty -> Evaluate cross-border compliance -> Recommend settlement,227439.61,0.64,0.71
FLC-2025-1943,Region B,2017,Criminal,Settlement,False,905936.48,5.0,9.6,9.0,6.1,5.3,9.5,7.7,5.0,2,4.1,9.8,7.8,8,0,3,167.7,True,3,5.6,319539,9.4,5.1,Art. 12 Penal Code,Fraud,137537.62,Check applicable law -> Compute damages -> Advise resolution,355805.82,0.39,0.71
FLC-2023-1944,Region A,2021,Administrative,Loss,False,699794.33,5.6,8.7,9.1,8.1,8.0,5.0,6.9,5.6,2,4.2,5.1,2.7,4,2,3,54.3,True,9,5.8,460753,6.1,5.4,Art. 5 Admin Law,Regulatory Violation,47169.2,Assess plaintiff claims -> Review evidence -> Determine outcome,236920.69,0.34,0.42
FLC-2024-1945,Region E,2018,Civil,Settlement,True,502762.16,4.7,8.7,7.4,9.9,7.4,7.8,5.7,4.7,0,3.7,7.4,4.8,5,0,4,141.2,False,0,10.0,518682,8.4,5.0,Art. 45 Civil Code,Breach of Contract,103435.44,Check jurisdiction -> Assess contract clauses -> Compute liability,208494.9,0.41,0.7
FLC-2025-1946,Region B,2022,International Treaty,Loss,True,638754.06,0.0,6.9,8.5,10.0,4.1,6.1,6.8,0.0,4,0.0,9.4,1.8,5,1,0,72.9,False,9,8.3,702713,7.2,5.6,Art. 97,Cross-Border Dispute,51186.07,Check applicable law -> Compute damages -> Advise resolution,560340.53,0.88,0.56
FLC-2023-1947,Region C,2022,Civil,Win,True,462825.03,6.8,4.1,8.0,7.7,8.3,8.4,8.1,6.8,1,8.1,7.1,2.7,5,1,3,106.3,True,7,7.3,899895,6.8,9.2,Art. 45 Civil Code,Breach of Contract,113728.61,Review charges -> Evaluate evidence -> Determine verdict,190441.28,0.41,1.0
FLC-2024-1948,Region A,2016,International Treaty,Settlement,True,1435668.05,3.2,4.9,6.3,6.5,5.1,6.0,8.5,3.2,4,3.9,9.2,0.1,3,0,4,138.3,True,7,7.6,794774,6.3,7.6,Art. 97,Cross-Border Dispute,130668.77,Analyze treaty -> Evaluate cross-border compliance -> Recommend settlement,1167381.11,0.81,0.52
FLC-2025-1949,Region C,2024,Commercial,Win,False,65715.65,6.6,8.8,7.3,5.3,9.4,6.2,8.3,6.6,1,5.9,5.3,0.0,8,2,0,97.0,False,1,5.7,532600,6.4,6.9,Art. 25 CISG,Cross-Border Dispute,117526.8,Check applicable law -> Compute damages -> Advise resolution,22141.55,0.34,0.45
FLC-2023-1950,Region D,2016,Administrative,Win,False,142545.31,8.6,4.1,9.4,6.7,7.9,8.7,6.4,8.6,3,7.1,9.8,1.1,1,1,3,198.6,True,6,8.8,673088,8.2,7.2,Art. 5 Admin Law,Regulatory Violation,88153.1,Assess plaintiff claims -> Review evidence -> Determine outcome,28888.32,0.2,0.9
FLC-2024-1951,Region E,2016,Commercial,Settlement,False,254462.96,6.4,6.7,6.0,5.9,4.9,4.1,7.9,6.4,0,3.6,6.2,1.3,9,1,2,98.9,False,7,6.3,910950,8.1,7.1,Art. 25 CISG,Cross-Border Dispute,21596.44,Assess plaintiff claims -> Review evidence -> Determine outcome,91410.28,0.36,0.59
FLC-2025-1952,Region D,2024,Commercial,Loss,True,610907.99,4.0,4.3,5.4,7.8,6.6,6.8,7.6,4.0,1,1.5,8.8,3.1,1,0,3,62.8,True,6,6.9,424496,5.1,6.6,Art. 25 CISG,Cross-Border Dispute,199203.78,Analyze treaty -> Evaluate cross-border compliance -> Recommend settlement,351012.06,0.57,0.69
FLC-2023-1953,Region A,2016,Criminal,Settlement,False,207261.68,5.5,5.2,6.7,9.9,6.7,8.2,8.4,5.5,2,3.4,7.8,5.9,6,2,1,156.4,True,6,5.8,328360,7.1,5.6,Art. 12 Penal Code,Fraud,142534.37,Check applicable law -> Compute damages -> Advise resolution,97234.92,0.47,0.64
FLC-2024-1954,Region A,2023,Administrative,Win,False,699941.23,10.0,5.7,10.0,7.0,8.5,5.3,6.2,10.0,1,9.7,6.0,9.1,9,1,3,143.5,True,0,8.5,762637,9.1,5.8,Art. 5 Admin Law,Regulatory Violation,44996.77,Analyze treaty -> Evaluate cross-border compliance -> Recommend settlement,65115.02,0.09,0.47
FLC-2025-1955,Region E,2015,Administrative,Loss,True,371415.22,3.3,5.7,7.4,6.2,10.0,4.3,7.3,3.3,1,2.5,7.3,5.2,7,1,0,68.0,False,6,7.9,945010,7.0,5.8,Art. 5 Admin Law,Regulatory Violation,298516.47,Assess plaintiff claims -> Review evidence -> Determine outcome,240859.83,0.65,0.82
FLC-2023-1956,Region C,2020,International Treaty,Settlement,True,170728.37,1.4,9.9,8.7,8.6,4.9,7.0,6.5,1.4,4,1.0,9.5,1.7,1,0,1,32.1,False,1,7.7,399787,8.1,7.6,Art. 97,Cross-Border Dispute,200273.92,Assess plaintiff claims -> Review evidence -> Determine outcome,165974.66,0.97,0.52
FLC-2024-1957,Region C,2016,International Treaty,Settlement,False,959809.49,6.8,7.7,9.5,9.6,8.8,8.6,9.4,6.8,2,5.7,6.8,9.7,4,3,0,177.0,True,2,6.8,609597,5.8,9.2,Art. 97,Cross-Border Dispute,11486.92,Assess plaintiff claims -> Review evidence -> Determine outcome,488968.16,0.51,0.27
FLC-2025-1958,Region A,2022,International Treaty,Settlement,False,1178812.1,2.3,4.4,7.8,9.7,8.8,8.1,9.3,2.3,0,2.2,7.2,0.7,5,4,3,127.9,False,0,9.4,795744,6.6,7.9,Art. 97,Cross-Border Dispute,291898.71,Review charges -> Evaluate evidence -> Determine verdict,823224.24,0.7,0.42
FLC-2023-1959,Region A,2019,Administrative,Win,False,727433.0,7.0,4.8,8.3,9.0,4.7,9.9,5.7,7.0,3,5.5,6.9,3.1,5,3,1,72.8,True,4,7.4,395806,6.4,8.8,Art. 5 Admin Law,Regulatory Violation,92880.56,Assess plaintiff claims -> Review evidence -> Determine outcome,257308.74,0.35,0.52
FLC-2024-1960,Region E,2016,Criminal,Loss,False,449359.4,4.0,6.8,7.2,5.1,8.0,5.2,5.5,4.0,1,2.5,6.7,5.1,9,1,4,193.6,False,6,7.9,39963,7.8,7.5,Art. 12 Penal Code,Fraud,180434.39,Analyze treaty -> Evaluate cross-border compliance -> Recommend settlement,247158.61,0.55,0.7
FLC-2025-1961,Region D,2024,International Treaty,Loss,True,59367.48,0.0,5.1,9.0,5.8,8.2,4.9,6.9,0.0,2,0.0,6.8,1.6,9,0,2,93.2,False,3,9.9,421631,5.5,5.7,Art. 97,Cross-Border Dispute,30868.68,Assess plaintiff claims -> Review evidence -> Determine outcome,52544.53,0.89,0.57
FLC-2023-1962,Region A,2016,Commercial,Loss,True,897926.26,2.8,9.0,5.1,8.6,5.8,4.0,6.4,2.8,4,1.6,9.7,8.6,7,0,0,32.3,True,1,8.8,770020,5.7,6.1,Art. 25 CISG,Cross-Border Dispute,108312.66,Check applicable law -> Compute damages -> Advise resolution,651060.9,0.73,0.75
FLC-2024-1963,Region D,2019,International Treaty,Loss,True,78679.8,0.0,4.3,6.7,5.3,5.1,9.0,6.8,0.0,1,1.3,5.4,1.8,3,4,2,171.5,False,4,7.4,427808,6.2,8.5,Art. 97,Cross-Border Dispute,3110.74,Check jurisdiction -> Assess contract clauses -> Compute liability,66726.41,0.85,0.45
FLC-2025-1964,Region A,2017,Administrative,Win,False,215160.41,8.0,9.1,5.5,8.1,7.7,6.4,9.6,8.0,4,5.4,9.6,3.3,3,0,2,187.2,False,9,9.0,904898,7.8,6.7,Art. 5 Admin Law,Regulatory Violation,6551.63,Check jurisdiction -> Assess contract clauses -> Compute liability,19256.49,0.09,0.39
FLC-2023-1965,Region E,2024,Commercial,Settlement,False,273248.66,6.5,9.0,7.0,5.4,6.4,7.3,8.1,6.5,0,5.2,8.7,7.2,5,3,0,130.4,True,6,8.9,308621,8.8,9.9,Art. 25 CISG,Cross-Border Dispute,18806.07,Review charges -> Evaluate evidence -> Determine verdict,111493.45,0.41,0.2
FLC-2024-1966,Region D,2018,Commercial,Loss,True,98752.37,0.6,8.5,8.2,8.9,9.2,5.6,6.6,0.6,3,1.9,8.0,5.0,3,4,2,96.5,True,5,5.5,850244,6.0,6.1,Art. 25 CISG,Cross-Border Dispute,135970.89,Analyze treaty -> Evaluate cross-border compliance -> Recommend settlement,87495.75,0.89,0.89
FLC-2025-1967,Region C,2015,Criminal,Settlement,True,623022.09,3.0,6.3,9.9,9.8,8.6,5.5,8.8,3.0,2,2.7,5.3,8.4,4,3,0,40.6,True,8,7.4,538295,6.0,8.0,Art. 12 Penal Code,Fraud,321799.38,Check applicable law -> Compute damages -> Advise resolution,470001.62,0.75,0.68
FLC-2023-1968,Region A,2018,Administrative,Win,False,109346.3,8.2,7.1,9.3,7.7,8.2,7.3,7.7,8.2,1,5.1,6.0,2.8,1,1,4,191.8,False,2,7.1,580559,9.6,8.0,Art. 5 Admin Law,Regulatory Violation,133151.77,Check applicable law -> Compute damages -> Advise resolution,30116.4,0.28,0.58
FLC-2024-1969,Region E,2019,Commercial,Settlement,False,798392.3,6.7,4.3,6.0,8.0,8.3,9.5,5.6,6.7,0,4.8,9.7,7.7,7,1,0,88.3,False,2,9.0,344465,8.0,5.3,Art. 25 CISG,Cross-Border Dispute,145712.28,Analyze treaty -> Evaluate cross-border compliance -> Recommend settlement,325914.66,0.41,0.5
FLC-2025-1970,Region C,2015,Commercial,Loss,True,242554.41,1.7,9.9,9.0,8.8,4.9,7.9,7.5,1.7,1,2.8,9.1,3.2,7,3,0,59.0,True,2,5.7,55181,5.4,9.0,Art. 25 CISG,Cross-Border Dispute,164968.57,Analyze treaty -> Evaluate cross-border compliance -> Recommend settlement,182489.18,0.75,0.75
FLC-2023-1971,Region C,2020,International Treaty,Settlement,True,324128.09,4.0,8.2,8.7,6.6,7.1,5.9,9.5,4.0,0,3.9,7.8,1.2,1,3,4,23.2,True,3,5.5,928076,6.3,7.8,Art. 97,Cross-Border Dispute,113034.34,Assess plaintiff claims -> Review evidence -> Determine outcome,233527.14,0.72,0.44
FLC-2024-1972,Region B,2020,International Treaty,Win,False,533043.64,5.6,6.0,8.6,6.5,5.7,6.2,9.4,5.6,4,3.9,6.9,8.9,6,3,3,95.2,False,5,10.0,72892,6.6,6.1,Art. 97,Cross-Border Dispute,218380.86,Review charges -> Evaluate evidence -> Determine verdict,283086.36,0.53,0.42
FLC-2025-1973,Region E,2015,Administrative,Settlement,True,1464054.96,3.6,7.0,5.0,7.4,4.4,4.6,7.7,3.6,3,2.5,7.3,5.0,9,4,2,146.7,False,3,6.6,439786,5.5,6.9,Art. 5 Admin Law,Regulatory Violation,244757.14,Analyze treaty -> Evaluate cross-border compliance -> Recommend settlement,981949.44,0.67,0.78
FLC-2023-1974,Region C,2018,Commercial,Win,False,451939.15,5.0,5.9,7.7,8.3,6.0,7.0,7.7,5.0,1,4.7,5.5,4.1,4,4,1,26.7,False,4,6.3,826571,6.2,8.8,Art. 25 CISG,Cross-Border Dispute,102923.62,Check applicable law -> Compute damages -> Advise resolution,189388.8,0.42,0.62
FLC-2024-1975,Region A,2017,Administrative,Loss,False,2551534.84,6.7,5.4,6.4,6.9,7.4,7.1,9.6,6.7,1,7.0,7.9,2.8,3,1,0,85.3,True,1,6.7,963395,6.2,5.7,Art. 5 Admin Law,Regulatory Violation,184315.41,Check applicable law -> Compute damages -> Advise resolution,1166942.55,0.46,0.49
FLC-2025-1976,Region E,2023,Administrative,Settlement,True,1404930.46,4.0,9.1,7.9,8.1,8.0,9.2,5.2,4.0,0,1.6,9.5,0.5,6,1,1,183.7,False,9,8.4,60850,6.7,10.0,Art. 5 Admin Law,Regulatory Violation,275688.44,Analyze treaty -> Evaluate cross-border compliance -> Recommend settlement,936873.28,0.67,0.95
FLC-2023-1977,Region E,2019,Criminal,Settlement,False,100252.36,4.6,6.0,8.6,8.8,6.5,4.8,6.4,4.6,4,3.2,8.7,1.7,8,0,1,37.6,False,5,8.0,66007,7.5,7.5,Art. 12 Penal Code,Fraud,13828.03,Analyze treaty -> Evaluate cross-border compliance -> Recommend settlement,47691.35,0.48,0.61
FLC-2024-1978,Region A,2023,Administrative,Settlement,True,2278503.47,4.5,7.1,6.6,6.8,5.4,9.5,6.1,4.5,4,5.7,7.3,0.6,5,1,2,109.7,False,6,9.6,994803,6.9,8.3,Art. 5 Admin Law,Regulatory Violation,297795.89,Check applicable law -> Compute damages -> Advise resolution,1598976.7,0.7,0.83
FLC-2025-1979,Region A,2015,International Treaty,Win,False,494659.76,5.2,6.9,5.1,5.4,4.6,8.8,8.3,5.2,1,4.1,8.5,2.5,9,1,3,75.6,True,0,7.1,74718,8.2,9.4,Art. 97,Cross-Border Dispute,68654.35,Check jurisdiction -> Assess contract clauses -> Compute liability,238070.67,0.48,0.48
FLC-2023-1980,Region A,2018,Civil,Win,False,725652.13,9.6,4.5,9.4,6.9,6.5,8.8,6.9,9.6,0,7.5,8.2,1.7,1,2,0,162.1,False,3,5.8,409649,8.3,8.9,Art. 45 Civil Code,Breach of Contract,44042.15,Review charges -> Evaluate evidence -> Determine verdict,107442.4,0.15,0.81
FLC-2024-1981,Region A,2023,Administrative,Loss,False,907502.72,5.9,8.0,6.8,8.5,6.2,4.7,9.0,5.9,2,3.1,7.0,6.7,5,1,4,101.8,True,4,6.4,119778,8.1,5.4,Art. 5 Admin Law,Regulatory Violation,149697.69,Check jurisdiction -> Assess contract clauses -> Compute liability,368333.75,0.41,0.51
FLC-2025-1982,Region D,2016,Criminal,Loss,True,915744.14,0.2,7.0,6.1,8.8,6.9,5.5,6.3,0.2,0,1.4,8.5,7.7,2,4,4,75.2,True,7,9.4,55985,7.9,5.6,Art. 12 Penal Code,Fraud,111215.01,Review charges -> Evaluate evidence -> Determine verdict,861621.24,0.94,0.98
FLC-2023-1983,Region A,2018,Criminal,Settlement,False,539274.46,4.7,7.0,6.5,7.8,9.8,8.0,9.8,4.7,2,5.5,6.3,5.0,1,4,1,70.0,False,7,9.2,698813,9.2,7.1,Art. 12 Penal Code,Fraud,154981.22,Assess plaintiff claims -> Review evidence -> Determine outcome,254825.51,0.47,0.72
FLC-2024-1984,Region A,2018,Criminal,Loss,True,436429.37,0.0,4.8,6.5,8.3,7.5,7.1,6.2,0.0,4,1.9,7.3,5.3,2,2,2,169.3,True,0,9.5,809077,7.1,8.4,Art. 12 Penal Code,Fraud,311401.14,Check jurisdiction -> Assess contract clauses -> Compute liability,427965.12,0.98,0.87
FLC-2025-1985,Region B,2024,Civil,Loss,True,584262.32,4.0,8.5,8.1,5.1,7.2,4.9,5.7,4.0,2,3.6,7.9,6.5,6,4,1,20.2,True,1,9.6,957382,8.0,9.8,Art. 45 Civil Code,Breach of Contract,132462.76,Analyze treaty -> Evaluate cross-border compliance -> Recommend settlement,310345.39,0.53,0.84
FLC-2023-1986,Region A,2024,Civil,Dismissed,False,93810.07,9.2,5.5,5.3,7.6,5.4,4.8,5.0,9.2,2,8.8,7.2,6.0,6,3,1,175.9,True,5,5.3,946456,6.9,9.3,Art. 45 Civil Code,Breach of Contract,8008.1,Check applicable law -> Compute damages -> Advise resolution,4747.3,0.05,0.61
FLC-2024-1987,Region B,2019,Administrative,Settlement,False,396037.76,7.9,5.5,7.7,6.4,8.7,6.1,8.3,7.9,3,6.2,5.8,4.6,6,2,2,191.9,False,6,6.0,61937,5.3,5.1,Art. 5 Admin Law,Regulatory Violation,161643.32,Analyze treaty -> Evaluate cross-border compliance -> Recommend settlement,148255.81,0.37,0.5
FLC-2025-1988,Region A,2019,International Treaty,Loss,False,442195.8,2.0,5.8,9.7,6.3,8.0,4.5,8.3,2.0,0,1.2,5.2,9.0,4,4,4,158.1,False,9,6.9,87084,5.0,5.4,Art. 97,Cross-Border Dispute,55672.25,Review charges -> Evaluate evidence -> Determine verdict,316936.41,0.72,0.26
FLC-2023-1989,Region B,2022,Civil,Loss,True,367585.47,5.4,9.6,7.5,7.6,3.5,9.4,6.2,5.4,0,6.0,5.4,6.6,5,3,3,110.6,True,6,5.1,72188,9.5,7.2,Art. 45 Civil Code,Breach of Contract,124205.38,Analyze treaty -> Evaluate cross-border compliance -> Recommend settlement,169611.13,0.46,0.83
FLC-2024-1990,Region D,2020,International Treaty,Loss,True,537341.89,0.0,7.8,8.1,8.8,4.3,8.2,9.4,0.0,3,0.0,6.1,8.7,2,0,1,63.0,False,5,9.2,684187,9.7,8.5,Art. 97,Cross-Border Dispute,151546.86,Check applicable law -> Compute damages -> Advise resolution,533095.54,0.99,0.67
FLC-2025-1991,Region C,2015,Civil,Settlement,False,82958.13,6.5,6.7,8.7,7.8,9.0,7.1,9.9,6.5,3,5.8,8.1,2.0,2,3,4,86.1,False,9,6.3,948615,9.8,7.3,Art. 45 Civil Code,Breach of Contract,64292.15,Assess plaintiff claims -> Review evidence -> Determine outcome,26237.36,0.32,0.53
FLC-2023-1992,Region D,2022,Civil,Win,False,567212.03,8.2,5.2,6.2,6.7,6.3,8.2,6.8,8.2,0,5.9,9.0,2.5,8,0,3,159.9,True,1,6.9,58179,8.4,6.1,Art. 45 Civil Code,Breach of Contract,2961.03,Check applicable law -> Compute damages -> Advise resolution,107222.24,0.19,0.52
FLC-2024-1993,Region E,2019,Commercial,Win,False,884308.35,3.2,9.5,5.4,9.0,5.9,5.1,5.6,3.2,4,2.2,7.0,9.8,2,4,0,95.8,False,9,8.3,564146,7.8,9.7,Art. 25 CISG,Cross-Border Dispute,4301.8,Check jurisdiction -> Assess contract clauses -> Compute liability,561327.94,0.63,0.55
FLC-2025-1994,Region E,2019,International Treaty,Settlement,False,792896.92,5.8,5.0,9.9,6.8,5.1,7.1,6.4,5.8,2,4.7,9.8,2.6,9,4,0,116.2,False,2,8.2,428923,8.5,8.1,Art. 97,Cross-Border Dispute,11631.56,Check jurisdiction -> Assess contract clauses -> Compute liability,394956.56,0.5,0.39
FLC-2023-1995,Region D,2023,Commercial,Win,True,311529.08,5.5,6.9,8.1,7.0,3.5,7.7,8.0,5.5,4,4.0,8.5,2.1,8,2,0,192.4,False,6,7.3,830866,9.9,9.7,Art. 25 CISG,Cross-Border Dispute,3082.36,Check applicable law -> Compute damages -> Advise resolution,166103.5,0.53,0.8
FLC-2024-1996,Region E,2016,Criminal,Loss,False,101323.9,3.6,6.0,9.7,6.8,9.4,9.1,7.6,3.6,3,3.0,7.3,1.6,3,4,1,20.6,True,5,7.8,28907,9.0,7.0,Art. 12 Penal Code,Fraud,123199.48,Review charges -> Evaluate evidence -> Determine verdict,67883.62,0.67,0.41
FLC-2025-1997,Region A,2023,International Treaty,Settlement,False,387963.81,3.3,4.3,7.3,7.6,7.0,6.8,9.3,3.3,0,2.3,7.5,1.9,6,2,4,161.4,True,4,5.7,842693,8.8,8.7,Art. 97,Cross-Border Dispute,190547.48,Review charges -> Evaluate evidence -> Determine verdict,214345.23,0.55,0.4
FLC-2023-1998,Region C,2016,Criminal,Win,False,377564.36,8.4,6.1,7.8,9.1,4.3,9.0,8.1,8.4,4,5.4,6.6,6.1,9,3,3,129.3,False,1,8.1,828698,8.6,7.6,Art. 12 Penal Code,Fraud,106828.33,Review charges -> Evaluate evidence -> Determine verdict,107283.92,0.28,0.48
FLC-2024-1999,Region D,2020,Criminal,Loss,False,890869.19,5.9,8.8,5.4,7.9,5.4,4.1,5.5,5.9,4,4.0,9.0,9.7,7,4,0,131.0,True,8,7.0,544057,7.2,9.3,Art. 12 Penal Code,Fraud,272167.19,Assess plaintiff claims -> Review evidence -> Determine outcome,503739.34,0.57,0.63
